id,split
1,train
2,train
3,train
4,test
5,train
6,train
7,val
8,val
9,train
10,train
11,train
12,train
13,train
14,train
15,train
16,train
17,train
18,val
19,train
20,train
21,train
22,train
23,train
25,train
27,train
28,train
30,train
31,train
32,train
33,val
34,val
35,val
37,train
39,train
40,val
41,test
42,train
43,train
44,train
45,train
46,train
47,val
48,train
49,train
50,val
51,train
53,val
54,train
55,train
56,train
57,train
58,train
59,test
60,train
63,val
64,train
65,train
66,test
68,train
69,test
71,train
72,train
73,train
74,train
75,train
76,train
77,train
78,train
79,train
80,val
81,train
82,train
83,test
84,train
85,train
86,val
87,train
88,train
89,train
90,train
91,train
92,train
93,train
94,test
95,train
96,train
97,train
98,train
100,val
102,train
103,train
104,val
105,train
107,train
108,train
110,train
111,val
112,val
113,train
114,train
115,test
116,train
117,val
118,val
119,test
120,train
121,train
122,train
123,train
124,train
125,train
126,train
127,train
128,train
129,train
130,train
131,val
132,train
133,train
134,train
135,val
136,train
137,test
138,train
139,test
140,train
141,train
142,train
143,test
144,train
145,train
146,train
147,train
148,train
149,val
150,test
151,train
152,train
153,train
154,train
155,val
156,train
157,train
158,train
159,train
160,val
161,train
163,val
164,test
165,train
167,train
168,val
169,train
170,train
171,train
172,train
173,train
174,train
175,train
176,train
177,train
178,train
179,train
181,train
182,train
183,train
185,train
186,train
187,test
188,val
189,train
190,train
191,train
192,train
193,train
194,train
195,test
196,train
197,train
198,train
199,train
200,val
201,train
202,train
203,train
204,train
205,train
206,train
207,train
208,test
209,train
210,train
211,train
212,train
213,train
215,test
216,train
217,train
218,test
219,train
220,train
221,val
222,test
223,train
224,train
225,train
226,train
227,train
228,train
229,train
230,test
231,train
232,test
233,train
234,train
235,train
236,train
237,train
238,train
239,test
240,test
241,train
242,train
243,val
244,val
245,train
246,val
247,train
248,train
249,val
250,train
251,train
252,test
253,test
254,train
255,train
257,train
258,train
259,train
260,train
261,train
262,test
263,train
264,train
265,test
267,val
268,train
269,test
270,train
271,test
272,train
273,train
274,test
275,val
276,train
277,train
279,train
280,train
282,train
283,test
284,train
285,val
286,train
287,val
288,train
289,test
290,test
291,test
292,train
293,train
294,train
295,train
296,train
297,train
298,train
299,test
300,val
301,train
302,train
303,train
304,test
305,train
306,val
307,train
308,train
309,test
310,train
311,train
313,train
314,train
315,train
316,train
317,test
318,val
319,train
322,train
323,train
324,train
325,train
326,train
328,train
329,train
330,val
331,train
332,train
333,train
335,train
336,train
337,train
338,train
339,test
340,train
341,train
342,train
343,test
344,test
345,test
346,train
347,test
348,test
349,train
350,train
352,train
353,train
354,train
355,val
356,test
357,train
358,train
359,test
360,test
361,train
362,train
363,train
364,train
366,train
367,train
368,val
369,test
370,train
371,train
372,train
373,train
374,train
375,test
376,train
377,train
378,test
379,test
380,val
381,train
382,train
383,test
384,train
385,test
386,train
387,val
388,train
389,train
391,train
393,train
394,train
395,val
396,test
397,train
398,train
399,train
400,train
401,train
402,train
403,test
404,train
405,test
406,train
407,train
409,train
410,test
411,train
413,train
414,train
415,train
416,train
417,train
418,test
419,train
420,test
421,val
422,train
423,test
424,train
425,train
426,train
427,train
428,train
429,train
430,train
432,train
433,train
434,train
435,test
436,test
437,train
438,train
439,train
440,test
442,train
443,train
444,train
445,train
446,train
447,train
448,test
449,test
450,test
451,test
452,train
453,train
454,train
455,val
457,train
458,train
459,train
461,train
462,train
464,train
465,train
466,val
467,val
468,train
469,train
470,train
471,val
472,train
473,test
474,val
475,train
477,test
478,train
479,train
480,train
481,train
482,test
483,test
484,train
485,train
486,train
487,train
488,train
489,train
490,train
491,val
492,train
494,train
495,test
496,val
497,train
498,train
499,train
500,train
501,val
502,val
503,train
505,val
506,train
508,train
509,val
510,train
511,train
512,train
513,val
514,train
515,train
516,test
517,train
518,train
519,train
520,train
521,test
522,train
523,val
524,train
525,test
526,train
527,test
528,train
529,test
530,val
531,val
532,test
533,train
534,val
536,train
537,train
538,train
539,val
540,train
542,train
543,train
544,train
546,train
547,train
548,train
550,test
551,train
552,train
553,val
554,train
555,test
556,train
558,val
559,train
560,train
561,train
562,val
563,train
564,train
565,val
567,val
568,train
569,train
570,test
571,train
572,train
573,train
574,test
575,train
576,train
577,train
578,train
579,train
580,train
581,train
582,train
583,train
584,train
585,test
586,train
587,train
588,train
589,train
590,test
591,train
594,val
595,train
596,train
597,train
599,val
600,train
601,train
602,train
603,train
604,val
606,train
607,train
608,test
609,train
610,train
612,train
613,test
614,train
615,train
616,train
617,train
618,train
619,train
620,train
621,train
622,val
623,train
624,train
625,train
626,train
627,train
628,train
630,train
632,train
633,train
634,train
635,train
636,train
638,val
639,val
640,val
642,train
643,val
647,val
648,train
649,train
650,train
651,val
652,train
653,val
654,test
655,train
656,train
657,train
658,train
659,train
661,train
662,train
663,train
664,train
666,train
667,train
668,train
669,train
670,train
671,test
672,train
673,train
674,test
675,train
676,test
677,train
678,train
679,train
680,test
681,train
682,train
683,train
684,train
685,train
686,val
687,train
688,test
689,train
690,train
691,val
692,train
693,train
695,test
696,train
697,test
698,train
699,train
700,train
701,train
702,test
703,train
704,train
705,train
706,test
707,train
708,train
710,test
711,train
713,test
714,train
715,train
716,test
717,test
718,train
719,train
720,val
721,train
723,test
724,train
725,test
726,train
727,train
728,train
729,test
730,val
731,val
732,train
733,train
734,train
735,train
736,train
738,train
739,test
740,train
741,train
742,train
743,val
744,train
745,train
746,train
747,train
748,val
749,test
750,train
752,train
753,train
754,train
755,train
756,train
757,test
759,train
760,val
761,train
762,train
763,val
764,train
765,test
766,train
767,train
768,train
769,train
770,train
771,train
772,test
773,val
774,test
775,train
776,train
777,train
778,test
779,train
780,train
781,train
783,val
785,train
786,val
787,val
789,train
790,train
791,test
792,train
793,train
795,val
796,test
797,train
798,train
800,val
802,train
804,val
805,train
807,train
808,train
809,test
811,test
813,train
814,train
815,train
816,test
817,train
818,train
819,train
820,test
821,test
822,val
823,test
824,train
825,val
826,train
827,train
828,test
829,test
830,train
832,test
833,train
834,train
836,train
837,test
838,train
839,train
840,train
841,test
842,train
843,train
844,train
845,train
846,train
847,train
848,train
849,train
850,train
851,train
852,train
853,train
854,train
855,test
856,train
857,train
859,train
860,train
861,train
862,train
863,train
864,train
865,test
866,val
867,train
868,train
869,train
870,train
871,train
872,train
874,train
875,train
877,train
878,train
879,train
880,train
881,train
882,train
883,val
884,train
885,train
886,train
887,train
889,val
890,train
892,train
894,train
895,train
896,train
897,train
898,train
899,val
901,train
902,train
904,train
905,train
906,train
907,test
908,test
909,train
910,test
911,train
914,train
915,train
916,train
917,test
919,train
920,test
921,val
922,test
923,train
924,train
925,train
927,train
928,val
929,train
930,val
931,val
932,train
933,train
934,train
935,val
936,train
937,train
938,test
939,train
940,test
941,train
942,train
943,test
944,train
945,val
946,val
947,train
948,train
949,train
951,train
955,train
956,train
957,train
958,val
959,train
960,train
961,train
963,val
964,train
965,train
966,train
967,train
969,train
970,train
971,train
972,train
973,train
974,train
975,test
977,train
978,train
979,train
980,train
982,train
984,train
985,val
986,train
987,test
991,train
994,train
995,test
996,train
997,val
998,train
999,train
1000,train
1001,val
1002,train
1003,train
1004,train
1005,train
1006,train
1007,test
1008,train
1009,train
1010,train
1011,train
1012,train
1013,test
1014,train
1016,val
1017,train
1018,test
1019,train
1020,val
1021,train
1022,train
1023,train
1024,val
1025,train
1026,test
1027,train
1028,train
1029,train
1031,val
1032,train
1033,test
1034,train
1035,train
1036,train
1037,train
1038,train
1039,train
1040,train
1042,val
1043,train
1044,train
1045,train
1046,train
1047,train
1048,val
1049,val
1050,train
1051,train
1054,train
1055,train
1057,train
1059,train
1060,train
1064,test
1065,train
1066,train
1067,val
1069,train
1070,train
1071,train
1072,test
1073,train
1074,val
1075,train
1076,train
1077,train
1078,train
1079,train
1080,train
1081,train
1082,test
1083,train
1084,train
1085,train
1086,train
1087,train
1088,test
1089,val
1090,train
1091,test
1092,val
1093,val
1094,test
1095,train
1096,train
1097,train
1098,train
1100,train
1101,val
1103,test
1105,train
1106,train
1107,train
1109,train
1111,train
1112,val
1113,train
1114,train
1115,val
1116,train
1117,train
1118,train
1119,val
1120,train
1121,train
1122,train
1125,train
1126,train
1127,train
1128,train
1129,train
1130,test
1131,test
1132,train
1133,val
1135,train
1136,train
1137,train
1138,train
1139,train
1141,train
1142,train
1144,train
1145,train
1146,val
1147,train
1148,train
1149,val
1150,train
1151,test
1152,val
1153,train
1154,train
1155,train
1156,train
1157,train
1158,train
1159,train
1160,val
1161,train
1163,train
1165,test
1166,train
1167,train
1168,test
1169,test
1171,train
1173,train
1174,train
1175,train
1176,train
1177,train
1178,test
1180,test
1181,train
1182,train
1183,train
1185,test
1186,train
1187,test
1189,train
1190,train
1191,train
1192,train
1193,test
1196,train
1200,test
1201,train
1202,train
1203,train
1204,train
1205,val
1206,test
1209,train
1210,train
1212,test
1213,train
1215,train
1216,train
1217,train
1218,test
1219,train
1220,test
1221,train
1222,val
1223,test
1224,train
1225,train
1226,train
1227,train
1228,train
1229,train
1230,train
1231,train
1233,val
1234,train
1236,val
1237,test
1238,train
1239,train
1240,train
1241,train
1242,train
1243,test
1244,train
1245,test
1246,val
1247,train
1248,train
1249,test
1250,train
1251,test
1252,train
1253,train
1254,train
1255,train
1257,test
1258,train
1259,train
1260,train
1261,train
1262,train
1263,val
1264,train
1265,train
1266,val
1267,train
1268,test
1269,val
1270,train
1271,train
1272,train
1273,test
1274,test
1275,train
1276,train
1278,train
1279,train
1280,train
1281,train
1282,val
1283,val
1284,train
1285,train
1286,train
1287,train
1288,train
1289,train
1290,train
1291,train
1292,test
1293,train
1294,test
1295,train
1296,val
1297,train
1298,train
1299,train
1301,train
1302,train
1303,train
1304,train
1305,train
1308,test
1309,train
1311,train
1312,test
1314,train
1315,train
1316,train
1317,train
1318,train
1319,test
1320,train
1321,train
1322,train
1324,train
1325,test
1326,train
1327,train
1329,train
1330,train
1332,test
1333,train
1335,train
1336,test
1337,train
1338,train
1339,train
1341,train
1342,train
1343,val
1344,train
1346,train
1347,val
1348,test
1349,train
1350,train
1351,train
1353,train
1354,train
1355,train
1357,val
1358,train
1359,train
1360,train
1361,train
1362,test
1363,val
1364,train
1365,test
1366,train
1367,test
1368,train
1369,test
1370,train
1371,train
1372,val
1373,train
1374,test
1375,train
1376,val
1377,val
1378,train
1379,train
1380,test
1381,val
1382,train
1383,val
1384,train
1385,train
1386,train
1387,train
1388,train
1389,train
1390,val
1391,train
1392,train
1394,train
1395,train
1396,train
1397,train
1398,train
1399,train
1400,val
1401,train
1402,train
1403,test
1404,train
1405,train
1406,train
1407,val
1408,test
1411,test
1412,train
1413,train
1416,train
1417,train
1418,train
1419,train
1420,train
1421,train
1424,train
1425,test
1426,train
1427,train
1428,test
1429,test
1430,train
1432,train
1433,train
1434,train
1435,train
1437,test
1438,train
1440,train
1441,val
1442,test
1443,train
1444,train
1445,test
1446,train
1447,val
1448,train
1450,train
1451,train
1452,train
1453,val
1454,train
1455,train
1456,train
1457,train
1458,train
1459,train
1460,val
1461,train
1462,val
1463,train
1464,val
1465,train
1466,train
1467,train
1468,test
1469,train
1470,val
1471,train
1472,train
1473,train
1474,train
1475,val
1476,val
1477,train
1478,val
1479,train
1480,train
1481,train
1482,train
1483,train
1484,train
1486,val
1488,test
1489,train
1491,train
1492,train
1493,test
1494,test
1495,train
1496,train
1497,train
1498,train
1499,train
1500,train
1501,train
1502,val
1503,train
1504,train
1505,train
1506,train
1507,train
1508,train
1509,val
1510,train
1511,train
1513,train
1514,test
1515,val
1516,train
1517,test
1519,train
1520,train
1521,val
1522,val
1523,test
1524,train
1525,train
1526,train
1527,train
1528,train
1529,val
1530,test
1531,val
1533,test
1534,train
1535,train
1536,train
1537,train
1538,train
1539,train
1540,test
1541,val
1542,train
1543,test
1545,val
1546,train
1547,train
1548,train
1550,train
1551,train
1552,val
1553,val
1556,train
1557,train
1558,train
1559,train
1560,train
1561,test
1563,train
1564,train
1565,val
1568,test
1569,train
1570,train
1571,train
1572,train
1573,val
1578,train
1579,train
1580,train
1581,train
1582,train
1583,val
1584,train
1585,train
1586,train
1587,train
1588,train
1589,val
1590,train
1591,train
1592,train
1593,train
1594,test
1595,train
1596,train
1597,train
1599,train
1600,val
1601,val
1602,train
1603,val
1604,test
1605,val
1606,train
1608,train
1611,train
1612,val
1614,train
1615,train
1616,val
1617,train
1618,train
1619,train
1620,train
1621,train
1622,test
1623,test
1624,val
1625,train
1626,train
1627,train
1628,train
1630,val
1631,val
1632,train
1634,train
1637,train
1640,val
1641,val
1643,train
1644,train
1645,test
1646,val
1647,train
1648,test
1649,train
1650,train
1651,test
1652,val
1653,val
1654,train
1655,train
1657,test
1658,train
1659,train
1660,train
1661,test
1662,train
1663,test
1664,val
1665,train
1666,train
1667,train
1669,train
1671,test
1672,train
1673,val
1674,train
1676,train
1677,test
1678,train
1679,train
1680,test
1681,test
1682,train
1683,train
1684,train
1685,train
1686,train
1687,train
1688,val
1689,train
1690,train
1691,train
1692,train
1694,train
1697,val
1700,test
1702,test
1703,train
1704,val
1706,test
1707,train
1708,train
1709,train
1710,train
1711,train
1713,train
1714,train
1715,test
1716,train
1718,train
1719,train
1721,train
1722,test
1724,val
1725,train
1726,train
1727,train
1728,test
1730,train
1731,train
1732,train
1733,train
1734,train
1736,test
1737,train
1738,train
1739,train
1740,train
1741,test
1742,test
1743,train
1744,train
1745,train
1747,train
1748,train
1749,val
1750,train
1751,test
1752,train
1753,test
1754,train
1755,train
1756,train
1757,train
1758,train
1759,train
1760,train
1761,test
1763,train
1765,train
1766,train
1767,train
1768,val
1769,train
1770,train
1771,val
1772,train
1773,train
1774,train
1775,val
1776,test
1778,val
1779,train
1780,train
1782,train
1783,train
1784,train
1785,train
1786,train
1787,train
1788,train
1789,train
1791,train
1792,train
1793,train
1794,train
1795,train
1796,train
1798,train
1799,test
1801,test
1802,test
1803,train
1804,val
1805,train
1807,train
1808,train
1809,train
1811,train
1812,train
1815,train
1816,train
1817,train
1818,train
1819,train
1820,test
1821,train
1822,test
1823,test
1824,train
1825,test
1826,train
1827,test
1828,train
1829,train
1830,train
1831,val
1832,train
1833,train
1834,train
1835,train
1837,val
1838,train
1839,train
1840,train
1841,train
1842,val
1843,train
1844,train
1845,train
1846,train
1847,train
1848,train
1849,test
1850,train
1851,train
1852,val
1853,val
1854,train
1855,train
1856,val
1857,train
1860,test
1862,test
1863,train
1864,test
1865,train
1867,val
1868,train
1869,test
1870,val
1871,train
1872,train
1873,train
1874,train
1875,val
1877,train
1878,train
1879,train
1881,train
1882,train
1883,train
1884,train
1887,test
1888,train
1889,train
1890,train
1891,train
1892,train
1893,train
1894,test
1895,val
1896,train
1897,train
1898,test
1900,train
1901,train
1902,train
1903,train
1904,test
1905,train
1906,test
1907,train
1909,val
1911,train
1912,train
1913,train
1914,train
1916,train
1917,train
1918,train
1919,train
1920,train
1921,train
1922,val
1923,train
1924,train
1925,train
1926,train
1927,train
1928,test
1929,val
1931,test
1932,train
1933,test
1935,train
1936,test
1937,train
1938,val
1939,train
1940,train
1941,train
1944,train
1945,train
1946,train
1947,val
1948,test
1949,train
1950,train
1951,train
1952,val
1953,train
1954,train
1955,train
1956,test
1957,train
1958,train
1959,test
1960,train
1961,train
1962,test
1963,train
1964,val
1965,train
1966,train
1968,train
1969,train
1971,train
1972,train
1974,test
1975,train
1976,train
1977,train
1978,train
1979,val
1980,test
1981,train
1983,train
1984,train
1985,train
1986,val
1987,test
1989,train
1990,test
1991,test
1992,train
1993,test
1994,train
1995,train
1996,train
1997,test
1998,train
1999,train
2000,test
2001,train
2002,train
2003,train
2004,train
2005,train
2006,train
2007,val
2009,test
2010,test
2013,train
2014,train
2015,train
2020,train
2021,train
2022,train
2023,val
2024,test
2025,train
2026,val
2027,train
2029,test
2030,train
2031,train
2032,train
2033,test
2034,test
2035,test
2036,train
2037,test
2040,train
2041,train
2043,train
2044,train
2045,train
2047,train
2048,train
2049,train
2050,train
2052,train
2053,train
2055,train
2056,train
2057,val
2058,train
2059,train
2060,test
2061,train
2062,train
2063,val
2064,train
2065,train
2066,train
2068,val
2069,train
2070,train
2071,train
2072,train
2073,train
2074,train
2075,train
2076,train
2078,train
2079,train
2080,train
2081,train
2082,val
2084,train
2085,train
2086,val
2087,train
2089,train
2090,train
2091,train
2092,test
2093,train
2094,train
2095,train
2096,train
2097,train
2098,train
2099,train
2101,test
2102,test
2104,train
2105,val
2106,val
2107,val
2108,train
2109,train
2110,val
2111,train
2112,train
2113,val
2114,train
2115,train
2116,val
2117,train
2118,train
2119,val
2120,val
2122,train
2123,train
2124,train
2125,train
2126,test
2127,train
2128,train
2129,test
2130,train
2131,train
2132,val
2133,test
2134,test
2135,train
2136,test
2137,train
2138,train
2139,train
2140,train
2141,train
2142,train
2143,train
2144,train
2146,train
2147,test
2148,train
2149,train
2150,train
2151,train
2152,train
2153,train
2155,train
2156,train
2158,train
2159,train
2160,train
2161,test
2162,train
2163,train
2164,train
2165,test
2166,train
2167,val
2168,train
2169,val
2170,train
2171,train
2172,test
2173,val
2174,train
2175,train
2176,test
2177,train
2178,train
2179,train
2180,train
2181,train
2182,val
2183,val
2184,train
2185,train
2186,train
2188,train
2189,train
2190,train
2191,train
2194,test
2195,test
2196,train
2197,val
2198,train
2199,train
2200,train
2201,train
2205,train
2206,train
2207,train
2208,train
2209,train
2210,val
2211,train
2213,train
2214,train
2215,train
2216,train
2217,train
2219,train
2220,train
2221,train
2223,test
2224,test
2225,train
2227,train
2228,test
2229,train
2230,train
2231,train
2232,train
2234,train
2235,train
2236,test
2237,train
2241,test
2242,train
2243,train
2244,val
2245,train
2246,train
2247,test
2248,train
2249,train
2250,train
2252,train
2253,train
2254,train
2256,train
2257,test
2258,train
2259,train
2260,test
2261,train
2262,train
2265,val
2266,val
2267,train
2268,train
2269,test
2270,train
2271,train
2273,train
2274,train
2275,train
2276,train
2277,train
2280,train
2281,train
2283,train
2284,train
2285,val
2286,train
2287,train
2288,val
2289,train
2290,train
2291,train
2293,test
2295,train
2296,train
2297,val
2298,train
2299,train
2300,train
2301,val
2302,train
2304,train
2305,train
2306,train
2307,train
2308,test
2309,train
2310,train
2311,test
2313,train
2316,train
2317,train
2318,train
2319,train
2320,train
2321,train
2322,train
2323,train
2324,train
2325,train
2327,train
2328,test
2329,train
2330,train
2331,train
2333,train
2334,train
2336,train
2337,test
2340,test
2341,val
2342,test
2343,train
2344,train
2345,train
2346,val
2347,val
2348,train
2349,train
2350,test
2351,train
2352,train
2353,train
2354,train
2355,train
2356,train
2358,train
2359,val
2360,train
2361,train
2363,train
2364,train
2365,train
2366,val
2367,train
2368,test
2369,train
2370,train
2371,train
2372,train
2373,train
2374,test
2375,train
2376,train
2377,train
2378,train
2379,train
2380,train
2381,val
2382,train
2383,test
2384,train
2385,train
2386,train
2387,train
2388,train
2389,train
2390,train
2391,val
2392,train
2394,val
2395,train
2396,test
2397,train
2399,train
2400,train
2402,train
2403,train
2404,val
2405,train
2406,train
2407,train
2408,test
2409,train
2410,train
2412,train
2413,train
2415,train
2416,train
2417,train
2418,train
2419,test
2420,test
2421,train
2422,train
2423,train
2424,train
2425,train
2426,train
2427,val
2428,train
2429,train
2430,val
2431,test
2432,train
2433,train
2434,train
2435,train
2437,val
2438,train
2439,train
2440,train
2441,train
2442,train
2443,val
2444,train
2445,train
2447,train
2448,train
2449,train
2450,test
2451,train
2453,train
2454,train
2455,train
2456,train
2457,train
2458,train
2459,val
2460,train
2462,test
2463,val
2464,train
2465,train
2466,test
2467,train
2469,val
2470,train
2471,test
2472,train
2474,train
2475,train
2476,train
2477,train
2478,train
2479,train
2481,test
2482,train
2483,val
2484,train
2485,train
2488,train
2489,test
2490,train
2492,test
2493,val
2494,train
2495,train
2496,train
2498,test
2499,test
2500,val
2501,train
2502,train
2503,test
2505,val
2506,train
2507,train
2508,train
2509,val
2510,train
2512,val
2513,test
2514,train
2515,train
2516,train
2517,val
2518,train
2519,train
2520,train
2521,train
2522,train
2523,train
2525,train
2526,test
2527,val
2528,train
2529,test
2531,train
2532,train
2533,val
2534,train
2535,test
2536,test
2537,train
2540,train
2541,train
2542,val
2543,train
2544,train
2546,train
2547,train
2548,test
2549,train
2551,train
2554,train
2555,train
2556,train
2557,test
2558,test
2559,train
2560,train
2561,train
2562,train
2563,val
2564,test
2565,train
2566,train
2567,train
2568,test
2571,train
2572,test
2573,test
2574,train
2575,train
2576,train
2577,train
2578,val
2580,val
2581,val
2582,val
2583,train
2584,train
2585,val
2586,test
2587,train
2588,train
2590,train
2591,train
2592,train
2593,val
2595,val
2596,test
2597,train
2598,train
2599,test
2600,val
2601,val
2602,train
2603,test
2604,train
2605,train
2606,test
2607,train
2608,train
2609,test
2611,train
2612,train
2613,val
2614,train
2615,test
2617,train
2618,train
2619,train
2620,train
2621,val
2622,train
2623,val
2625,train
2626,train
2627,test
2628,train
2630,test
2631,train
2632,val
2633,test
2634,train
2635,train
2637,train
2638,train
2639,train
2640,train
2641,train
2642,train
2643,val
2644,test
2645,test
2646,test
2647,train
2648,train
2649,test
2650,train
2651,train
2652,val
2654,train
2655,test
2656,train
2657,test
2658,train
2659,train
2661,train
2662,val
2663,train
2664,train
2665,train
2666,train
2667,val
2668,train
2669,train
2671,train
2672,val
2673,train
2674,train
2675,train
2676,train
2677,train
2678,train
2680,train
2681,train
2682,test
2683,val
2684,train
2685,train
2686,train
2687,train
2688,test
2689,train
2690,train
2693,test
2694,train
2695,val
2696,train
2697,train
2698,train
2699,train
2700,val
2701,test
2702,train
2703,train
2704,val
2705,train
2706,train
2707,train
2708,test
2709,train
2710,val
2711,train
2712,train
2713,train
2714,train
2715,train
2716,train
2718,test
2720,train
2721,val
2722,train
2723,train
2724,train
2725,val
2727,train
2728,train
2730,train
2731,val
2732,train
2733,train
2734,train
2737,train
2738,test
2739,train
2740,train
2741,test
2742,test
2743,test
2744,train
2745,train
2746,train
2747,train
2750,train
2751,train
2752,train
2753,test
2754,train
2755,test
2757,test
2758,train
2761,train
2762,train
2763,train
2764,train
2765,train
2766,train
2767,train
2768,train
2770,train
2771,train
2774,test
2775,test
2776,train
2779,train
2780,train
2782,train
2783,val
2784,train
2786,train
2788,train
2791,val
2792,train
2793,train
2794,val
2795,train
2796,val
2797,train
2798,train
2799,train
2800,val
2801,test
2803,train
2804,train
2805,train
2806,train
2807,train
2808,train
2809,train
2811,train
2812,train
2813,test
2814,val
2815,test
2816,train
2818,train
2819,test
2822,train
2823,train
2824,train
2825,val
2826,train
2827,test
2828,train
2829,train
2830,train
2831,train
2832,train
2833,val
2835,train
2836,train
2838,train
2839,train
2843,val
2844,train
2846,train
2850,train
2855,train
2856,train
2857,train
2858,train
2859,train
2861,val
2863,test
2864,train
2866,train
2867,train
2868,train
2869,train
2870,test
2871,val
2872,train
2873,val
2874,val
2875,train
2877,test
2878,train
2879,test
2880,val
2881,train
2882,train
2883,train
2884,train
2885,train
2887,train
2889,test
2891,val
2892,train
2893,train
2894,train
2895,train
2896,test
2897,test
2898,train
2899,train
2901,test
2902,train
2903,train
2905,train
2906,train
2907,train
2908,train
2909,train
2910,train
2911,val
2912,train
2913,train
2914,train
2915,val
2916,train
2917,train
2918,train
2919,train
2921,val
2922,train
2923,train
2925,train
2926,train
2927,train
2928,train
2930,val
2931,train
2932,train
2933,val
2934,test
2935,val
2936,test
2937,train
2938,test
2940,train
2941,test
2942,train
2943,train
2944,train
2945,val
2946,train
2947,val
2950,test
2951,train
2952,train
2953,train
2954,test
2955,train
2956,train
2957,train
2958,train
2961,val
2962,train
2963,val
2964,val
2965,train
2966,train
2967,train
2968,train
2969,train
2970,train
2971,train
2972,val
2973,test
2975,train
2976,train
2978,train
2979,test
2982,val
2983,test
2984,train
2985,test
2986,train
2987,train
2988,train
2989,val
2990,test
2991,train
2992,train
2993,train
2995,test
2996,val
2997,train
2998,train
2999,val
3000,train
3001,train
3002,train
3003,train
3004,train
3005,val
3006,train
3010,train
3011,train
3012,train
3013,test
3014,train
3016,test
3017,train
3018,train
3019,test
3020,train
3021,test
3022,train
3023,train
3024,train
3025,train
3026,test
3027,train
3028,test
3029,train
3030,train
3031,train
3032,train
3033,train
3034,train
3035,test
3036,train
3037,train
3038,train
3039,test
3040,train
3041,test
3042,train
3043,val
3044,val
3045,train
3046,train
3047,train
3048,test
3049,train
3051,train
3052,test
3053,train
3054,train
3055,train
3056,train
3057,train
3058,train
3059,val
3060,train
3061,val
3062,test
3063,train
3064,train
3065,test
3066,test
3067,train
3068,train
3069,train
3070,train
3071,train
3072,train
3073,train
3074,test
3075,test
3076,train
3077,val
3078,train
3080,test
3081,val
3082,train
3083,train
3084,train
3085,train
3086,train
3087,train
3088,train
3089,train
3090,train
3091,train
3092,train
3093,train
3094,test
3095,train
3096,train
3097,test
3098,train
3099,train
3100,test
3101,train
3102,train
3104,val
3105,val
3106,train
3107,val
3108,train
3109,train
3110,train
3111,train
3112,train
3113,train
3114,train
3115,train
3116,train
3117,train
3118,train
3119,train
3120,train
3121,train
3123,val
3124,train
3125,val
3126,train
3127,train
3128,train
3129,train
3130,train
3132,train
3133,train
3134,train
3135,train
3137,train
3138,train
3139,val
3140,val
3141,test
3142,train
3143,train
3144,train
3145,val
3147,train
3148,val
3149,test
3150,train
3151,train
3152,test
3153,train
3154,train
3155,train
3156,train
3157,train
3158,train
3159,val
3161,train
3164,train
3165,test
3166,val
3167,train
3168,train
3169,val
3171,test
3172,test
3173,val
3174,train
3175,train
3177,val
3178,train
3179,train
3180,test
3181,train
3182,test
3183,train
3184,val
3185,test
3186,train
3188,train
3189,test
3190,train
3191,train
3192,train
3194,train
3195,train
3197,val
3198,val
3199,val
3200,test
3201,train
3202,train
3203,val
3204,train
3205,train
3206,val
3207,val
3208,train
3209,test
3212,train
3213,train
3214,train
3215,test
3216,train
3217,train
3218,train
3219,test
3220,train
3221,train
3222,train
3223,train
3224,test
3225,train
3226,train
3227,test
3228,test
3229,train
3230,val
3231,train
3232,train
3233,train
3234,train
3235,train
3236,test
3237,train
3238,val
3239,train
3240,test
3241,train
3242,test
3243,test
3244,train
3245,train
3247,train
3248,train
3250,train
3251,test
3252,train
3253,train
3254,train
3256,train
3257,train
3259,test
3260,train
3261,train
3262,train
3263,test
3264,test
3265,train
3266,val
3267,train
3268,train
3269,train
3270,train
3271,val
3272,val
3273,train
3275,train
3276,train
3277,train
3279,train
3280,test
3282,val
3283,train
3286,val
3288,train
3289,train
3290,train
3291,train
3293,train
3294,train
3295,val
3296,test
3299,train
3300,train
3301,train
3302,train
3304,train
3305,val
3307,val
3308,val
3309,train
3310,train
3311,train
3312,train
3314,val
3315,train
3318,train
3319,train
3322,train
3323,train
3324,val
3325,val
3326,train
3330,train
3331,train
3332,val
3333,train
3334,train
3335,train
3336,train
3337,train
3338,train
3340,train
3341,test
3342,train
3343,train
3344,train
3345,train
3346,test
3347,train
3348,train
3349,train
3351,train
3352,val
3353,test
3354,train
3355,train
3356,val
3357,train
3358,train
3359,train
3360,test
3361,test
3362,train
3364,test
3365,val
3366,train
3368,train
3369,test
3370,train
3371,test
3372,val
3373,train
3374,val
3375,train
3376,train
3377,test
3379,train
3380,train
3381,test
3382,test
3383,train
3384,test
3385,train
3386,val
3387,val
3388,train
3389,train
3390,train
3391,train
3392,test
3393,test
3394,train
3395,train
3396,train
3397,train
3398,train
3400,train
3402,train
3404,val
3405,train
3406,train
3407,train
3408,val
3409,val
3410,train
3411,test
3412,val
3413,train
3415,train
3416,val
3417,val
3418,train
3419,test
3420,train
3421,test
3422,test
3423,train
3425,train
3426,train
3427,train
3428,test
3429,val
3430,train
3431,train
3432,test
3434,train
3435,train
3436,train
3437,train
3438,test
3439,train
3440,train
3441,train
3442,val
3443,train
3444,test
3445,test
3446,train
3447,test
3448,train
3449,train
3450,train
3451,train
3452,val
3453,train
3454,train
3455,train
3456,train
3457,train
3458,test
3463,train
3541,train
3546,val
3566,val
3606,train
3607,test
3608,val
3609,train
3610,train
3611,train
3612,train
3615,train
3616,train
3617,train
3618,train
3620,test
3622,train
3624,val
3625,train
3626,train
3627,train
3628,train
3629,train
3630,val
3631,train
3633,train
3634,train
3635,train
3636,train
3638,train
3639,val
3640,test
3641,train
3642,train
3643,train
3644,train
3645,train
3646,val
3647,test
3648,test
3650,train
3651,train
3652,train
3653,train
3654,train
3656,test
3657,train
3658,train
3659,train
3661,val
3662,train
3663,train
3664,train
3665,train
3666,test
3667,val
3669,train
3671,val
3672,val
3675,test
3676,train
3678,train
3679,train
3680,train
3681,train
3683,val
3684,train
3686,train
3687,train
3688,test
3689,train
3690,test
3691,val
3692,train
3693,train
3694,val
3695,test
3696,train
3697,train
3698,train
3699,val
3700,train
3701,train
3702,train
3703,val
3704,train
3706,train
3707,train
3708,test
3709,train
3710,train
3711,train
3712,test
3713,train
3714,train
3715,train
3716,train
3717,train
3719,train
3720,train
3721,test
3723,train
3724,val
3725,train
3727,val
3729,train
3730,train
3731,val
3732,train
3733,train
3734,val
3735,train
3736,train
3738,train
3739,train
3740,test
3741,test
3742,train
3745,train
3746,val
3747,train
3748,val
3749,train
3750,train
3751,train
3752,test
3753,train
3754,test
3755,train
3756,train
3757,test
3760,val
3761,train
3762,train
3763,train
3764,val
3766,test
3767,train
3770,test
3771,train
3772,val
3773,train
3774,train
3775,train
3776,train
3777,train
3779,train
3780,train
3781,train
3782,train
3783,train
3784,train
3785,train
3786,train
3787,val
3788,train
3789,train
3790,train
3791,test
3792,train
3793,val
3794,train
3795,train
3796,val
3797,val
3799,train
3800,val
3801,train
3802,val
3803,test
3804,train
3806,val
3807,train
3808,val
3810,val
3811,train
3812,train
3814,train
3815,train
3816,train
3817,train
3818,val
3819,train
3820,train
3821,test
3822,train
3823,train
3825,test
3826,train
3827,train
3829,train
3830,train
3831,train
3832,train
3833,train
3834,train
3836,train
3837,test
3838,train
3839,train
3840,train
3842,val
3845,train
3846,train
3847,train
3849,train
3850,val
3851,train
3853,train
3855,train
3856,train
3857,train
3858,train
3859,train
3860,train
3861,train
3864,val
3865,train
3866,train
3867,test
3868,train
3870,test
3871,train
3872,train
3873,train
3874,val
3875,train
3876,train
3877,val
3878,train
3879,val
3880,train
3881,train
3882,train
3883,val
3884,train
3885,train
3887,train
3888,train
3889,train
3890,train
3892,train
3893,train
3894,test
3895,train
3896,train
3897,val
3898,train
3899,train
3901,train
3902,train
3904,val
3905,train
3906,train
3907,train
3908,test
3909,train
3910,train
3911,train
3912,test
3913,train
3915,train
3916,val
3917,train
3918,val
3919,train
3920,test
3922,train
3923,train
3924,test
3925,val
3926,test
3927,val
3928,test
3929,train
3931,val
3932,val
3933,train
3934,train
3935,train
3936,train
3937,test
3938,train
3939,train
3940,val
3941,val
3942,train
3943,train
3944,val
3945,train
3946,train
3948,val
3949,test
3950,train
3951,train
3952,test
3953,train
3954,train
3955,train
3956,val
3957,train
3958,train
3959,train
3960,train
3961,val
3964,test
3965,train
3966,val
3967,train
3968,val
3969,train
3970,val
3972,train
3974,train
3975,train
3976,train
3977,train
3978,test
3979,train
3980,test
3981,train
3982,train
3983,train
3984,train
3985,val
3986,train
3987,test
3988,val
3989,test
3990,train
3991,train
3992,test
3993,train
3994,train
3995,train
3996,val
3997,train
3998,val
3999,train
4000,train
4001,val
4002,train
4003,train
4004,train
4005,train
4006,test
4007,val
4008,train
4009,train
4011,val
4012,train
4013,val
4015,test
4016,test
4017,train
4018,train
4019,train
4020,train
4021,train
4022,train
4023,val
4024,val
4025,train
4026,test
4027,test
4028,train
4029,train
4030,train
4035,test
4036,train
4037,train
4038,val
4039,train
4040,train
4041,val
4042,train
4043,val
4044,train
4045,train
4046,train
4047,val
4048,val
4049,val
4050,train
4051,val
4052,train
4053,train
4054,val
4056,train
4057,train
4058,train
4059,train
4060,train
4062,train
4063,val
4064,train
4065,test
4066,val
4067,train
4069,train
4070,train
4071,train
4073,val
4074,train
4075,test
4076,train
4077,train
4078,train
4079,train
4080,train
4081,test
4082,train
4083,train
4084,train
4085,train
4086,train
4087,train
4088,train
4089,train
4090,val
4091,test
4092,test
4093,val
4094,train
4095,train
4096,train
4097,train
4098,train
4099,train
4100,train
4101,train
4102,test
4103,train
4105,train
4106,train
4107,val
4108,train
4110,train
4112,test
4113,train
4114,train
4115,train
4116,train
4117,train
4118,train
4119,test
4120,train
4121,train
4122,test
4123,train
4124,train
4125,val
4126,test
4127,test
4128,train
4129,train
4130,val
4132,val
4133,test
4134,train
4135,train
4136,train
4137,train
4138,train
4139,test
4140,val
4141,train
4142,val
4143,train
4144,val
4145,val
4146,val
4147,train
4148,train
4149,val
4150,train
4151,train
4152,train
4153,train
4154,train
4155,train
4156,train
4158,test
4160,train
4161,train
4162,train
4163,train
4164,train
4165,train
4166,test
4167,train
4169,val
4170,train
4171,train
4172,test
4173,val
4174,train
4175,train
4176,test
4177,val
4178,train
4180,train
4181,test
4182,train
4183,train
4184,train
4185,test
4186,val
4187,train
4188,train
4190,test
4191,val
4192,train
4193,train
4194,test
4195,train
4196,train
4197,train
4198,train
4199,train
4200,train
4201,test
4202,train
4203,train
4204,val
4205,train
4206,train
4207,train
4208,test
4209,train
4210,train
4211,test
4212,train
4213,train
4214,test
4215,train
4216,val
4217,train
4218,train
4219,train
4220,train
4221,test
4223,train
4224,val
4226,train
4227,test
4228,test
4229,val
4232,train
4233,train
4234,train
4235,train
4236,test
4237,train
4238,train
4239,train
4240,test
4242,val
4243,train
4244,train
4245,test
4246,train
4247,val
4248,train
4249,test
4250,test
4252,train
4253,test
4254,train
4255,test
4256,train
4257,val
4260,train
4262,test
4263,val
4264,val
4265,test
4266,train
4267,train
4268,test
4269,test
4270,train
4271,val
4272,train
4273,test
4274,train
4275,test
4276,test
4277,val
4278,train
4279,val
4280,train
4281,train
4284,train
4285,train
4287,train
4288,train
4290,train
4291,val
4292,test
4293,train
4294,train
4295,val
4296,train
4297,train
4299,val
4300,train
4301,train
4302,train
4303,test
4304,train
4305,train
4306,val
4307,val
4308,train
4309,train
4311,train
4312,train
4313,val
4314,train
4315,train
4316,test
4317,val
4318,train
4319,train
4320,train
4321,train
4322,train
4323,val
4324,train
4325,val
4326,test
4327,val
4328,train
4329,train
4330,train
4331,train
4332,train
4333,train
4335,train
4336,train
4337,train
4338,train
4339,val
4340,train
4341,train
4343,train
4344,train
4345,train
4346,test
4349,train
4350,test
4351,train
4352,train
4355,train
4356,train
4357,train
4358,test
4359,test
4360,train
4361,train
4362,train
4363,val
4365,train
4366,val
4367,test
4368,test
4369,val
4371,val
4372,train
4373,train
4374,train
4375,val
4376,train
4377,train
4378,test
4379,test
4381,train
4382,train
4383,train
4384,val
4386,train
4387,test
4388,test
4389,train
4390,train
4391,train
4392,train
4393,train
4394,val
4395,train
4396,train
4397,train
4398,train
4399,train
4400,train
4401,val
4402,test
4403,train
4404,train
4405,val
4406,train
4407,train
4408,test
4409,test
4410,test
4411,train
4413,train
4414,test
4415,train
4416,train
4417,test
4418,train
4419,train
4420,train
4421,train
4422,train
4423,train
4424,train
4425,train
4426,train
4427,train
4429,train
4430,test
4432,val
4433,train
4434,train
4438,test
4440,val
4441,val
4442,train
4443,train
4444,train
4445,train
4447,test
4449,train
4450,train
4452,train
4453,train
4454,train
4455,train
4456,train
4457,train
4459,val
4460,train
4461,train
4462,train
4463,train
4464,train
4465,test
4466,train
4467,train
4468,train
4470,test
4471,train
4472,train
4473,train
4474,train
4475,train
4476,test
4477,train
4478,train
4479,train
4480,val
4481,val
4482,train
4483,train
4484,train
4486,train
4488,train
4489,train
4490,train
4491,train
4492,train
4493,train
4494,train
4496,train
4498,train
4499,train
4500,test
4501,train
4502,train
4503,test
4504,val
4505,train
4506,train
4507,test
4509,test
4510,test
4511,train
4513,train
4514,test
4515,test
4516,test
4517,train
4518,train
4519,val
4520,test
4521,val
4522,test
4523,val
4524,test
4525,train
4526,train
4527,val
4529,test
4530,train
4531,train
4532,val
4533,train
4534,train
4536,train
4537,train
4539,train
4540,train
4541,train
4543,train
4545,train
4548,val
4549,test
4550,test
4552,train
4553,train
4555,test
4556,train
4558,train
4559,train
4560,test
4561,test
4562,val
4563,val
4564,train
4565,val
4567,train
4568,val
4570,val
4571,train
4572,train
4573,train
4574,train
4575,test
4576,train
4577,train
4578,train
4579,train
4580,train
4581,train
4582,val
4583,val
4584,train
4585,train
4586,train
4587,val
4588,train
4589,train
4590,train
4592,train
4593,train
4595,train
4596,train
4597,train
4598,train
4599,train
4600,train
4602,val
4604,train
4605,train
4606,train
4607,train
4609,train
4611,train
4612,val
4613,train
4614,val
4615,train
4616,test
4617,train
4618,train
4619,train
4620,val
4621,train
4623,train
4624,train
4625,train
4626,train
4627,train
4629,test
4630,train
4631,train
4632,val
4633,train
4634,test
4635,train
4636,train
4638,train
4639,val
4640,val
4641,train
4642,test
4645,train
4646,train
4647,train
4648,train
4649,val
4650,train
4651,train
4652,train
4653,train
4654,train
4655,train
4656,test
4657,train
4658,train
4659,train
4660,test
4661,train
4662,train
4663,test
4664,val
4667,train
4670,train
4671,train
4673,train
4675,val
4676,train
4677,train
4678,val
4679,train
4680,train
4681,train
4682,train
4683,test
4684,train
4686,test
4688,train
4689,train
4690,train
4691,val
4692,train
4693,train
4694,val
4695,val
4696,test
4697,train
4698,test
4699,test
4700,test
4701,train
4702,train
4703,train
4704,train
4705,train
4706,train
4707,train
4708,train
4709,train
4710,val
4711,train
4712,train
4713,val
4714,train
4715,train
4716,train
4717,train
4718,train
4719,train
4720,train
4722,train
4723,train
4724,train
4725,train
4727,val
4728,train
4729,test
4730,train
4731,val
4732,test
4733,train
4734,train
4735,train
4737,train
4739,val
4741,train
4742,test
4743,test
4745,train
4746,train
4747,train
4748,train
4749,train
4751,train
4752,train
4753,train
4754,train
4755,train
4756,train
4757,train
4759,train
4760,train
4761,test
4762,train
4765,test
4767,train
4768,train
4770,train
4771,train
4773,train
4774,train
4775,train
4777,train
4778,test
4779,train
4780,train
4782,train
4783,train
4784,train
4785,val
4786,train
4787,train
4788,val
4789,train
4790,val
4791,test
4792,test
4793,train
4795,train
4796,val
4797,train
4798,train
4800,test
4801,val
4804,val
4805,train
4806,train
4807,train
4808,train
4809,train
4810,train
4811,test
4812,train
4814,train
4815,test
4817,test
4818,train
4819,train
4820,train
4821,test
4823,val
4824,train
4825,val
4826,val
4827,train
4828,train
4829,train
4830,test
4832,train
4833,train
4834,train
4835,train
4836,test
4837,train
4838,test
4840,train
4841,train
4842,train
4843,test
4844,train
4845,train
4846,train
4847,train
4848,train
4849,train
4850,train
4851,val
4852,train
4854,train
4855,test
4856,train
4857,train
4858,train
4859,val
4860,test
4862,train
4863,train
4864,train
4865,train
4867,test
4868,train
4869,test
4870,train
4871,val
4872,train
4874,train
4875,train
4876,train
4877,train
4878,test
4879,train
4880,test
4881,train
4882,train
4883,train
4884,train
4886,train
4887,train
4888,train
4889,val
4890,train
4891,train
4893,train
4894,train
4895,train
4896,train
4898,train
4899,val
4901,train
4902,train
4903,val
4905,train
4906,val
4907,train
4909,train
4910,train
4911,train
4913,train
4914,train
4915,train
4916,train
4917,test
4919,train
4920,test
4921,train
4922,test
4925,train
4926,train
4927,test
4928,val
4930,train
4931,val
4932,train
4934,test
4936,test
4938,val
4939,train
4941,train
4942,train
4943,train
4945,val
4946,test
4947,train
4948,train
4949,test
4951,test
4952,train
4953,train
4954,train
4955,train
4956,train
4957,train
4958,train
4959,train
4960,test
4962,test
4963,test
4964,train
4965,train
4966,train
4967,train
4968,train
4969,train
4971,train
4972,train
4973,test
4974,test
4975,val
4976,train
4977,val
4978,train
4979,train
4980,train
4981,train
4982,train
4983,train
4984,train
4986,val
4987,train
4988,train
4989,train
4990,test
4991,test
4992,train
4993,train
4994,train
4995,train
4996,train
4998,train
4999,train
5000,val
5001,train
5002,train
5003,train
5004,test
5006,train
5007,test
5008,train
5009,test
5010,train
5012,train
5013,val
5014,train
5015,val
5016,train
5017,train
5018,train
5019,val
5020,train
5021,train
5022,train
5023,train
5024,val
5025,train
5026,train
5028,train
5029,val
5030,train
5031,train
5032,train
5034,train
5035,train
5036,val
5037,train
5038,train
5039,test
5040,train
5041,train
5042,train
5043,train
5044,train
5045,train
5046,train
5047,train
5048,train
5049,train
5050,val
5051,test
5053,train
5054,train
5055,val
5056,train
5057,train
5058,train
5059,train
5060,val
5061,val
5062,train
5063,train
5064,val
5065,val
5066,train
5067,train
5068,val
5069,test
5070,train
5071,val
5072,test
5073,train
5074,train
5075,train
5076,train
5077,val
5078,train
5080,train
5081,test
5082,train
5083,val
5084,train
5085,train
5086,train
5087,train
5088,train
5089,train
5090,train
5091,val
5092,train
5093,train
5094,test
5095,test
5096,train
5097,train
5098,train
5099,test
5100,train
5101,train
5102,test
5103,train
5104,val
5105,train
5106,train
5107,train
5108,test
5109,train
5110,train
5111,train
5112,train
5113,val
5114,train
5115,val
5116,val
5117,val
5118,train
5119,test
5120,val
5121,train
5122,train
5123,train
5124,train
5125,test
5126,train
5127,train
5128,train
5130,train
5131,train
5132,test
5133,train
5134,test
5135,val
5136,train
5137,val
5138,train
5139,val
5140,train
5141,train
5142,val
5143,train
5144,train
5145,val
5146,train
5147,train
5148,train
5149,train
5151,train
5152,test
5153,train
5154,train
5157,train
5158,train
5159,train
5160,train
5161,test
5162,train
5163,train
5164,train
5165,val
5166,val
5167,train
5168,train
5169,train
5171,train
5172,train
5173,train
5174,test
5175,train
5176,val
5177,train
5178,val
5179,train
5180,val
5181,train
5182,train
5183,train
5184,train
5185,train
5186,train
5187,val
5188,train
5189,train
5190,train
5191,train
5192,val
5193,train
5194,test
5196,train
5197,test
5198,train
5199,test
5200,train
5201,train
5202,train
5203,val
5205,train
5206,train
5207,val
5208,train
5209,train
5210,test
5211,test
5212,train
5214,train
5215,train
5216,test
5217,train
5218,test
5219,train
5220,val
5221,train
5222,train
5224,test
5225,train
5226,train
5227,train
5228,train
5229,train
5230,train
5231,test
5232,train
5233,val
5234,val
5235,train
5236,train
5237,val
5239,train
5240,train
5241,train
5242,train
5243,train
5244,train
5247,train
5248,train
5249,train
5250,train
5251,test
5252,train
5254,test
5255,train
5256,val
5257,train
5258,train
5259,train
5260,train
5261,train
5262,val
5263,train
5264,train
5265,train
5266,train
5267,train
5268,train
5269,train
5270,test
5271,val
5272,val
5273,val
5274,train
5275,train
5276,train
5277,val
5278,test
5279,val
5280,train
5281,val
5282,train
5283,train
5284,train
5285,test
5286,train
5287,train
5288,train
5289,train
5290,train
5291,train
5292,train
5293,train
5294,train
5295,train
5296,train
5297,train
5298,train
5299,val
5300,train
5301,train
5302,train
5303,train
5304,train
5305,test
5307,val
5308,test
5309,train
5310,val
5311,test
5312,train
5313,train
5314,train
5315,train
5317,train
5318,train
5319,train
5321,test
5322,train
5323,train
5324,test
5325,test
5326,train
5327,train
5328,test
5329,train
5330,val
5331,train
5332,train
5333,train
5334,val
5335,train
5336,train
5337,val
5338,val
5339,train
5341,train
5342,test
5343,val
5344,train
5345,train
5346,test
5347,train
5348,val
5349,train
5350,train
5351,val
5352,train
5353,train
5354,val
5355,test
5358,test
5359,val
5360,test
5362,test
5363,train
5364,train
5365,test
5367,train
5368,train
5369,train
5370,train
5371,train
5373,train
5374,train
5375,train
5376,train
5377,train
5378,train
5380,train
5381,train
5382,test
5384,train
5385,train
5386,train
5387,val
5388,train
5389,train
5390,train
5391,train
5392,val
5393,val
5395,test
5396,test
5397,train
5398,train
5399,test
5400,train
5401,val
5402,train
5403,train
5405,train
5406,train
5407,train
5408,val
5409,test
5410,test
5411,train
5412,train
5413,train
5414,train
5416,train
5417,test
5418,train
5419,test
5420,val
5421,train
5422,train
5423,test
5424,train
5425,train
5426,train
5428,val
5429,val
5430,train
5431,train
5432,train
5433,test
5434,train
5436,train
5437,val
5438,train
5440,test
5441,test
5442,train
5443,train
5444,train
5445,train
5446,train
5447,train
5448,train
5449,train
5451,train
5452,train
5453,test
5454,train
5455,train
5456,test
5457,val
5458,train
5459,train
5460,train
5461,train
5462,val
5463,train
5464,train
5465,train
5466,train
5467,train
5468,val
5469,train
5470,train
5471,test
5472,val
5474,train
5475,train
5476,train
5478,train
5479,val
5480,train
5481,train
5482,val
5483,train
5484,train
5485,train
5486,train
5487,train
5488,test
5489,train
5490,train
5491,train
5492,train
5493,train
5494,test
5495,train
5496,train
5497,train
5498,train
5499,train
5500,test
5501,test
5502,train
5503,train
5504,test
5505,train
5507,train
5508,train
5509,train
5510,train
5511,test
5513,train
5514,train
5515,train
5516,val
5517,train
5518,train
5519,val
5520,val
5521,train
5522,train
5523,train
5524,test
5525,val
5526,train
5527,train
5528,val
5529,train
5530,val
5531,train
5532,train
5533,test
5534,train
5535,val
5536,test
5537,train
5538,train
5539,train
5540,val
5542,val
5543,train
5544,train
5545,train
5546,train
5547,val
5548,val
5549,train
5550,train
5551,train
5553,train
5554,val
5555,train
5556,train
5557,train
5558,test
5559,train
5560,test
5561,train
5562,train
5563,test
5564,train
5565,train
5566,train
5567,train
5568,val
5569,train
5570,train
5571,train
5572,train
5573,train
5574,train
5575,train
5576,val
5577,train
5579,train
5580,train
5581,val
5582,train
5583,train
5584,train
5585,train
5586,train
5587,train
5588,train
5589,train
5590,val
5591,train
5592,train
5593,train
5594,test
5595,train
5596,train
5597,train
5598,train
5599,test
5600,train
5601,val
5602,train
5603,train
5604,train
5605,test
5606,train
5607,train
5608,train
5609,train
5610,train
5611,train
5612,train
5613,val
5614,train
5615,train
5616,train
5617,train
5618,train
5619,test
5620,val
5621,train
5622,train
5623,train
5624,train
5625,train
5626,train
5627,val
5628,train
5629,train
5630,train
5631,train
5632,test
5633,train
5634,train
5635,train
5636,train
5637,train
5638,test
5639,test
5640,val
5641,train
5642,train
5643,train
5644,val
5645,test
5647,train
5648,train
5649,test
5650,test
5651,train
5652,train
5653,test
5654,train
5655,train
5656,train
5658,test
5659,train
5660,train
5661,test
5662,train
5663,test
5666,test
5667,train
5669,val
5670,test
5671,test
5672,test
5673,train
5674,train
5675,train
5676,train
5677,train
5678,train
5679,val
5680,test
5683,train
5684,train
5685,train
5686,train
5687,test
5688,train
5689,train
5690,train
5691,test
5692,train
5693,train
5694,train
5695,train
5696,train
5697,test
5698,train
5699,train
5700,train
5701,train
5702,train
5703,train
5704,train
5705,test
5706,val
5708,test
5709,train
5710,test
5711,train
5713,val
5714,test
5715,train
5717,train
5718,train
5719,test
5720,train
5721,test
5722,train
5723,train
5724,train
5725,train
5726,train
5727,train
5728,train
5729,train
5730,train
5731,train
5732,train
5733,train
5734,train
5735,train
5736,train
5737,val
5738,train
5740,train
5741,train
5744,test
5745,test
5746,train
5747,test
5748,train
5749,train
5750,train
5751,train
5752,val
5753,train
5754,train
5755,train
5756,val
5757,train
5758,val
5759,train
5760,train
5761,val
5762,train
5763,train
5764,train
5765,train
5766,test
5767,test
5768,train
5769,train
5770,train
5771,train
5772,train
5773,train
5774,train
5775,train
5777,train
5779,train
5780,train
5781,train
5782,val
5784,train
5785,train
5786,test
5787,train
5788,train
5789,val
5790,test
5791,train
5792,train
5793,val
5794,train
5795,test
5796,train
5797,test
5799,train
5800,train
5801,test
5802,train
5803,train
5804,train
5805,train
5806,train
5807,train
5808,train
5809,val
5810,train
5811,test
5812,train
5813,val
5814,train
5815,train
5817,train
5818,train
5820,train
5821,train
5822,test
5823,val
5824,val
5825,train
5826,val
5827,train
5828,train
5829,val
5830,val
5831,train
5832,train
5833,train
5834,train
5836,train
5837,train
5838,train
5839,val
5840,train
5841,train
5842,train
5843,val
5844,train
5845,train
5847,train
5848,test
5849,train
5850,train
5851,train
5852,test
5853,train
5854,train
5855,val
5856,train
5857,train
5858,test
5859,train
5860,test
5861,train
5862,train
5863,train
5864,train
5865,train
5866,test
5867,train
5868,train
5869,train
5870,train
5871,train
5872,val
5873,train
5874,train
5875,train
5876,test
5878,train
5879,train
5880,train
5881,train
5882,train
5883,test
5884,train
5885,test
5886,val
5888,train
5889,train
5890,train
5891,train
5892,train
5893,train
5894,train
5895,train
5896,train
5897,val
5898,test
5899,test
5900,train
5902,train
5903,train
5904,train
5905,train
5906,train
5907,train
5908,train
5909,train
5910,train
5911,train
5912,train
5913,train
5914,train
5915,train
5917,train
5918,val
5919,train
5920,train
5921,train
5922,test
5923,train
5924,train
5925,train
5926,train
5927,train
5928,train
5931,train
5932,train
5933,train
5934,train
5935,train
5936,train
5937,test
5938,val
5939,train
5940,train
5941,test
5942,test
5943,val
5944,train
5945,test
5946,train
5947,train
5948,train
5949,train
5950,train
5951,train
5952,train
5953,train
5954,val
5955,train
5956,train
5957,train
5958,train
5960,train
5962,test
5963,test
5964,test
5966,train
5967,train
5968,test
5969,test
5970,train
5971,train
5972,val
5973,val
5974,train
5975,val
5977,val
5978,train
5979,train
5981,train
5982,test
5984,val
5985,test
5986,train
5987,train
5988,train
5989,train
5991,train
5992,train
5994,train
5996,train
5997,train
5998,test
5999,train
6000,train
6001,train
6002,train
6003,val
6004,test
6005,train
6006,train
6007,train
6008,train
6009,train
6010,train
6011,test
6013,train
6014,train
6015,train
6016,train
6017,test
6018,test
6019,train
6021,train
6022,train
6023,train
6024,train
6025,train
6026,train
6027,test
6028,train
6029,train
6031,train
6032,train
6033,train
6034,train
6036,train
6037,test
6038,test
6039,train
6040,train
6041,val
6042,train
6043,train
6044,train
6045,test
6046,val
6047,train
6048,test
6049,train
6050,test
6051,test
6052,train
6053,test
6054,train
6055,train
6056,test
6057,train
6058,train
6059,train
6060,train
6061,train
6062,val
6063,train
6064,val
6065,train
6067,train
6069,train
6070,train
6071,train
6072,train
6073,val
6074,train
6075,val
6076,test
6077,train
6078,train
6079,train
6080,train
6081,val
6082,train
6083,train
6084,train
6085,train
6086,val
6087,train
6088,train
6089,train
6090,train
6091,val
6092,train
6094,train
6095,train
6096,val
6098,train
6099,train
6100,train
6101,val
6102,train
6103,test
6104,train
6106,val
6107,val
6108,val
6109,train
6110,test
6111,train
6112,train
6113,train
6114,train
6115,val
6116,train
6118,train
6119,train
6121,train
6122,train
6123,train
6124,test
6125,test
6126,test
6127,test
6129,train
6130,train
6131,train
6132,test
6133,train
6134,train
6135,train
6136,train
6137,train
6138,train
6139,val
6140,test
6141,train
6142,test
6144,train
6145,train
6146,train
6147,train
6148,test
6149,train
6150,train
6151,val
6152,test
6153,val
6154,train
6155,train
6156,train
6157,test
6158,train
6159,train
6160,train
6161,test
6162,train
6163,train
6164,train
6166,train
6167,train
6168,train
6169,test
6170,train
6171,val
6172,train
6173,train
6175,val
6176,train
6178,train
6180,val
6181,train
6182,val
6183,train
6184,train
6185,train
6186,train
6187,train
6188,train
6189,train
6190,train
6191,test
6192,train
6193,train
6194,train
6195,train
6196,train
6197,test
6198,train
6199,train
6200,val
6201,train
6202,train
6204,test
6205,test
6206,train
6207,train
6208,train
6209,val
6210,train
6211,train
6212,val
6214,test
6215,train
6217,train
6218,test
6219,test
6220,train
6221,val
6222,test
6223,train
6224,train
6225,train
6226,train
6227,train
6229,train
6231,train
6232,test
6233,test
6234,train
6235,train
6236,test
6237,test
6238,test
6239,val
6240,val
6241,test
6242,val
6243,val
6244,val
6246,train
6247,train
6248,val
6249,val
6250,test
6252,train
6253,train
6254,train
6255,train
6256,train
6257,train
6258,train
6259,train
6260,val
6262,train
6263,train
6264,train
6265,train
6266,train
6267,train
6268,train
6269,train
6270,val
6271,train
6272,train
6274,train
6275,val
6276,train
6277,train
6278,train
6279,test
6280,train
6281,train
6282,train
6283,train
6284,train
6285,train
6286,val
6287,test
6288,train
6289,val
6291,train
6292,train
6294,train
6295,train
6296,train
6297,train
6298,train
6299,train
6300,train
6301,train
6302,train
6303,train
6304,train
6305,train
6306,train
6307,train
6308,train
6309,train
6310,train
6311,test
6312,train
6313,test
6315,train
6316,val
6317,train
6318,train
6319,train
6320,val
6321,train
6323,test
6324,train
6325,train
6326,train
6327,train
6328,train
6329,train
6330,train
6331,train
6332,train
6333,train
6334,train
6335,val
6337,train
6338,val
6339,train
6340,train
6341,train
6343,train
6344,train
6345,val
6346,train
6347,train
6348,train
6349,train
6351,test
6352,val
6353,train
6354,train
6355,train
6356,train
6357,train
6358,val
6359,test
6360,train
6361,train
6362,train
6363,train
6364,train
6365,val
6366,test
6367,val
6368,train
6369,test
6370,train
6371,train
6373,val
6374,train
6375,test
6376,train
6377,train
6378,train
6379,test
6380,train
6381,test
6382,train
6383,train
6384,val
6385,train
6386,train
6387,val
6388,train
6389,train
6390,val
6391,train
6392,train
6393,val
6394,train
6395,val
6396,train
6397,train
6399,train
6400,train
6401,train
6402,test
6403,train
6404,train
6405,train
6406,train
6407,train
6408,train
6409,train
6410,train
6411,train
6412,train
6413,train
6414,val
6415,train
6416,test
6417,train
6418,train
6419,test
6420,val
6421,test
6422,train
6423,train
6424,train
6426,test
6427,train
6428,train
6429,val
6430,train
6431,test
6432,test
6433,train
6434,train
6435,train
6436,train
6437,train
6438,train
6439,train
6440,train
6441,test
6442,train
6443,test
6444,train
6446,test
6447,train
6448,train
6449,train
6450,train
6451,train
6453,train
6454,val
6455,train
6456,train
6457,train
6458,test
6459,train
6460,train
6461,test
6462,train
6463,train
6464,train
6465,train
6466,train
6467,val
6468,train
6469,train
6471,train
6472,train
6474,train
6475,train
6476,train
6477,train
6478,test
6479,val
6480,train
6481,train
6482,train
6483,train
6484,train
6485,train
6486,train
6488,train
6490,val
6491,train
6492,train
6493,test
6494,train
6495,train
6496,train
6497,val
6498,train
6499,train
6500,val
6501,train
6502,train
6503,train
6504,val
6505,train
6506,train
6507,train
6508,test
6509,train
6510,val
6511,train
6512,train
6513,train
6514,train
6515,train
6517,test
6518,val
6519,test
6520,train
6521,train
6522,val
6523,val
6524,train
6525,train
6526,train
6527,train
6528,val
6529,train
6530,val
6531,train
6532,train
6533,train
6534,train
6535,train
6536,train
6537,train
6538,train
6539,train
6540,train
6541,val
6542,train
6543,train
6544,train
6545,val
6546,val
6547,test
6549,test
6550,val
6551,val
6552,train
6553,val
6554,test
6555,train
6556,train
6557,val
6559,test
6561,test
6562,val
6563,train
6564,test
6565,train
6566,train
6567,train
6568,train
6569,train
6570,train
6571,val
6572,train
6573,test
6574,train
6575,train
6576,val
6577,train
6578,train
6579,train
6581,test
6582,test
6584,train
6585,test
6586,train
6587,train
6588,train
6589,train
6590,train
6591,train
6592,train
6593,train
6594,train
6596,test
6597,train
6598,train
6599,val
6600,test
6601,train
6602,test
6603,val
6604,train
6605,val
6606,test
6607,train
6608,train
6609,train
6610,train
6611,train
6612,train
6614,test
6615,train
6616,train
6617,train
6619,val
6620,train
6621,train
6622,train
6623,train
6624,train
6625,val
6626,train
6627,test
6628,train
6629,train
6630,test
6631,test
6632,train
6633,train
6634,train
6635,train
6636,train
6637,train
6638,train
6639,test
6640,train
6641,train
6642,train
6643,train
6644,val
6645,train
6646,train
6647,train
6648,val
6649,train
6650,train
6651,train
6652,test
6653,val
6654,train
6655,train
6657,test
6658,train
6659,train
6660,train
6661,train
6662,train
6663,train
6664,train
6665,train
6666,val
6667,train
6668,train
6669,train
6670,train
6671,train
6672,train
6673,train
6674,train
6675,train
6676,train
6677,val
6678,train
6679,train
6680,train
6681,val
6682,train
6683,val
6684,train
6685,train
6686,train
6687,train
6688,train
6689,train
6690,train
6691,val
6692,train
6693,train
6694,test
6695,train
6696,test
6697,train
6699,train
6700,train
6701,train
6702,train
6703,train
6704,val
6705,train
6706,train
6708,train
6709,train
6710,val
6711,val
6712,test
6713,train
6714,train
6715,val
6717,val
6718,train
6719,train
6720,train
6721,test
6722,val
6723,train
6724,val
6725,train
6726,train
6727,train
6728,train
6729,train
6730,test
6731,train
6732,test
6733,train
6734,train
6735,val
6736,train
6737,val
6738,train
6739,train
6741,train
6743,train
6744,train
6745,val
6746,train
6747,test
6748,train
6749,test
6750,train
6751,test
6752,train
6753,train
6754,train
6755,train
6756,train
6757,train
6758,train
6759,test
6760,train
6761,train
6762,train
6763,train
6764,train
6765,train
6767,train
6768,test
6769,val
6770,train
6771,test
6772,test
6773,train
6774,val
6775,val
6776,train
6778,val
6779,train
6780,test
6782,train
6783,train
6784,val
6785,val
6786,train
6787,train
6788,train
6789,train
6790,train
6791,train
6792,val
6793,test
6794,val
6795,train
6796,val
6797,test
6798,train
6799,train
6800,train
6801,train
6802,train
6803,train
6804,train
6805,train
6806,train
6807,test
6808,train
6809,train
6810,train
6811,val
6812,train
6813,train
6814,test
6815,train
6816,train
6817,train
6819,train
6820,test
6821,train
6822,train
6823,train
6824,train
6825,train
6826,train
6827,train
6828,val
6829,val
6830,val
6831,train
6832,train
6833,train
6834,train
6835,train
6836,val
6837,test
6838,train
6840,train
6841,train
6842,train
6843,train
6844,train
6845,train
6847,train
6848,val
6849,train
6850,train
6851,train
6852,test
6853,train
6854,train
6855,test
6856,train
6857,train
6858,train
6859,train
6860,train
6863,train
6864,train
6865,train
6866,train
6867,train
6868,train
6869,test
6870,train
6871,train
6872,test
6873,train
6874,test
6875,train
6876,train
6877,train
6878,train
6879,train
6880,train
6881,train
6882,train
6883,train
6884,val
6885,val
6886,val
6887,train
6888,train
6889,train
6890,train
6891,train
6892,train
6893,train
6894,test
6895,train
6896,test
6897,train
6898,train
6899,train
6900,train
6901,train
6902,train
6903,train
6904,train
6905,test
6906,test
6907,train
6908,train
6909,train
6910,train
6911,test
6912,train
6913,test
6914,val
6915,train
6916,train
6918,test
6919,train
6920,train
6921,train
6922,train
6923,train
6924,test
6925,train
6926,train
6927,train
6928,test
6929,train
6930,test
6931,train
6933,train
6934,test
6935,test
6937,val
6938,val
6939,train
6940,train
6941,train
6942,train
6944,train
6945,val
6946,train
6947,train
6948,train
6949,test
6950,train
6951,train
6952,train
6953,train
6954,train
6955,train
6956,train
6957,val
6958,train
6961,train
6962,train
6963,test
6964,test
6965,train
6966,train
6967,train
6968,train
6969,train
6970,train
6971,train
6972,train
6973,train
6974,train
6975,train
6977,train
6978,train
6979,train
6980,train
6981,train
6982,train
6984,train
6985,train
6986,test
6989,train
6990,val
6991,train
6992,train
6993,train
6994,train
6995,test
6996,train
6997,train
6998,train
7000,train
7001,train
7002,train
7004,train
7005,val
7006,train
7007,test
7008,train
7009,val
7010,val
7011,val
7012,train
7013,train
7014,train
7015,train
7016,val
7017,train
7018,train
7019,test
7020,train
7021,train
7022,val
7023,train
7024,train
7025,train
7026,train
7027,train
7028,train
7029,train
7030,train
7031,train
7032,train
7033,train
7034,train
7035,val
7036,test
7037,test
7038,train
7039,train
7040,train
7041,train
7042,train
7043,train
7044,train
7045,test
7046,train
7048,train
7049,train
7050,train
7052,train
7053,train
7054,train
7055,val
7056,train
7057,train
7058,train
7059,val
7060,train
7061,train
7062,train
7063,test
7064,val
7065,train
7066,test
7067,train
7068,train
7069,train
7070,train
7071,train
7072,train
7073,train
7074,train
7075,train
7076,train
7077,train
7078,train
7079,val
7080,train
7081,train
7082,test
7083,train
7084,train
7085,train
7086,train
7087,val
7088,train
7089,train
7090,train
7091,train
7092,train
7093,train
7094,test
7095,test
7096,train
7097,train
7098,val
7099,train
7101,train
7102,train
7103,train
7104,train
7105,test
7106,train
7107,train
7108,train
7109,test
7110,test
7111,train
7112,val
7113,train
7114,test
7115,train
7116,train
7117,val
7118,train
7119,test
7120,test
7121,train
7122,train
7123,train
7124,test
7125,train
7126,train
7127,train
7128,train
7129,train
7131,test
7132,train
7133,train
7134,train
7137,val
7139,train
7140,train
7141,test
7142,train
7143,train
7144,train
7145,train
7146,train
7147,train
7148,train
7149,train
7150,val
7151,test
7152,train
7153,train
7154,train
7156,train
7157,train
7158,val
7159,train
7160,val
7161,val
7162,train
7163,val
7164,train
7165,train
7166,train
7167,train
7168,val
7169,train
7170,train
7171,train
7172,train
7174,train
7175,train
7177,test
7178,train
7179,train
7180,train
7181,val
7182,train
7183,train
7184,train
7185,test
7186,train
7187,train
7188,train
7189,val
7190,train
7191,train
7193,train
7194,train
7195,train
7196,train
7197,train
7198,train
7199,train
7200,train
7201,train
7202,train
7203,test
7204,train
7205,train
7206,val
7207,test
7208,train
7209,train
7210,train
7211,train
7212,train
7213,train
7215,test
7216,val
7218,train
7219,train
7220,train
7221,train
7222,train
7223,val
7224,train
7225,test
7226,train
7227,train
7229,train
7230,train
7231,val
7232,test
7233,train
7234,val
7235,val
7236,val
7237,train
7238,train
7239,train
7241,train
7242,train
7243,test
7244,test
7245,train
7246,train
7247,val
7248,test
7249,train
7250,val
7251,train
7252,train
7254,train
7255,train
7257,train
7258,train
7259,train
7260,train
7261,train
7262,test
7263,train
7264,train
7265,val
7266,val
7267,train
7268,train
7269,train
7270,train
7271,train
7272,train
7273,train
7275,test
7276,train
7277,train
7278,train
7279,train
7280,val
7281,val
7282,val
7283,train
7284,train
7285,train
7286,train
7287,train
7288,train
7289,val
7290,val
7291,test
7292,train
7293,train
7294,train
7295,train
7296,train
7297,train
7298,test
7299,train
7300,train
7301,test
7302,train
7303,train
7304,train
7305,test
7306,val
7307,test
7308,train
7309,val
7310,train
7311,train
7312,train
7313,test
7314,train
7315,train
7316,train
7317,val
7319,test
7320,test
7321,train
7322,train
7323,train
7324,train
7325,train
7326,train
7327,val
7328,val
7329,val
7330,train
7331,train
7332,test
7333,train
7335,train
7336,train
7337,val
7338,train
7339,val
7340,val
7341,train
7343,val
7344,train
7345,test
7346,train
7347,test
7348,train
7349,train
7350,test
7351,val
7352,train
7354,train
7355,val
7356,train
7357,val
7358,train
7359,val
7360,val
7361,train
7362,train
7363,train
7364,train
7365,val
7366,train
7367,train
7368,train
7370,train
7371,train
7372,train
7374,train
7375,train
7376,test
7377,train
7378,train
7379,test
7380,test
7381,train
7382,train
7383,train
7384,val
7385,train
7387,train
7388,train
7389,test
7390,val
7391,test
7392,train
7393,train
7395,train
7396,val
7397,train
7398,val
7399,train
7400,test
7401,val
7402,train
7403,test
7404,test
7405,train
7406,train
7407,train
7408,train
7409,train
7410,train
7411,test
7412,train
7413,train
7415,train
7417,train
7418,train
7419,test
7420,test
7421,test
7422,val
7423,train
7424,train
7425,train
7426,train
7427,train
7428,train
7429,test
7430,train
7431,train
7432,train
7433,train
7434,train
7435,train
7436,train
7437,train
7438,test
7439,train
7440,train
7441,val
7442,train
7443,train
7444,train
7445,test
7446,train
7447,test
7448,train
7449,train
7451,train
7452,test
7453,train
7454,test
7456,train
7457,train
7458,train
7459,train
7460,train
7461,test
7462,train
7463,train
7464,train
7465,val
7466,train
7467,val
7468,train
7469,test
7470,val
7471,train
7472,test
7473,train
7474,train
7475,train
7476,train
7478,val
7479,train
7480,train
7481,train
7482,val
7483,train
7484,train
7485,train
7486,train
7487,train
7488,train
7489,train
7490,train
7491,train
7492,train
7493,test
7494,train
7495,test
7496,train
7497,train
7498,train
7500,train
7501,test
7502,train
7503,train
7507,train
7508,test
7509,train
7510,val
7511,train
7512,val
7513,train
7516,train
7518,train
7519,train
7520,train
7521,train
7522,test
7524,val
7525,train
7526,train
7527,train
7528,val
7529,val
7530,train
7531,train
7532,train
7533,train
7534,train
7536,train
7537,train
7538,train
7539,train
7540,train
7543,train
7544,val
7545,test
7546,test
7547,train
7548,val
7549,test
7550,val
7551,test
7552,val
7553,train
7554,val
7556,val
7557,train
7558,train
7560,train
7561,train
7562,test
7563,test
7564,val
7565,train
7566,train
7568,val
7569,train
7570,test
7571,train
7573,test
7574,train
7575,train
7576,train
7577,train
7578,train
7579,train
7580,train
7581,train
7582,train
7583,train
7584,val
7585,train
7586,test
7587,train
7588,train
7589,train
7590,train
7591,test
7592,train
7593,val
7594,test
7595,train
7596,train
7597,test
7598,train
7599,train
7600,train
7601,train
7602,train
7603,train
7604,train
7605,train
7606,train
7607,train
7608,train
7609,test
7610,train
7611,test
7612,val
7613,test
7614,val
7616,test
7618,train
7619,train
7620,train
7621,train
7622,train
7623,train
7624,val
7625,val
7626,train
7627,val
7628,train
7629,train
7630,train
7631,val
7632,train
7633,train
7634,val
7635,test
7636,test
7637,val
7638,train
7639,train
7640,train
7641,test
7642,train
7643,val
7644,train
7646,train
7648,train
7649,train
7650,train
7651,train
7653,val
7654,test
7655,train
7656,train
7657,train
7658,test
7659,train
7660,test
7661,train
7662,val
7663,val
7664,test
7665,val
7666,train
7667,val
7668,train
7669,train
7670,val
7671,val
7672,val
7673,train
7674,test
7675,train
7676,train
7677,train
7678,train
7679,train
7680,train
7681,test
7683,train
7684,val
7685,train
7686,test
7687,val
7688,test
7689,test
7691,train
7692,train
7693,train
7694,train
7695,val
7696,train
7697,train
7698,train
7700,val
7701,val
7702,train
7703,train
7704,train
7705,train
7706,train
7707,train
7708,train
7709,train
7710,train
7711,train
7713,train
7714,train
7715,train
7717,test
7718,train
7719,train
7720,train
7721,test
7722,train
7723,train
7724,train
7725,train
7726,train
7727,train
7728,train
7729,train
7730,train
7735,train
7736,train
7737,test
7738,test
7739,train
7740,test
7741,train
7743,train
7744,train
7745,test
7746,val
7747,train
7748,val
7749,val
7750,val
7751,train
7752,train
10275,test
10276,train
10277,train
10278,train
10279,train
10280,test
10282,train
10283,train
10284,train
10285,train
10286,train
10287,train
10288,test
10289,val
10290,train
10291,train
10292,train
10293,val
10294,val
10295,train
10297,train
10299,val
10300,train
10301,train
10302,test
10305,train
10306,test
10307,train
10308,train
10309,train
10310,train
10311,train
10312,train
10315,train
10316,train
10317,train
10318,train
10319,train
10320,train
10321,val
10322,train
10325,val
10326,val
10327,test
10329,train
10330,train
10331,train
10332,train
10333,train
10334,train
10336,val
10337,train
10338,train
10339,val
10340,train
10341,val
10342,test
10343,test
10344,train
10345,train
10346,val
10347,train
10348,train
10349,train
10350,train
10351,val
10352,train
10353,val
10354,train
10355,train
10357,test
10358,train
10359,train
10360,train
10361,train
10362,val
10363,train
10365,train
10366,val
10367,train
10368,train
10370,test
10371,val
10372,train
10373,train
10374,val
10376,train
10377,train
10378,train
10380,train
10381,train
10382,val
10383,val
10384,val
10385,train
10386,train
10388,val
10389,train
10390,test
10391,val
10394,train
10395,train
10396,train
10397,train
10398,test
10399,val
10400,train
10401,test
10402,val
10404,train
10405,test
10406,train
10407,train
10408,val
10409,train
10410,train
10411,train
10412,train
10413,val
10415,val
10416,train
10417,train
10419,train
10420,val
10422,train
10423,train
10425,train
10426,train
10427,val
10428,train
10431,train
10432,train
10433,train
10434,train
10435,val
10436,train
10437,train
10438,train
10440,val
10441,train
10443,val
10444,train
10448,train
10449,val
10450,train
10451,train
10452,test
10454,train
10455,train
10456,val
10458,test
10460,train
10462,val
10464,test
10465,train
10466,train
10467,train
10468,train
10469,train
10471,train
10472,train
10474,train
10479,val
10480,test
10481,train
10482,train
10483,train
10484,train
10485,train
10487,train
10488,test
10489,val
10492,val
10493,train
10495,test
10498,train
10499,train
10500,train
10502,train
10503,train
10505,train
10507,test
10508,train
10510,val
10514,train
10516,train
10517,train
10518,train
10519,train
10520,train
10521,test
10522,val
10523,train
10524,train
10525,train
10526,val
10527,test
10528,train
10529,train
10530,train
10531,train
10533,val
10534,train
10535,train
10536,train
10537,test
10538,train
10540,val
10542,val
10543,train
10544,train
10545,train
10546,train
10547,train
10548,train
10549,train
10550,train
10551,val
10552,train
10553,val
10557,train
10559,train
10561,train
10563,val
10565,train
10566,val
10568,train
10570,train
10571,train
10572,test
10573,val
10575,train
10576,train
10579,val
10581,train
10584,train
10585,test
10586,train
10587,train
10588,train
10590,train
10592,val
10596,train
10601,train
10602,train
10603,train
10604,train
10605,train
10606,train
10607,train
10608,train
10610,val
10612,train
10616,train
10617,train
10618,train
10619,test
10620,train
10621,val
10623,train
10624,val
10626,train
10628,val
10629,train
10630,val
10631,train
10632,val
10633,val
10635,test
10637,train
10639,val
10643,train
10645,val
10647,train
10648,train
10649,val
10650,test
10651,train
10656,train
10658,val
10659,train
10660,test
10663,train
10665,val
10666,val
10668,train
10671,val
10672,test
10674,val
10675,train
10676,train
10677,train
10678,val
10680,train
10681,train
10683,val
10685,train
10687,train
10689,test
10690,train
10691,test
10692,train
10693,val
10694,test
10697,train
10698,train
10700,val
10701,train
10702,train
10705,val
10706,test
10707,val
10708,train
10710,val
10711,train
10713,val
10715,val
10718,test
10720,val
10721,train
10723,train
10724,train
10725,val
10727,train
10729,train
10730,train
10731,train
10732,train
10733,train
10734,train
10736,test
10737,val
10738,train
10740,train
10741,train
10742,train
10744,val
10745,train
10751,train
10752,train
10753,train
10754,test
10755,train
10759,val
10760,train
10761,val
10762,train
10763,test
10765,test
10766,test
10769,train
10771,train
10772,train
10773,train
10774,train
10776,train
10777,train
10778,train
10779,train
10781,train
10783,train
10784,val
10786,val
10787,train
10789,train
10791,train
10792,train
10793,train
10794,train
10797,train
10801,train
10802,test
10805,train
10806,train
10807,train
10809,val
10810,test
10811,train
10812,train
10813,train
10816,train
10818,test
10819,train
10820,train
10821,train
10825,train
10826,train
10827,train
10829,train
10831,train
10832,train
10833,train
10834,train
10835,train
10836,train
10838,train
10839,train
10841,train
10843,train
10844,test
10846,train
10847,val
10848,train
10849,train
10850,train
10851,val
10852,train
10853,train
10854,train
10855,train
10856,test
10857,train
10858,train
10859,train
10860,train
10861,train
10862,train
10863,train
10865,train
10866,train
10867,train
10868,train
10869,test
10870,train
10871,train
10874,train
10875,train
10876,val
10877,val
10878,train
10879,train
10881,val
10882,train
10883,train
10884,train
10885,train
10887,train
10888,train
10890,train
10891,train
10892,test
10894,train
10895,train
10896,train
10897,test
10898,val
10900,train
10901,val
10902,train
10903,test
10904,train
10905,train
10906,train
10907,train
10908,train
10909,train
10910,train
10911,train
10912,train
10913,train
10914,train
10915,train
10916,train
10917,train
10918,train
10920,train
10921,train
10922,train
10923,val
10925,val
10926,test
10927,train
10928,train
10929,train
10931,train
10932,train
10933,train
10935,train
10936,train
10937,train
10938,train
10939,train
10940,train
10941,test
10943,train
10944,train
10945,test
10947,train
10948,val
10949,train
10953,train
10954,test
10955,test
10956,val
10957,train
10960,train
10961,train
10962,train
10963,test
10964,train
10966,test
10967,train
10969,test
10971,train
10972,train
10975,val
10976,train
10977,test
10978,train
10980,train
10981,val
10984,test
10985,train
10986,train
10987,train
10988,test
10990,train
10991,train
10992,train
10994,train
10997,train
10998,train
10999,train
11000,val
11001,train
11003,train
11004,train
11005,train
11006,train
11008,test
11010,test
11011,train
11012,train
11013,train
11014,val
11016,train
11017,val
11019,train
11022,train
11023,train
11024,train
11025,train
11026,train
11027,train
11028,train
11029,train
11030,train
11031,train
11032,train
11033,train
11036,val
11037,train
11038,train
11040,train
11041,train
11043,train
11044,train
11046,train
11048,train
11049,train
11050,train
11051,train
11055,train
11056,train
11057,train
11059,train
11060,test
11061,train
11062,train
11063,train
11064,test
11065,train
11067,test
11068,val
11069,train
11070,train
11071,test
11072,train
11073,train
11074,train
11075,train
11077,train
11078,train
11079,train
11080,train
11083,train
11085,train
11086,train
11087,train
11088,val
11089,train
11090,train
11091,train
11092,train
11093,train
11094,train
11095,val
11096,train
11097,train
11098,test
11099,train
11100,train
11102,val
11104,train
11106,train
11108,train
11109,train
11112,val
11115,train
11118,train
11120,val
11121,train
11122,train
11124,train
11126,train
11127,test
11128,train
11129,train
11130,val
11131,test
11133,train
11135,test
11136,train
11137,train
11138,train
11139,train
11143,test
11145,train
11146,train
11148,val
11149,train
11150,train
11151,train
11153,train
11154,train
11155,train
11156,train
11157,train
11159,train
11160,val
11161,train
11162,train
11163,train
11164,train
11165,train
11167,test
11169,train
11170,val
11171,train
11173,val
11175,train
11176,train
11178,train
11179,val
11180,test
11184,train
11186,test
11188,train
11189,test
11190,train
11192,train
11193,train
11195,train
11196,train
11199,train
11201,val
11202,test
11203,train
11204,train
11205,train
11207,train
11208,train
11210,train
11211,train
11213,train
11214,val
11215,val
11217,train
11220,train
11221,train
11223,train
11224,train
11225,train
11226,train
11227,val
11229,train
11232,train
11233,train
11236,val
11237,train
11239,train
11240,train
11241,val
11242,test
11243,train
11244,train
11245,train
11246,test
11247,train
11248,train
11250,val
11253,test
11254,test
11255,test
11257,val
11263,test
11264,train
11265,train
11267,train
11268,train
11269,train
11271,train
11273,train
11274,train
11275,val
11276,train
11277,val
11278,test
11279,train
11282,train
11283,train
11284,train
11285,train
11286,train
11289,val
11290,val
11291,train
11292,train
11293,train
11294,val
11295,train
11296,train
11298,train
11300,train
11301,test
11303,train
11304,test
11306,train
11307,val
11309,train
11310,val
11311,train
11313,train
11315,train
11316,train
11319,test
11321,train
11322,test
11323,train
11325,train
11326,train
11329,train
11331,test
11332,train
11334,train
11335,test
11336,train
11337,train
11338,test
11339,train
11342,train
11346,train
11347,val
11350,test
11352,train
11353,train
11354,train
11355,train
11356,train
11358,train
11359,train
11360,train
11361,train
11362,train
11364,val
11366,test
11367,train
11369,train
11370,train
11371,train
11372,train
11373,train
11374,train
11375,train
11378,train
11379,train
11381,train
11383,val
11385,train
11386,train
11390,train
11391,train
11392,train
11393,train
11395,test
11396,train
11398,val
11399,train
11400,train
11401,train
11402,train
11403,train
11404,val
11405,train
11406,val
11407,test
11408,train
11409,train
11412,train
11416,train
11418,train
11419,train
11421,train
11424,train
11426,train
11427,val
11428,test
11429,train
11430,train
11431,train
11432,train
11433,train
11435,train
11436,train
11438,train
11439,train
11440,val
11441,test
11444,train
11446,train
11447,val
11448,train
11449,train
11450,train
11451,train
11455,train
11457,train
11460,test
11461,test
11462,train
11465,train
11466,val
11467,train
11472,train
11473,val
11474,train
11475,val
11476,train
11477,test
11478,train
11479,val
11480,train
11482,train
11483,train
11487,train
11488,test
11489,train
11490,test
11491,train
11492,train
11493,train
11494,train
11495,train
11497,train
11498,train
11500,test
11501,val
11504,val
11505,test
11508,train
11509,train
11510,train
11511,train
11512,val
11513,train
11514,train
11515,test
11516,train
11518,train
11519,train
11521,val
11522,val
11525,train
11526,val
11528,train
11530,val
11531,train
11533,val
11534,train
11535,train
11538,train
11539,train
11540,train
11541,train
11542,test
11543,train
11545,val
11546,train
11547,test
11548,val
11549,train
11550,test
11551,test
11552,train
11553,test
11554,train
11555,train
11556,train
11558,train
11560,test
11561,train
11563,train
11564,train
11565,train
11566,test
11567,val
11570,train
11571,train
11572,train
11574,train
11575,train
11578,train
11582,train
11584,train
11587,test
11588,train
11589,train
11592,train
11593,train
11595,train
11596,train
11598,train
11599,train
11602,test
11605,train
11606,test
11609,train
11610,train
11615,val
11616,train
11617,train
11618,val
11621,train
11622,train
11623,test
11625,train
11627,val
11629,train
11632,train
11633,train
11635,train
11637,val
11638,test
11640,test
11641,val
11642,train
11643,train
11646,val
11649,train
11650,train
11652,train
11653,train
11655,val
11656,train
11659,test
11661,train
11662,test
11664,test
11665,val
11667,train
11668,test
11669,train
11670,test
11671,train
11672,train
11673,test
11674,train
11675,test
11677,train
11684,train
11685,test
11687,val
11688,train
11689,train
11690,test
11692,val
11695,train
11696,train
11697,val
11699,train
11700,val
11701,train
11702,train
11703,train
11704,train
11705,train
11707,train
11708,train
11709,train
11710,test
11711,train
11712,test
11715,test
11716,train
11718,train
11719,val
11721,train
11724,train
11726,val
11728,train
11732,train
11736,train
11737,test
11739,train
11740,train
11742,train
11744,train
11745,train
11746,train
11747,train
11748,train
11750,train
11752,train
11755,train
11756,train
11757,train
11758,test
11759,val
11760,train
11761,train
11763,train
11765,train
11766,train
11768,train
11769,train
11770,train
11771,train
11772,train
11773,test
11774,val
11775,train
11776,train
11777,train
11778,train
11779,train
11784,train
11785,test
11786,train
11787,train
11788,val
11789,train
11790,train
11791,val
11792,train
11793,test
11794,test
11795,train
11796,test
11797,train
11798,train
11799,val
11800,train
11801,train
11802,train
11803,test
11804,train
11805,test
11806,val
11807,train
11809,train
11812,val
11814,val
11816,train
11817,train
11818,test
11819,val
11820,train
11821,train
11822,train
11823,train
11825,train
11826,val
11827,train
11828,train
11829,test
11830,train
11831,train
11833,train
11834,train
11836,test
11837,val
11838,train
11839,train
11840,train
11841,train
11842,train
11843,train
11845,val
11846,train
11847,train
11849,train
11850,train
11852,test
11853,train
11854,train
11855,test
11856,train
11857,val
11858,train
11859,train
11860,train
11861,val
11862,test
11863,train
11865,train
11866,train
11867,train
11868,train
11870,test
11871,train
11872,val
11875,val
11876,train
11877,val
11880,train
11881,val
11882,train
11883,train
11884,train
11885,val
11887,train
11888,train
11889,test
11890,test
11892,val
11893,train
11895,train
11896,train
11897,train
11898,test
11899,test
11901,train
11903,train
11904,train
11905,test
11906,train
11908,test
11909,train
11910,test
11911,test
11912,train
11914,train
11916,val
11917,test
11918,val
11919,train
11921,test
11925,train
11926,val
11928,train
11930,test
11931,test
11932,train
11933,train
11934,test
11936,train
11939,train
11940,train
11941,val
11944,test
11945,train
11946,train
11947,train
11948,train
11949,train
11951,train
11953,train
11954,train
11956,train
11958,train
11959,test
11960,test
11962,test
11964,train
11965,train
11967,val
11970,test
11973,val
11974,train
11975,train
11978,train
11979,train
11980,train
11981,test
11983,val
11985,val
11986,train
11993,train
11994,train
11995,train
11996,val
11998,val
11999,test
12000,train
12002,train
12003,train
12005,train
12006,test
12007,train
12008,test
12009,val
12010,train
12011,val
12012,train
12013,train
12014,train
12016,train
12017,train
12019,train
12020,train
12021,test
12023,train
12024,val
12025,train
12026,train
12027,train
12029,train
12030,val
12033,val
12034,test
12035,train
12037,train
12038,train
12042,train
12045,train
12046,test
12047,train
12049,train
12050,train
12051,train
12052,test
12053,val
12054,val
12055,val
12056,train
12057,train
12058,train
12059,train
12060,train
12061,train
12063,train
12064,val
12065,train
12070,train
12071,train
12072,train
12073,train
12075,train
12076,train
12079,test
12080,train
12082,train
12083,test
12084,train
12086,train
12088,train
12089,train
12090,train
12091,train
12092,train
12093,train
12094,train
12095,train
12098,train
12102,train
12103,train
12104,train
12105,train
12106,test
12107,train
12110,train
12111,test
12112,train
12114,test
12116,train
12117,val
12120,test
12124,test
12125,train
12126,val
12127,val
12128,train
12129,test
12131,train
12132,val
12133,train
12134,train
12135,train
12137,train
12138,val
12143,train
12144,test
12146,test
12149,train
12150,train
12152,train
12153,train
12154,train
12155,val
12156,val
12158,train
12160,train
12163,train
12164,val
12165,train
12166,train
12167,train
12168,val
12170,val
12171,test
12172,train
12173,train
12176,train
12177,val
12179,test
12181,val
12182,train
12184,train
12185,train
12186,train
12187,train
12188,val
12189,train
12190,val
12192,train
12196,test
12198,train
12199,val
12201,test
12203,train
12204,train
12208,train
12210,train
12211,train
12212,train
12214,test
12215,train
12218,test
12219,train
12221,test
12225,val
12226,train
12227,train
12228,test
12230,train
12232,train
12233,test
12234,train
12235,train
12237,train
12238,train
12239,train
12242,train
12245,train
12246,train
12247,val
12248,train
12249,train
12250,train
12252,train
12253,val
12254,train
12256,train
12257,train
12258,train
12260,val
12262,train
12263,train
12265,val
12266,train
12267,val
12268,train
12271,train
12272,train
12273,train
12275,train
12276,train
12277,train
12278,train
12279,train
12281,val
12282,train
12283,train
12284,train
12286,train
12287,train
12288,train
12290,train
12291,train
12292,train
12293,train
12294,val
12295,val
12297,train
12299,train
12300,train
12301,train
12302,train
12304,train
12305,train
12306,test
12307,train
12308,train
12309,test
12311,train
12312,test
12313,train
12314,train
12316,train
12317,train
12321,val
12323,train
12324,train
12325,train
12326,train
12329,val
12331,test
12332,val
12333,val
12334,train
12335,val
12336,train
12337,val
12338,train
12339,train
12341,val
12343,test
12344,test
12345,train
12346,train
12347,train
12348,val
12352,train
12353,train
12354,val
12355,train
12357,train
12358,train
12359,train
12361,test
12362,train
12363,train
12364,train
12365,train
12368,val
12370,test
12371,test
12372,train
12373,test
12374,train
12375,train
12376,test
12379,train
12380,train
12382,val
12383,val
12385,train
12386,train
12388,train
12389,train
12391,train
12392,test
12393,train
12394,train
12396,train
12397,train
12401,val
12403,train
12404,train
12405,test
12406,train
12407,test
12408,train
12409,train
12411,train
12412,train
12413,test
12414,train
12416,train
12417,test
12418,train
12419,train
12421,train
12422,train
12423,val
12424,train
12425,train
12426,train
12427,test
12428,train
12429,train
12432,test
12433,train
12434,train
12435,train
12436,train
12437,val
12438,test
12439,val
12440,train
12441,train
12442,val
12444,test
12445,train
12446,train
12447,train
12448,train
12450,train
12452,train
12453,train
12454,val
12455,train
12457,train
12462,train
12463,train
12464,train
12465,val
12466,train
12467,val
12471,train
12472,train
12476,val
12478,train
12480,train
12481,train
12482,train
12483,train
12484,train
12488,train
12490,val
12493,train
12495,train
12496,train
12497,val
12498,val
12499,train
12500,test
12501,train
12503,test
12504,train
12506,train
12509,val
12510,test
12512,train
12513,val
12514,train
12516,test
12517,train
12518,val
12519,train
12520,train
12521,train
12522,train
12523,test
12525,test
12526,test
12528,train
12529,train
12530,test
12532,train
12536,train
12540,val
12541,val
12545,val
12547,train
12548,train
12549,train
12550,train
12552,val
12556,train
12557,train
12558,train
12561,test
12562,train
12565,train
12566,train
12567,test
12568,train
12570,test
12572,train
12573,train
12574,train
12575,val
12576,train
12577,train
12578,val
12579,test
12581,train
12582,train
12585,train
12588,train
12589,test
12591,val
12592,train
12593,train
12598,test
12602,val
12603,train
12605,train
12606,val
12607,train
12611,train
12612,test
12613,train
12614,train
12616,test
12618,train
12619,train
12621,train
12622,train
12623,train
12624,test
12625,train
12627,val
12628,val
12629,train
12630,train
12632,train
12634,train
12635,train
12639,train
12642,train
12644,train
12648,val
12649,train
12650,test
12651,train
12653,test
12657,train
12659,test
12666,train
12667,test
12669,train
12672,train
12673,train
12675,train
12678,train
12682,train
12684,val
12687,train
12688,test
12690,val
12696,val
12698,train
12700,train
12701,train
12703,test
12704,test
12705,val
12706,train
12707,train
12708,test
12709,train
12710,train
12712,train
12713,val
12716,val
12718,train
12720,train
12721,train
12722,train
12723,train
12724,train
12727,train
12731,train
12732,test
12735,train
12736,test
12738,train
12739,train
12741,test
12742,train
12745,train
12748,train
12750,val
12754,train
12755,train
12756,train
12757,test
12758,test
12760,val
12761,train
12763,test
12765,val
12771,train
12772,train
12773,test
12775,train
12776,train
12780,val
12781,train
12782,train
12784,train
12786,test
12787,test
12790,train
12791,test
12796,train
12798,train
12800,val
12801,val
12802,val
12803,train
12804,train
12805,train
12806,test
12807,train
12810,train
12813,train
12814,train
12817,val
12819,val
12820,train
12821,train
12822,train
12823,train
12825,train
12827,test
12829,val
12830,val
12831,test
12833,train
12834,train
12835,train
12837,train
12839,test
12840,train
12841,train
12842,train
12843,train
12846,train
12848,train
12849,val
12850,val
12851,train
12854,train
12856,train
12857,val
12859,val
12860,train
12862,train
12863,train
12864,val
12865,train
12868,train
12869,test
12870,val
12872,train
12873,train
12874,train
12875,train
12876,train
12878,val
12880,train
12881,train
12882,val
12883,test
12884,train
12887,train
12888,test
12892,train
12894,val
12895,train
12896,val
12897,val
12899,train
12900,test
12903,val
12904,train
12905,train
12906,train
12907,train
12910,test
12911,train
12917,train
12919,test
12921,test
12923,test
12926,train
12927,test
12928,train
12933,train
12934,train
12939,train
12940,train
12941,train
12942,train
12946,train
12947,train
12949,train
12951,train
12953,train
12956,val
12957,train
12958,train
12959,test
12960,test
12961,train
12962,train
12967,train
12968,test
12969,train
12971,train
12974,train
12975,train
12976,val
12977,val
12978,train
12979,test
12981,val
12982,train
12984,val
12985,val
12987,train
12988,train
12991,val
12994,train
12998,train
12999,test
13000,train
13001,train
13004,train
13005,train
13006,train
13007,train
13008,val
13009,train
13010,test
13012,test
13014,train
13015,train
13016,train
13019,train
13020,train
13022,train
13024,train
13026,train
13027,train
13028,train
13029,train
13030,train
13031,test
13032,train
13034,train
13035,test
13036,val
13037,train
13038,train
13040,train
13041,val
13042,train
13043,val
13044,test
13050,val
13052,test
13054,train
13057,test
13059,train
13063,train
13065,val
13066,train
13067,val
13068,val
13069,train
13072,train
13074,train
13075,train
13076,val
13077,test
13080,train
13081,train
13082,train
13083,test
13084,train
13085,train
13086,train
13092,test
13093,train
13094,val
13095,test
13098,val
13100,train
13101,test
13102,train
13103,val
13107,val
13108,train
13112,val
13114,train
13115,val
13116,train
13117,test
13120,train
13122,train
13123,val
13125,train
13128,test
13129,train
13130,train
13131,val
13132,train
13133,train
13134,train
13135,train
13137,train
13142,train
13143,val
13144,val
13145,train
13149,train
13151,train
13155,train
13156,val
13157,train
13158,train
13159,val
13160,train
13163,train
13165,val
13166,val
13167,test
13169,train
13170,train
13172,train
13173,train
13174,train
13175,train
13176,test
13177,train
13179,train
13181,test
13183,train
13184,train
13189,train
13190,train
13191,train
13192,train
13193,train
13194,train
13195,train
13196,train
13197,train
13199,test
13200,train
13201,val
13202,train
13203,test
13205,train
13207,test
13208,train
13209,train
13211,train
13213,train
13214,train
13215,train
13216,train
13217,train
13218,train
13219,train
13220,train
13222,train
13224,train
13226,train
13227,test
13230,train
13231,train
13232,train
13234,train
13235,train
13236,train
13237,train
13240,train
13241,train
13243,train
13244,train
13246,train
13248,test
13249,train
13251,train
13253,train
13256,test
13262,test
13263,test
13265,train
13268,train
13269,train
13270,train
13273,train
13274,train
13275,val
13276,train
13277,train
13279,train
13280,train
13281,train
13284,test
13285,val
13286,train
13287,train
13288,train
13289,train
13290,train
13293,train
13294,train
13299,train
13301,train
13303,train
13304,train
13305,train
13308,train
13311,test
13313,train
13314,test
13315,train
13317,train
13319,test
13320,val
13321,train
13322,test
13323,train
13324,train
13328,train
13331,train
13332,test
13333,val
13338,val
13339,test
13341,train
13342,train
13343,train
13344,val
13346,test
13347,train
13348,train
13349,train
13350,train
13351,val
13352,test
13354,train
13357,train
13358,train
13359,train
13361,train
13362,train
13366,train
13367,train
13369,train
13371,val
13372,train
13373,test
13374,val
13375,test
13377,train
13380,train
13383,train
13384,train
13385,val
13386,train
13387,train
13389,train
13391,train
13393,train
13394,train
13397,train
13398,train
13399,train
13400,test
13401,train
13402,train
13404,train
13406,train
13407,test
13408,train
13409,train
13411,train
13413,train
13415,train
13416,train
13420,val
13421,train
13422,test
13423,val
13425,train
13426,train
13430,test
13431,train
13432,train
13433,train
13436,train
13437,train
13439,train
13440,train
13441,train
13444,train
13445,train
13446,val
13447,test
13449,val
13454,train
13455,train
13456,train
13457,test
13460,train
13461,train
13463,train
13465,val
13470,train
13471,train
13472,train
13473,train
13474,train
13476,train
13477,val
13481,test
13483,train
13485,train
13486,train
13487,train
13488,train
13489,test
13491,train
13493,train
13494,train
13496,val
13497,train
13498,train
13499,train
13500,train
13506,train
13508,train
13512,train
13513,train
13514,train
13516,train
13517,test
13518,train
13519,train
13520,train
13522,test
13523,train
13524,test
13526,train
13527,train
13529,train
13530,test
13531,train
13533,train
13534,train
13536,val
13537,train
13540,train
13541,test
13542,test
13543,train
13544,train
13546,train
13547,train
13549,train
13550,train
13552,train
13554,val
13555,train
13556,train
13558,train
13559,train
13560,train
13561,val
13562,train
13563,train
13564,val
13566,test
13568,train
13569,test
13571,test
13572,val
13573,train
13576,train
13577,val
13578,val
13580,train
13581,train
13582,train
13583,train
13584,train
13585,train
13587,train
13591,test
13592,val
13593,val
13594,train
13596,train
13597,train
13598,train
13599,train
13600,train
13603,val
13604,train
13606,train
13607,train
13608,train
13609,train
13614,train
13615,train
13617,train
13618,train
13619,val
13622,test
13624,train
13626,train
13627,train
13629,train
13632,train
13633,train
13635,train
13636,train
13638,train
13639,val
13640,train
13641,train
13642,test
13644,train
13645,train
13646,test
13647,train
13648,test
13649,train
13650,train
13651,train
13652,train
13653,val
13654,train
13656,train
13658,train
13659,train
13662,train
13664,train
13665,train
13666,test
13667,val
13668,test
13669,train
13674,test
13676,train
13677,test
13678,train
13679,train
13683,test
13684,train
13685,val
13687,val
13688,train
13689,train
13690,train
13691,train
13692,train
13693,train
13694,train
13695,train
13697,test
13698,train
13705,test
13707,val
13710,train
13711,test
13712,train
13716,train
13717,train
13720,train
13721,train
13722,train
13726,train
13729,train
13730,train
13731,train
13734,test
13736,val
13739,train
13741,train
13743,train
13748,train
13749,test
13750,val
13752,train
13755,train
13756,train
13760,val
13761,val
13763,train
13764,val
13765,train
13770,train
13771,val
13772,test
13773,train
13774,train
13778,train
13780,train
13782,test
13783,test
13786,train
13787,val
13789,train
13796,train
13797,train
13803,test
13804,val
13805,train
13806,val
13809,train
13813,test
13814,test
13816,train
13818,train
13819,train
13820,val
13821,val
13822,train
13823,train
13826,test
13827,train
13828,val
13829,train
13830,val
13834,train
13835,train
13836,train
13837,test
13839,train
13840,test
13841,train
13843,train
13844,train
13845,train
13846,train
13847,train
13849,train
13851,test
13852,val
13853,train
13854,train
13855,test
13856,train
13857,train
13858,val
13860,train
13861,train
13862,val
13864,test
13867,train
13869,test
13871,test
13873,train
13877,train
13878,val
13879,test
13882,test
13883,train
13884,test
13885,train
13887,val
13888,train
13892,test
13893,test
13895,train
13898,train
13899,train
13900,train
13903,train
13904,train
13905,train
13906,val
13908,train
13909,train
13913,train
13914,val
13915,train
13917,val
13919,train
13920,val
13921,train
13924,train
13926,train
13927,train
13928,test
13929,train
13932,train
13933,train
13935,test
13936,train
13938,test
13939,test
13940,train
13941,train
13942,train
13943,train
13944,train
13946,train
13947,val
13950,train
13951,train
13952,train
13955,train
13956,train
13960,train
13961,train
13962,train
13963,train
13964,train
13965,train
13966,train
13967,train
13968,val
13969,val
13973,train
13974,train
13975,train
13976,train
13977,test
13978,test
13980,train
13983,train
13984,test
13990,train
13991,train
13992,test
13995,train
13998,val
13999,train
14002,train
14003,train
14004,train
14005,train
14007,val
14010,train
14012,train
14014,train
14016,train
14017,train
14021,val
14025,train
14027,val
14029,train
14030,train
14033,train
14036,train
14037,val
14039,train
14041,train
14042,train
14044,train
14045,train
14046,val
14047,train
14048,train
14049,train
14050,train
14051,train
14053,train
14054,val
14055,train
14056,train
14060,test
14063,test
14065,train
14066,train
14068,train
14071,val
14072,train
14073,train
14075,test
14080,val
14081,train
14082,train
14084,train
14086,val
14087,train
14089,train
14090,val
14091,train
14092,train
14094,train
14097,train
14099,train
14100,train
14101,train
14102,train
14103,train
14104,test
14105,val
14107,val
14108,val
14109,train
14110,train
14111,train
14114,train
14115,train
14116,train
14117,train
14119,train
14120,train
14122,train
14123,train
14124,train
14125,test
14126,train
14127,train
14128,train
14129,train
14131,train
14132,test
14134,train
14135,train
14137,train
14138,test
14139,train
14140,train
14141,train
14143,train
14144,val
14145,val
14148,val
14149,train
14152,train
14155,test
14156,train
14158,train
14160,train
14161,train
14162,train
14165,val
14166,train
14168,train
14169,val
14172,train
14174,train
14175,train
14179,train
14181,train
14182,train
14183,val
14186,train
14187,train
14188,train
14190,train
14191,train
14195,val
14196,val
14197,train
14198,train
14199,val
14200,val
14202,train
14203,train
14204,train
14205,train
14209,train
14213,train
14215,val
14216,train
14217,test
14218,train
14221,test
14223,train
14224,train
14225,train
14226,train
14227,val
14228,train
14229,train
14230,val
14233,train
14234,train
14237,train
14238,train
14239,val
14240,test
14242,train
14245,train
14248,train
14249,train
14250,train
14252,train
14254,train
14255,val
14257,test
14258,train
14259,train
14260,test
14261,train
14264,train
14265,train
14267,train
14268,test
14269,train
14270,train
14271,test
14273,train
14274,train
14276,train
14279,train
14280,train
14282,train
14283,train
14285,train
14290,train
14291,train
14295,train
14296,train
14297,val
14298,train
14301,train
14302,test
14307,test
14312,train
14313,train
14318,test
14321,train
14322,val
14323,val
14325,train
14326,train
14327,test
14328,test
14329,train
14330,test
14331,train
14332,train
14333,train
14334,train
14335,train
14337,train
14342,train
14343,val
14346,train
14348,train
14349,val
14352,test
14353,test
14354,train
14355,train
14356,test
14357,train
14358,train
14359,train
14360,train
14361,val
14362,train
14363,train
14365,train
14369,val
14370,train
14371,train
14372,val
14373,val
14374,train
14375,train
14376,train
14377,val
14378,train
14379,train
14380,train
14382,test
14385,train
14386,train
14387,test
14389,train
14390,val
14391,train
14392,train
14394,train
14396,val
14397,train
14398,val
14399,train
14400,test
14403,test
14404,val
14405,test
14406,val
14407,train
14409,train
14410,train
14411,train
14413,train
14415,train
14416,train
14417,train
14418,train
14421,train
14422,train
14424,train
14426,train
14427,train
14428,train
14429,train
14431,train
14433,train
14435,train
14436,train
14437,train
14438,train
14441,train
14443,train
14446,val
14447,test
14448,train
14449,train
14453,train
14454,train
14455,val
14456,train
14457,train
14458,val
14459,train
14463,test
14466,train
14467,val
14469,train
14470,train
14471,train
14472,val
14473,val
14474,train
14475,val
14476,test
14477,val
14479,train
14481,train
14482,val
14483,train
14485,train
14488,train
14491,train
14492,train
14494,val
14496,train
14497,train
14498,train
14500,train
14501,train
14502,train
14503,train
14504,val
14506,train
14507,train
14508,test
14510,train
14513,train
14515,train
14518,train
14521,test
14524,train
14526,train
14527,test
14529,val
14530,train
14531,test
14534,train
14535,train
14536,test
14537,train
14538,train
14539,train
14540,train
14541,train
14542,train
14543,train
14544,train
14545,train
14547,train
14548,val
14549,train
14550,train
14555,train
14556,val
14557,test
14558,train
14559,train
14560,train
14561,val
14562,train
14563,train
14564,test
14565,train
14566,test
14567,train
14568,train
14570,train
14571,val
14572,test
14573,train
14574,train
14575,val
14576,train
14578,train
14579,train
14580,train
14581,train
14583,train
14584,train
14585,test
14586,train
14587,val
14590,train
14591,train
14592,val
14593,train
14595,test
14596,train
14597,train
14598,val
14599,val
14600,train
14601,train
14602,train
14604,train
14605,train
14606,train
14607,test
14608,val
14609,train
14610,train
14611,train
14613,train
14614,train
14617,val
14619,train
14620,train
14622,train
14624,test
14626,val
14629,test
14630,train
14631,test
14632,val
14633,train
14637,val
14638,train
14639,val
14640,train
14641,train
14642,test
14643,train
14645,train
14648,train
14649,val
14650,test
14652,train
14653,train
14654,train
14655,train
14656,train
14657,test
14659,train
14660,train
14663,train
14664,train
14666,val
14667,train
14669,train
14671,test
14672,val
14675,train
14676,train
14677,train
14678,train
14679,train
14682,val
14683,val
14684,train
14686,train
14688,train
14691,train
14692,train
14693,test
14694,val
14695,train
14697,train
14698,train
14701,train
14702,train
14705,train
14706,train
14707,train
14710,train
14711,train
14712,train
14713,test
14714,train
14716,train
14717,train
14719,train
14720,train
14721,test
14723,train
14725,train
14727,train
14728,val
14732,val
14733,train
14735,train
14736,train
14739,train
14740,val
14741,train
14742,train
14743,train
14745,train
14746,train
14747,train
14750,train
14751,test
14752,val
14754,train
14755,test
14756,train
14758,test
14759,val
14760,train
14761,train
14762,train
14763,train
14764,train
14765,test
14766,train
14767,train
14768,train
14769,train
14771,train
14773,train
14774,train
14776,train
14777,test
14778,train
14783,test
14784,train
14787,val
14788,train
14789,val
14790,train
14792,train
14793,test
14794,test
14796,val
14797,train
14798,train
14799,val
14800,train
14801,train
14804,val
14805,train
14811,test
14813,train
14814,train
14815,val
14816,train
14818,train
14820,train
14822,train
14823,train
14826,val
14827,test
14828,train
14829,test
14830,train
14831,train
14833,test
14834,train
14835,val
14836,test
14837,train
14839,val
14840,train
14841,test
14842,train
14843,test
14845,val
14847,train
14848,test
14849,train
14851,train
14853,test
14854,train
14856,train
14857,train
14858,train
14859,train
14862,train
14864,train
14865,train
14866,train
14867,train
14868,val
14869,train
14870,train
14873,val
14874,train
14875,train
14876,val
14877,train
14878,train
14880,val
14881,test
14885,train
14886,test
14887,val
14889,train
14892,train
14893,test
14895,test
14896,train
14897,val
14899,train
14900,test
14901,train
14903,train
14905,train
14907,train
14908,train
14909,test
14910,train
14911,train
14912,train
14914,train
14916,train
14917,train
14921,train
14922,train
14923,test
14925,train
14926,train
14928,train
14929,test
14930,train
14931,train
14932,train
14933,train
14935,train
14936,train
14937,train
14939,test
14940,test
14941,train
14944,train
14948,train
14949,train
14950,train
14951,train
14953,test
14955,train
14957,train
14958,train
14959,test
14961,train
14962,test
14963,val
14964,val
14967,train
14968,train
14969,test
14970,train
14971,train
14972,train
14973,val
14974,train
14977,train
14978,train
14981,test
14982,train
14985,test
14986,test
14991,train
14993,train
14996,train
14997,train
14999,train
15001,val
15003,train
15005,train
15007,val
15008,train
15011,train
15013,test
15014,train
15016,train
15018,val
15025,train
15026,train
15027,train
15029,test
15030,train
15031,train
15032,test
15033,val
15041,train
15042,train
15044,train
15045,train
15046,train
15048,train
15050,train
15051,train
15052,test
15055,train
15056,train
15057,train
15058,test
15059,train
15060,train
15061,train
15063,val
15066,train
15068,train
15069,train
15070,train
15071,test
15072,test
15073,test
15075,test
15076,val
15077,train
15079,train
15080,test
15082,train
15083,train
15087,train
15088,train
15091,val
15098,train
15102,train
15103,train
15109,train
15110,val
15111,train
15114,train
15115,test
15117,train
15118,train
15119,train
15120,train
15124,train
15125,val
15126,train
15127,train
15135,test
15136,train
15137,test
15139,train
15140,train
15142,train
15143,train
15144,train
15146,train
15148,train
15149,train
15150,train
15151,test
15154,train
15158,test
15162,train
15163,train
15164,train
15166,train
15168,val
15170,train
15175,val
15176,train
15178,test
15181,train
15182,train
15186,train
15188,test
15190,train
15191,val
15192,train
15194,train
15197,val
15199,train
15203,train
15204,train
15206,train
15209,test
15211,train
15212,test
15213,test
15214,train
15216,train
15219,val
15221,test
15223,val
15225,train
15226,train
15228,val
15230,train
15232,train
15233,test
15234,train
15236,train
15237,train
15238,train
15241,train
15242,val
15243,train
15244,train
15247,test
15248,train
15249,train
15251,val
15252,val
15255,train
15257,train
15259,train
15262,train
15263,train
15266,train
15268,train
15270,train
15271,train
15272,train
15273,test
15274,train
15275,train
15277,train
15278,train
15279,train
15280,val
15281,test
15282,train
15283,train
15284,train
15286,val
15287,train
15290,test
15293,train
15295,train
15296,test
15297,train
15298,train
15299,test
15301,train
15302,train
15305,test
15307,train
15308,train
15309,train
15310,test
15311,val
15313,train
15315,train
15316,train
15317,val
15318,train
15320,test
15322,test
15323,train
15324,train
15330,val
15333,train
15334,train
15338,train
15339,val
15341,train
15343,train
15344,train
15345,train
15346,test
15347,train
15348,train
15351,train
15354,train
15356,train
15359,train
15360,val
15361,train
15362,train
15363,train
15364,test
15367,train
15370,test
15371,val
15372,train
15373,train
15376,train
15379,test
15381,train
15382,val
15386,train
15387,train
15388,train
15389,train
15391,train
15392,train
15393,train
15394,train
15395,train
15397,val
15398,train
15399,train
15402,train
15403,train
15406,train
15407,train
15408,train
15410,train
15411,test
15412,train
15414,val
15416,train
15417,train
15419,val
15420,train
15423,train
15425,train
15426,train
15427,train
15431,train
15432,train
15434,train
15438,train
15440,train
15442,train
15443,test
15444,val
15447,val
15451,train
15452,test
15453,val
15454,train
15457,train
15461,train
15462,train
15463,test
15464,val
15465,train
15472,train
15473,train
15474,test
15475,train
15476,val
15481,test
15482,train
15484,train
15486,train
15487,train
15490,train
15491,train
15492,train
15493,train
15494,train
15496,train
15498,train
15499,train
15501,test
15502,train
15503,val
15504,train
15506,val
15507,train
15508,train
15510,train
15514,val
15516,train
15517,test
15518,val
15519,train
15521,val
15522,val
15523,train
15524,train
15525,train
15526,test
15529,train
15531,train
15532,val
15533,train
15534,train
15535,val
15536,train
15537,train
15538,train
15539,train
15541,train
15542,test
15543,train
15544,train
15546,train
15548,test
15549,train
15550,train
15551,train
15552,train
15553,train
15554,test
15556,train
15558,test
15559,test
15561,val
15562,train
15564,train
15566,train
15567,train
15568,train
15569,train
15570,train
15574,val
15575,test
15576,train
15580,train
15581,train
15582,test
15585,val
15587,val
15589,train
15591,train
15592,train
15593,train
15595,train
15597,train
15598,train
15601,train
15602,test
15604,test
15606,train
15609,test
15610,train
15612,train
15613,val
15614,train
15615,val
15616,test
15617,train
15618,test
15622,train
15623,test
15624,train
15626,test
15627,train
15631,train
15632,val
15633,train
15634,train
15635,val
15636,test
15641,train
15643,train
15644,test
15645,test
15647,val
15649,train
15650,train
15652,train
15654,test
15657,test
15659,test
15660,train
15661,val
15662,train
15663,train
15667,train
15668,train
15670,train
15671,train
15672,train
15673,test
15676,val
15680,train
15683,train
15684,train
15685,train
15687,test
15689,train
15690,test
15692,train
15694,train
15696,train
15697,train
15700,test
15701,train
15702,val
15706,val
15707,train
15709,train
15711,train
15715,train
15719,train
15720,train
15721,test
15725,train
15726,train
15729,train
15730,val
15731,train
15732,train
15733,test
15735,train
15736,train
15739,test
15740,test
15741,train
15745,train
15752,train
15754,train
15757,train
15760,train
15761,train
15762,test
15763,train
15764,train
15766,train
15769,train
15771,test
15777,train
15778,train
15781,train
15784,train
15787,train
15788,train
15789,train
15790,val
15793,train
15795,train
15796,train
15797,train
15799,train
15800,val
15801,val
15802,val
15803,train
15804,test
15805,train
15806,train
15807,train
15809,train
15811,train
15812,train
15813,train
15815,train
15816,train
15817,test
15818,test
15819,train
15820,train
15823,train
15824,train
15826,train
15827,train
15830,train
15833,train
15836,train
15839,train
15841,train
15842,train
15846,train
15849,train
15851,train
15857,train
15858,train
15859,train
15861,train
15864,test
15865,train
15867,val
15868,val
15871,train
15872,test
15873,train
15875,test
15876,train
15877,train
15881,train
15884,train
15885,train
15888,val
15889,train
15891,val
15892,train
15893,train
15894,train
15896,val
15906,train
15907,train
15908,train
15910,train
15911,test
15912,train
15913,train
15919,test
15920,test
15923,train
15927,train
15929,train
15933,train
15935,val
15938,train
15939,train
15940,train
15942,train
15943,test
15946,train
15949,train
15952,val
15953,train
15955,test
15967,train
15974,train
15985,train
15986,train
15993,train
15998,train
16007,test
16014,train
16019,train
16024,train
16027,train
16029,train
16030,train
16031,val
16034,train
16043,train
16046,val
16050,test
16052,train
16053,train
16055,val
16057,train
16060,test
16062,train
16067,val
16069,train
16070,train
16071,train
16073,train
16081,train
16089,train
16091,train
16092,train
16098,val
16100,test
16108,train
16110,val
16112,val
16115,train
16118,train
16119,train
16121,val
16123,train
16126,val
16128,train
16130,train
16131,train
16132,train
16133,test
16134,train
16137,test
16141,train
16143,test
16145,train
16148,train
16149,train
16156,train
16159,train
16168,test
16170,train
16171,train
16172,train
16175,val
16177,train
16184,train
16189,train
16193,val
16196,train
16200,train
16201,train
16203,val
16206,test
16207,test
16208,val
16209,train
16210,val
16212,train
16213,train
16217,train
16218,train
16219,test
16220,train
16224,train
16225,train
16227,train
16228,train
16230,train
16232,train
16233,test
16234,train
16236,train
16239,test
16243,train
16245,train
16246,test
16249,train
16250,train
16251,train
16254,train
16255,train
16257,test
16258,train
16259,train
16260,val
16261,train
16266,test
16267,val
16270,test
16274,val
16277,train
16287,train
16290,train
16292,train
16297,train
16298,train
16299,train
16301,val
16304,train
16310,train
16317,train
16320,train
16321,test
16322,train
16323,train
16329,train
16330,train
16331,train
16336,val
16338,val
16342,train
16349,val
16350,test
16351,train
16353,train
16354,train
16358,train
16364,train
16365,train
16366,train
16368,train
16369,train
16370,train
16372,test
16376,test
16378,train
16379,train
16391,train
16402,test
16403,train
16404,val
16405,test
16406,train
16410,train
16411,test
16412,train
16413,test
16415,val
16416,train
16420,train
16421,test
16431,val
16432,train
16433,train
16436,train
16442,test
16445,train
16447,train
16448,train
16449,train
16452,train
16455,test
16456,train
16464,test
16468,test
16469,train
16473,train
16476,train
16482,train
16483,val
16485,train
16490,train
16492,train
16493,test
16496,train
16497,test
16506,train
16509,train
16514,test
16521,train
16525,train
16532,val
16533,train
16534,train
16535,test
16536,train
16543,train
16554,val
16556,val
16561,train
16565,val
16577,test
16580,train
16588,train
16594,test
16598,train
16600,train
16602,train
16603,val
16610,train
16611,train
16614,train
16618,train
16621,val
16623,train
16627,train
16630,train
16634,val
16635,train
16644,val
16645,train
16646,val
16648,train
16649,train
16650,val
16654,train
16657,train
16666,train
16669,train
16671,test
16672,val
16676,train
16682,train
16687,train
16690,train
16699,train
16700,train
16702,train
16707,test
16715,train
16723,val
16731,train
16732,train
16733,train
16735,train
16736,test
16742,train
16748,train
16750,train
16754,train
16756,train
16757,train
16759,train
16760,test
16762,test
16765,test
16770,test
16771,train
16776,train
16778,test
16782,test
16785,train
16786,test
16789,train
16790,train
16798,train
16800,test
16806,train
16809,val
16810,train
16811,test
16813,val
16815,train
16818,train
16821,train
16825,train
16828,train
16831,val
16832,train
16834,train
16836,train
16837,train
16838,train
16841,train
16844,train
16846,train
16850,val
16851,test
16852,train
16854,train
16855,train
16858,val
16861,train
16862,train
16863,val
16865,test
16868,train
16870,test
16873,train
16876,train
16877,val
16879,test
16888,train
16889,train
16890,train
16892,train
16897,train
16901,val
16919,train
16923,val
16924,train
16925,train
16929,test
16931,train
16932,train
16933,test
16934,train
16935,train
16936,train
16939,train
16940,train
16941,train
16944,train
16948,train
16952,train
16954,train
16955,train
16956,test
16958,train
16960,test
16962,train
16963,train
16964,val
16968,test
16970,train
16971,train
16972,test
16976,val
16977,val
16978,train
16980,train
16984,val
16985,train
16986,val
16989,test
16992,val
16994,train
16995,train
16996,train
16997,train
16998,train
17000,test
17003,val
17006,train
17007,train
17012,train
17014,train
17015,train
17016,train
17020,train
17021,train
17024,train
17026,train
17028,train
17034,train
17036,test
17037,train
17038,train
17041,train
17042,train
17043,train
17047,train
17050,train
17054,train
17055,train
17063,test
17064,train
17069,test
17072,train
17074,train
17075,train
17076,test
17078,train
17081,train
17085,train
17086,train
17087,train
17088,train
17091,val
17092,test
17094,train
17100,train
17102,train
17104,train
17105,test
17106,val
17107,train
17110,train
17111,train
17118,train
17129,train
17134,val
17135,train
17143,train
17145,test
17148,train
17152,val
17155,val
17156,train
17161,val
17165,train
17171,test
17176,train
17177,train
17184,train
17186,train
17191,train
17193,train
17194,train
17195,train
17196,train
17197,train
17198,train
17200,train
17201,train
17203,train
17204,val
17205,train
17206,train
17207,val
17208,val
17209,train
17211,train
17213,train
17214,train
17215,train
17216,train
17217,train
17218,val
17219,train
17220,test
17221,train
17222,test
17223,train
17225,val
17226,train
17228,train
17229,train
17230,train
17231,test
17232,train
17233,train
17235,train
17236,train
17239,test
17241,train
17242,train
17243,train
17244,val
17246,train
17247,train
17249,train
17250,test
17252,train
17253,val
17254,val
17255,train
17256,train
17257,train
17260,train
17261,train
17262,train
17263,train
17264,train
17265,train
17266,train
17268,train
17270,val
17271,train
17272,val
17273,val
17274,train
17276,train
17277,train
17278,test
17280,train
17281,train
17282,train
17283,train
17284,train
17285,test
17286,train
17288,test
17289,train
17290,train
17291,train
17292,train
17294,test
17295,test
17297,train
17299,val
17300,train
17301,train
17303,test
17306,val
17308,val
17309,train
17310,val
17311,train
17312,test
17316,test
17317,train
17318,train
17320,train
17321,train
17322,train
17323,train
17325,train
17326,train
17327,train
17328,train
17329,val
17330,test
17331,test
17332,test
17333,train
17334,train
17335,train
17336,train
17339,train
17340,test
17341,test
17342,train
17343,train
17344,train
17348,train
17349,train
17351,train
17352,train
17353,train
17354,train
17355,train
17357,train
17359,val
17360,val
17361,test
17362,train
17363,train
17364,train
17367,train
17368,train
17369,train
17370,test
17371,train
17375,train
17376,val
17378,train
17379,train
17381,train
17382,train
17383,val
17385,test
17389,train
17392,train
17394,train
17395,train
17396,test
17397,val
17398,train
17402,val
17406,train
17407,train
17409,train
17410,test
17413,train
17414,val
17415,train
17417,val
17421,train
17422,train
17423,val
17424,val
17427,train
17428,train
17429,train
17430,train
17431,test
17433,train
17434,train
17435,val
17436,train
17437,train
17438,train
17439,train
17440,val
17441,val
17442,train
17443,train
17444,train
17445,val
17447,train
17448,train
17449,test
17450,train
17451,train
17452,train
17455,val
17456,train
17457,train
17458,train
17459,train
17463,val
17465,train
17467,train
17468,train
17471,val
17473,train
17475,test
17476,val
17478,train
17480,train
17481,train
17483,train
17484,train
17485,val
17486,test
17488,val
17489,train
17490,train
17491,train
17493,train
17494,train
17495,test
17496,train
17497,train
17499,val
17500,val
17501,train
17504,val
17505,train
17508,test
17509,train
17510,train
17511,test
17512,train
17514,train
17515,test
17516,train
17519,val
17520,train
17521,train
17522,train
17523,test
17524,val
17525,test
17526,train
17528,train
17529,train
17531,val
17533,train
17535,test
17536,val
17537,train
17540,test
17542,val
17543,train
17547,train
17549,train
17550,train
17553,train
17555,train
17556,train
17558,train
17561,train
17564,test
17568,train
17569,train
17570,test
17572,train
17573,train
17575,train
17576,train
17579,train
17581,train
17584,train
17587,train
17588,train
17589,test
17590,val
17591,test
17593,train
17594,train
17595,train
17596,train
17597,val
17598,train
17599,test
17600,test
17601,val
17602,test
17603,val
17604,train
17607,train
17610,val
17611,train
17612,test
17613,train
17615,test
17616,train
17618,train
17619,train
17620,val
17621,train
17622,train
17623,val
17625,train
17627,val
17630,val
17631,test
17634,train
17635,train
17636,train
17637,val
17640,train
17641,train
17643,val
17644,train
17647,train
17649,train
17651,train
17652,train
17654,train
17655,train
17656,train
17657,train
17658,train
17659,test
17660,val
17661,train
17662,test
17663,train
17666,train
17667,train
17668,train
17671,train
17672,train
17673,val
17675,train
17676,train
17677,train
17678,train
17679,train
17680,train
17682,train
17683,train
17687,train
17688,train
17689,train
17693,train
17694,train
17695,train
17697,train
17698,train
17699,train
17700,train
17701,train
17702,train
17703,train
17704,train
17708,train
17710,val
17711,test
17712,train
17714,train
17715,val
17716,train
17717,val
17718,train
17719,train
17720,val
17721,test
17723,train
17724,train
17725,val
17726,train
17727,train
17728,test
17729,train
17730,test
17732,test
17733,train
17734,train
17735,train
17737,val
17739,train
17740,val
17743,train
17745,val
17747,train
17749,val
17750,train
17751,train
17753,train
17754,train
17755,test
17758,test
17759,train
17760,test
17761,val
17762,train
17764,train
17765,train
17766,train
17767,train
17769,train
17770,test
17772,train
17775,test
17785,val
17786,val
17788,train
17790,train
17791,train
17794,train
17795,val
17796,train
17799,train
17801,test
17802,train
17803,val
17804,test
17806,train
17808,train
17809,train
17810,train
17811,train
17812,train
17813,train
17814,train
17818,train
17820,train
17822,val
17824,train
17826,test
17831,test
17834,test
17835,train
17836,train
17839,val
17842,val
17844,train
17846,train
17847,train
17848,train
17849,train
17856,train
17859,train
17861,test
17862,val
17863,train
17865,train
17867,train
17868,train
17870,val
17871,train
17874,test
17876,test
17879,train
17880,test
17881,train
17884,train
17885,val
17888,train
17889,train
17890,train
17891,test
17892,train
17893,test
17894,train
17895,train
17896,train
17897,train
17898,train
17901,train
17902,train
17904,val
17905,train
17906,train
17907,train
17911,train
17912,train
17913,train
17914,train
17915,test
17916,train
17917,train
17918,train
17920,val
17921,train
17922,train
17923,train
17924,train
17925,train
17926,val
17928,val
17929,train
17930,train
17931,val
17933,val
17935,test
17938,train
17940,val
17942,train
17947,train
17948,train
17949,train
17950,train
17951,train
17953,train
17955,train
17956,train
17957,train
17958,train
17960,val
17961,train
17962,train
17963,val
17965,train
17966,test
17967,train
17968,train
17971,train
17973,train
17974,test
17975,test
17976,train
17977,val
17978,train
17979,train
17980,train
17981,train
17982,train
17983,val
17985,test
17989,val
17990,train
17994,train
17996,train
17997,train
18000,train
18001,train
18002,train
18004,train
18007,train
18008,val
18010,train
18013,train
18015,train
18016,test
18017,train
18019,test
18020,val
18023,val
18025,train
18027,val
18029,train
18030,val
18031,train
18032,train
18033,test
18035,train
18036,test
18037,train
18038,train
18039,train
18040,train
18042,train
18043,val
18045,train
18046,train
18048,train
18049,test
18050,test
18054,val
18055,test
18059,train
18060,train
18061,test
18062,train
18063,train
18064,val
18065,train
18068,train
18069,train
18070,train
18072,train
18073,train
18074,test
18076,train
18077,train
18078,val
18080,train
18081,test
18082,train
18084,train
18085,train
18086,train
18087,train
18089,train
18090,train
18091,train
18092,train
18093,test
18094,val
18095,test
18096,train
18097,train
18098,val
18099,train
18100,train
18101,train
18102,train
18103,train
18105,train
18106,test
18107,val
18108,train
18109,train
18110,val
18111,train
18118,test
18119,train
18121,train
18122,train
18123,train
18125,test
18127,train
18128,train
18129,val
18131,train
18133,train
18134,val
18135,train
18136,val
18137,train
18138,test
18139,train
18140,train
18141,train
18142,val
18144,train
18145,val
18146,val
18147,val
18148,train
18149,train
18150,train
18153,train
18154,train
18155,test
18157,val
18158,train
18160,train
18162,train
18164,train
18165,val
18166,train
18167,test
18168,test
18169,train
18170,train
18171,train
18173,train
18174,test
18175,train
18177,train
18178,train
18179,train
18180,train
18182,train
18185,val
18187,test
18188,train
18190,train
18191,train
18192,train
18193,train
18194,train
18196,test
18197,test
18198,train
18199,val
18200,train
18202,val
18203,train
18206,test
18207,train
18208,train
18210,train
18211,train
18212,val
18213,test
18215,val
18216,train
18217,val
18218,train
18219,train
18220,val
18221,train
18222,train
18223,train
18224,train
18227,test
18229,train
18230,test
18232,train
18234,train
18235,train
18236,train
18237,train
18238,train
18241,train
18242,train
18243,val
18244,train
18245,test
18247,test
18248,val
18249,val
18250,train
18251,train
18252,test
18253,train
18261,train
18262,train
18263,train
18264,train
18267,test
18270,train
18271,train
18272,train
18273,train
18274,val
18275,train
18277,train
18280,val
18282,train
18283,val
18284,train
18285,test
18286,train
18288,train
18290,train
18291,test
18293,train
18294,train
18295,test
18296,train
18297,test
18298,test
18299,train
18300,train
18302,train
18303,test
18304,test
18305,test
18307,train
18308,train
18309,train
18314,test
18315,train
18316,train
18317,train
18319,test
18320,train
18321,train
18325,train
18327,train
18328,train
18330,train
18331,val
18332,train
18333,train
18334,train
18335,train
18336,train
18338,train
18340,train
18342,train
18343,train
18344,val
18345,train
18346,train
18347,train
18349,train
18350,train
18352,val
18355,train
18358,train
18361,train
18362,train
18363,train
18364,train
18365,val
18366,train
18368,train
18369,test
18370,val
18371,train
18372,train
18373,train
18374,val
18375,train
18376,train
18378,train
18379,val
18380,test
18384,train
18385,train
18386,train
18387,train
18388,train
18389,train
18390,train
18391,train
18392,train
18393,val
18395,test
18396,train
18397,train
18398,train
18400,val
18402,train
18403,train
18404,val
18405,train
18406,val
18407,test
18409,test
18411,train
18412,train
18413,val
18414,train
18416,val
18417,val
18420,train
18421,test
18422,test
18423,train
18424,train
18426,train
18429,train
18430,val
18435,train
18437,train
18438,val
18439,test
18440,train
18441,train
18442,train
18443,train
18444,test
18445,train
18447,train
18448,train
18451,train
18452,test
18453,train
18454,train
18456,train
18458,train
18459,val
18462,train
18463,train
18464,train
18465,train
18466,test
18467,train
18469,train
18470,train
18472,train
18474,train
18475,train
18479,train
18480,train
18485,train
18486,test
18487,test
18488,val
18489,val
18490,train
18492,val
18493,train
18494,train
18496,val
18497,train
18498,train
18499,train
18500,train
18502,train
18504,val
18505,train
18506,train
18507,train
18508,train
18510,train
18512,train
18513,train
18515,train
18518,train
18521,val
18522,train
18523,train
18524,train
18526,test
18527,train
18528,train
18530,train
18531,val
18532,train
18537,val
18538,train
18539,train
18541,train
18542,train
18544,val
18546,test
18547,train
18548,train
18550,test
18551,train
18554,train
18555,train
18556,val
18559,train
18562,val
18563,train
18565,train
18567,test
18568,test
18574,test
18576,train
18577,val
18578,val
18579,test
18580,test
18581,train
18584,val
18585,train
18586,val
18587,train
18588,train
18589,train
18590,train
18592,train
18597,train
18598,train
18599,train
18600,train
18601,test
18602,val
18603,train
18605,test
18607,train
18608,test
18609,val
18610,train
18611,train
18616,train
18617,train
18618,val
18619,train
18620,train
18621,train
18622,train
18623,test
18624,train
18625,train
18627,train
18628,val
18629,train
18632,train
18635,test
18636,train
18637,train
18639,val
18641,test
18642,train
18643,train
18644,test
18645,train
18646,train
18647,train
18649,train
18650,train
18651,test
18653,test
18654,train
18655,train
18657,train
18658,train
18659,train
18660,train
18662,train
18663,train
18664,test
18665,test
18666,train
18667,val
18669,test
18670,train
18671,train
18673,val
18675,train
18676,train
18677,train
18678,train
18679,train
18680,train
18681,val
18682,test
18683,val
18686,train
18687,train
18688,train
18690,train
18695,train
18697,train
18698,train
18700,val
18702,val
18703,train
18706,train
18707,train
18709,train
18710,test
18712,val
18713,train
18714,train
18715,train
18716,train
18725,val
18727,test
18728,val
18729,val
18730,train
18733,test
18736,train
18737,train
18738,train
18739,train
18741,train
18742,val
18743,val
18744,train
18746,val
18747,train
18751,train
18752,train
18753,test
18754,train
18757,val
18759,val
18762,test
18763,train
18765,train
18766,train
18767,train
18769,train
18770,train
18772,train
18773,train
18776,train
18778,test
18780,train
18784,train
18786,train
18788,train
18789,train
18790,train
18791,train
18794,train
18796,val
18798,train
18799,train
18800,train
18802,train
18804,train
18806,train
18807,train
18810,train
18811,train
18813,val
18815,train
18816,train
18818,train
18821,val
18823,train
18824,test
18825,val
18827,train
18828,train
18829,train
18830,train
18831,val
18832,train
18833,train
18834,train
18837,val
18838,train
18840,train
18845,train
18846,train
18850,train
18852,train
18853,test
18854,train
18855,val
18856,test
18857,val
18858,val
18859,train
18860,train
18863,train
18864,train
18868,test
18869,train
18870,train
18872,train
18875,train
18876,train
18877,train
18878,train
18879,train
18884,train
18885,train
18886,train
18887,train
18889,train
18890,test
18891,train
18892,train
18893,train
18894,train
18895,train
18897,train
18899,train
18900,train
18903,test
18904,train
18906,val
18908,train
18909,train
18911,val
18913,train
18914,val
18915,train
18916,test
18917,train
18918,train
18920,train
18921,train
18922,train
18923,train
18924,val
18926,val
18927,train
18928,test
18930,train
18931,test
18932,test
18935,train
18936,train
18937,train
18939,train
18941,train
18942,train
18945,train
18946,val
18949,train
18950,val
18951,test
18952,train
18953,train
18954,train
18955,val
18956,train
18957,train
18958,train
18959,test
18964,test
18966,val
18971,train
18973,train
18974,val
18975,train
18976,test
18978,train
18979,train
18984,test
18985,test
18986,train
18987,train
18988,train
18989,test
18990,train
18992,train
18993,train
18994,train
18995,test
18996,train
18997,test
18998,train
19000,test
19003,test
19008,train
19010,val
19013,train
19014,train
19015,train
19016,train
19017,val
19018,train
19020,train
19021,train
19023,train
19024,train
19025,train
19028,train
19030,test
19031,train
19032,val
19033,test
19036,train
19037,train
19039,train
19041,test
19047,test
19048,val
19050,train
19051,train
19052,train
19053,test
19054,train
19055,train
19056,test
19057,val
19059,val
19062,train
19065,train
19068,train
19069,test
19072,train
19075,val
19076,train
19078,test
19079,val
19081,train
19082,train
19083,train
19084,val
19086,val
19087,train
19089,train
19097,train
19098,train
19099,val
19101,train
19102,train
19109,train
19110,val
19111,train
19115,train
19117,train
19119,val
19127,train
19128,test
19135,val
19136,val
19138,test
19140,train
19141,train
19143,test
19144,val
19146,train
19150,train
19151,test
19153,train
19154,test
19158,train
19160,val
19162,train
19166,val
19167,train
19168,train
19170,train
19171,train
19172,train
19176,val
19177,train
19178,test
19180,train
19183,train
19184,train
19185,train
19188,val
19190,train
19194,test
19195,val
19198,train
19199,train
19200,train
19203,train
19204,train
19207,train
19216,train
19219,train
19222,train
19227,val
19240,train
19247,train
19248,train
19253,train
19256,train
19262,train
19263,train
19266,train
19267,train
19271,train
19272,train
19275,train
19276,val
19277,train
19284,train
19290,val
19292,train
19294,val
19296,train
19299,train
19300,train
19309,train
19310,val
19311,train
19318,val
19319,train
19323,train
19324,train
19328,train
19329,val
19331,train
19334,train
19338,test
19339,train
19343,train
19346,test
19348,train
19353,val
19355,train
19357,test
19360,train
19362,test
19364,train
19365,val
19366,train
19368,val
19369,train
19370,train
19374,val
19375,train
19378,train
19379,val
19380,val
19381,test
19382,train
19383,train
19384,train
19385,train
19387,train
19389,train
19391,val
19393,test
19394,train
19397,train
19398,train
19400,val
19402,train
19403,val
19404,train
19408,train
19409,train
19411,train
19413,train
19415,train
19419,train
19420,train
19425,train
19427,train
19428,train
19431,val
19432,test
19434,val
19436,train
19438,val
19439,train
19441,test
19442,train
19443,val
19445,val
19446,train
19451,train
19452,train
19455,test
19458,test
19459,test
19461,train
19463,test
19464,train
19467,train
19468,train
19469,train
19470,train
19471,train
19472,test
19473,train
19474,test
19475,train
19477,train
19478,test
19479,train
19480,val
19482,train
19484,train
19485,train
19486,train
19487,train
19489,train
19492,val
19494,train
19496,train
19497,train
19498,train
19499,train
19500,train
19501,train
19502,train
19505,train
19506,train
19507,train
19510,train
19511,test
19512,train
19513,train
19515,train
19517,test
19519,train
19520,train
19523,test
19524,train
19525,train
19526,train
19528,train
19530,train
19532,train
19533,train
19535,train
19536,train
19537,val
19538,test
19539,train
19542,test
19544,train
19545,test
19546,val
19549,train
19550,train
19552,val
19553,train
19558,val
19560,train
19561,train
19564,train
19565,val
19567,train
19571,val
19572,train
19574,train
19578,train
19581,train
19582,val
19583,val
19584,val
19585,train
19586,train
19588,val
19589,train
19590,train
19593,train
19594,train
19599,train
19603,val
19604,train
19607,train
19608,val
19610,train
19611,val
19615,test
19618,train
19621,train
19622,train
19624,train
19625,train
19630,val
19631,train
19634,test
19635,train
19636,train
19637,train
19639,val
19640,val
19641,train
19643,val
19644,val
19647,train
19648,train
19649,test
19650,test
19651,train
19652,val
19655,train
19656,test
19657,train
19658,val
19659,test
19660,val
19661,train
19662,train
19665,train
19667,train
19668,test
19670,train
19674,val
19675,train
19677,train
19679,train
19680,train
19682,train
19683,val
19684,train
19689,train
19691,test
19692,train
19696,train
19703,train
19704,val
19705,train
19712,test
19713,val
19715,train
19716,test
19718,train
19720,train
19721,train
19722,train
19723,test
19724,test
19725,train
19726,train
19727,train
19729,val
19730,train
19731,test
19738,train
19742,train
19747,train
19748,val
19749,test
19757,train
19761,train
19764,train
19770,val
19774,train
19775,train
19780,test
19785,train
19788,train
19792,val
19794,val
19796,val
19797,train
19798,train
19802,val
19805,val
19808,train
19809,val
19810,train
19812,train
19813,train
19814,train
19816,train
19821,val
19822,train
19824,train
19829,train
19835,train
19836,train
19838,val
19840,train
19841,train
19843,train
19845,val
19849,train
19852,train
19854,train
19858,train
19859,train
19865,train
19867,train
19870,train
19871,val
19880,train
19886,train
19897,train
19906,train
19912,train
19915,train
19917,train
19920,val
19926,train
19928,test
19945,train
19948,train
19949,train
19955,train
19960,train
19961,train
19967,train
19976,train
19986,train
19989,train
19993,train
19995,train
20003,train
20009,train
20021,train
20022,train
20025,train
20026,train
20027,train
20028,train
20029,train
20031,train
20032,train
20039,train
20040,val
20042,train
20052,test
20056,val
20060,train
20061,train
20062,train
20063,train
20064,train
20067,train
20071,train
20072,train
20074,train
20080,test
20084,test
20089,train
20092,test
20095,train
20096,train
20097,train
20098,train
20100,val
20103,train
20104,train
20106,test
20108,train
20111,train
20119,train
20124,train
20126,train
20128,test
20132,train
20133,val
20134,val
20137,train
20142,train
20144,train
20146,train
20148,train
20149,train
20150,train
20151,train
20153,test
20160,test
20161,train
20164,val
20165,train
20167,train
20169,train
20170,train
20173,val
20184,train
20185,val
20186,val
20191,train
20193,train
20194,train
20198,train
20199,train
20200,test
20202,train
20206,train
20207,train
20208,val
20209,train
20210,val
20211,train
20219,val
20221,val
20223,test
20227,test
20229,train
20230,train
20231,train
20234,train
20238,train
20239,train
20240,val
20241,test
20244,test
20249,train
20253,train
20254,train
20255,train
20259,train
20262,test
20263,train
20265,train
20266,train
20268,train
20272,train
20275,train
20278,train
20279,val
20280,train
20282,train
20283,train
20285,test
20286,train
20288,val
20289,train
20291,val
20293,train
20300,train
20301,val
20302,train
20307,train
20308,val
20310,test
20311,train
20314,val
20315,train
20324,test
20325,train
20326,train
20327,train
20328,train
20331,train
20334,val
20336,val
20337,train
20338,train
20339,train
20341,train
20342,train
20345,train
20347,test
20348,test
20349,train
20355,test
20356,val
20357,train
20358,train
20361,val
20364,train
20369,train
20375,train
20376,val
20383,train
20384,train
20386,val
20392,train
20404,train
20413,train
20425,val
20426,train
20427,train
20428,test
20429,val
20430,train
20431,val
20432,train
20433,train
20434,train
20435,test
20436,val
20437,train
20438,train
20439,train
20440,train
20441,test
20442,test
20443,val
20444,train
20445,val
20446,train
20447,train
20448,val
20449,val
20450,train
20451,train
20452,test
20453,train
20454,val
20455,train
20456,val
20457,train
20458,train
20459,train
20460,test
20461,train
20462,train
20463,train
20464,train
20465,val
20466,train
20467,val
20468,train
20469,test
20470,val
20471,train
20472,val
20473,train
20474,val
20475,test
20476,train
20477,train
20478,train
20479,val
20480,train
20481,train
20482,train
20483,train
20484,test
20485,train
20486,train
20487,train
20488,val
20489,test
20490,val
20491,train
20492,test
20493,val
20494,train
20495,test
20496,train
20497,train
20498,val
20499,train
20500,train
20501,train
20502,train
20503,train
20504,val
20505,val
20506,train
20507,test
20508,train
20511,train
20512,train
20513,train
20514,train
20515,train
20516,train
20517,train
20519,train
20520,train
20521,train
20522,train
20523,train
20524,train
20525,val
20526,train
20527,train
20528,train
20529,train
20530,train
20531,val
20532,val
20533,test
20534,train
20535,val
20536,train
20537,train
20538,train
20539,train
20540,train
20542,train
20543,train
20544,train
20545,train
20546,train
20547,train
20548,test
20549,train
20550,train
20551,train
20552,test
20553,train
20554,train
20555,val
20556,train
20557,train
20558,test
20559,train
20560,train
20561,test
20562,test
20563,test
20564,test
20565,train
20566,train
20567,train
20568,train
20569,val
20570,train
20571,train
20572,train
20573,train
20574,val
20575,train
20576,val
20577,val
20578,test
20579,train
20580,test
20581,train
20583,train
20584,train
20585,test
20586,test
20587,train
20588,train
20589,train
20590,test
20591,test
20592,train
20594,train
20595,train
20596,train
20597,test
20599,test
20600,train
20601,train
20602,train
20603,train
20604,train
20605,test
20606,train
20607,train
20608,val
20609,train
20610,train
20611,train
20612,test
20613,val
20614,test
20615,train
20616,train
20617,val
20618,test
20619,train
20620,train
20621,train
20622,val
20623,train
20624,test
20625,test
20626,val
20627,train
20628,val
20629,train
20630,train
20631,train
20632,train
20633,train
20634,train
20635,train
20636,train
20637,val
20638,train
20639,train
20640,test
20641,train
20642,val
20643,train
20644,train
20645,train
20646,train
20647,test
20648,train
20649,val
20650,train
20651,train
20652,train
20653,test
20654,val
20655,train
20656,train
20657,train
20658,train
20659,test
20660,train
20661,test
20662,val
20663,train
20664,train
20665,train
20666,val
20667,train
20668,val
20669,train
20670,train
20671,train
20672,train
20673,train
20674,val
20675,train
20676,train
20677,train
20678,train
20679,train
20680,train
20681,val
20682,train
20683,val
20684,test
20685,train
20686,train
20687,train
20688,train
20689,train
20690,train
20691,train
20692,train
20693,train
20694,val
20695,test
20696,train
20697,train
20698,train
20699,test
20700,train
20701,test
20702,val
20703,test
20704,train
20705,train
20706,train
20707,train
20708,train
20709,train
20711,train
20712,test
20713,test
20714,train
20716,train
20717,train
20718,train
20719,val
20720,train
20721,train
20722,train
20723,train
20724,train
20725,val
20726,train
20727,val
20728,train
20729,train
20730,train
20731,val
20732,train
20733,train
20734,train
20735,train
20736,test
20737,train
20738,train
20739,train
20740,train
20741,train
20742,train
20743,train
20744,train
20745,train
20746,test
20747,val
20748,train
20749,train
20750,train
20751,train
20752,val
20753,train
20754,train
20755,train
20756,val
20757,train
20758,train
20759,train
20760,train
20761,train
20762,train
20763,train
20764,train
20765,train
20766,val
20767,train
20768,test
20769,train
20770,train
20771,test
20772,test
20773,train
20774,train
20775,val
20776,test
20777,train
20778,test
20779,test
20780,train
20781,val
20782,val
20783,train
20784,train
20785,train
20786,val
20787,test
20788,val
20789,train
20790,train
20791,train
20792,train
20793,train
20794,test
20795,train
20796,train
20797,train
20798,train
20799,train
20800,train
20801,val
20802,train
20803,train
20805,test
20806,train
20807,val
20808,val
20809,train
20810,train
20811,test
20812,train
20813,train
20814,val
20815,train
20816,val
20817,train
20818,test
20820,val
20821,train
20822,train
20823,train
20824,val
20825,train
20826,train
20827,train
20828,train
20829,train
20830,train
20831,train
20832,train
20833,test
20834,train
20835,test
20836,train
20837,train
20838,test
20839,train
20840,val
20841,train
20842,train
20843,train
20844,train
20845,test
20846,train
20847,train
20848,val
20849,test
20850,train
20851,train
20852,train
20853,train
20854,train
20855,test
20856,train
20857,train
20858,train
20859,train
20860,train
20862,train
20863,val
20864,train
20865,train
20866,train
20868,val
20869,val
20870,train
20871,train
20872,train
20873,train
20874,val
20875,train
20876,val
20877,train
20878,train
20879,val
20880,test
20882,test
20883,train
20884,val
20885,train
20886,test
20887,train
20888,val
20889,train
20890,train
20891,train
20892,val
20893,test
20894,train
20895,train
20896,train
20897,train
20898,train
20899,train
20900,train
20901,train
20902,train
20903,val
20904,train
20905,train
20906,train
20907,train
20908,train
20909,test
20911,train
20912,val
20913,train
20914,train
20915,test
20916,train
20917,train
20918,train
20919,test
20920,test
20921,test
20922,train
20923,val
20924,train
20925,val
20926,test
20928,train
20929,train
20930,train
20931,train
20932,test
20933,train
20934,train
20935,train
20936,train
20937,train
20938,test
20939,train
20941,train
20942,train
20943,val
20944,train
20945,train
20947,train
20948,train
20949,train
20950,test
20951,val
20952,train
20954,train
20955,test
20956,train
20957,train
20958,train
20959,test
20960,train
20961,train
20962,train
20963,train
20964,train
20965,train
20967,train
20968,train
20969,train
20970,train
20971,val
20972,train
20973,val
20974,train
20975,train
20976,train
20977,train
20978,val
20979,train
20980,train
20981,train
20982,train
20983,val
20984,val
20985,test
20986,train
20987,train
20988,val
20989,train
20990,train
20991,train
20992,val
20993,train
20994,train
20995,train
20996,test
20997,val
21001,train
21002,train
21003,train
21004,train
21005,train
21006,train
21007,train
21009,test
21010,val
21011,train
21012,test
21013,train
21014,val
21015,train
21016,train
21017,train
21018,train
21019,train
21020,train
21021,train
21022,test
21023,train
21024,test
21025,train
21026,train
21027,train
21028,train
21030,test
21031,train
21032,train
21033,train
21034,train
21035,train
21036,train
21037,train
21038,train
21039,train
21040,test
21041,train
21042,train
21043,val
21044,train
21045,test
21046,val
21047,train
21048,train
21049,test
21050,test
21051,train
21052,train
21053,train
21054,train
21055,train
21056,train
21057,train
21059,test
21060,train
21061,train
21062,train
21063,train
21064,train
21065,train
21066,train
21067,train
21068,train
21069,train
21070,train
21071,train
21072,val
21073,train
21074,train
21075,test
21076,train
21077,val
21078,train
21079,train
21080,val
21081,train
21082,test
21083,train
21084,train
21086,train
21087,train
21088,train
21089,train
21090,train
21091,train
21093,train
21094,train
21095,train
21096,test
21098,train
21099,train
21101,train
21102,train
21103,train
21105,train
21106,train
21107,train
21108,train
21109,train
21110,val
21111,val
21112,train
21113,train
21114,val
21115,train
21116,train
21117,train
21118,train
21119,train
21120,train
21121,train
21122,val
21123,test
21125,val
21126,train
21127,train
21128,train
21129,test
21130,train
21131,train
21132,train
21134,train
21135,train
21136,train
21137,train
21138,train
21139,train
21140,train
21142,train
21143,val
21144,train
21146,train
21148,test
21149,test
21150,train
21151,train
21152,train
21153,test
21154,test
21155,train
21156,train
21157,val
21158,train
21159,train
21160,train
21161,train
21162,train
21164,train
21165,train
21166,train
21167,test
21168,train
21169,test
21170,val
21171,train
21172,test
21173,train
21174,train
21175,val
21176,train
21178,train
21179,train
21180,train
21181,train
21182,train
21183,train
21184,train
21185,test
21186,test
21188,train
21189,train
21190,train
21191,train
21192,train
21193,train
21194,val
21195,train
21196,test
21197,train
21198,test
21199,train
21200,train
21201,train
21202,test
21203,train
21204,train
21206,train
21207,val
21208,test
21210,train
21211,train
21212,train
21214,train
21215,test
21216,train
21217,test
21218,train
21219,train
21220,train
21221,test
21222,val
21223,train
21224,train
21225,train
21226,val
21227,train
21228,train
21229,test
21230,train
21231,train
21232,train
21233,train
21234,train
21235,train
21236,train
21237,train
21238,test
21240,train
21241,train
21242,test
21243,val
21244,train
21245,val
21246,val
21247,test
21249,train
21250,train
21251,train
21252,test
21253,train
21254,train
21255,val
21256,train
21257,train
21258,val
21259,train
21260,train
21262,train
21264,test
21265,train
21267,val
21268,test
21269,val
21270,test
21271,train
21272,train
21273,train
21274,train
21275,train
21276,train
21277,val
21278,train
21279,val
21280,train
21281,test
21282,val
21283,test
21284,val
21285,train
21286,test
21287,train
21288,train
21289,train
21290,val
21291,test
21292,test
21293,train
21294,train
21295,train
21296,train
21297,train
21298,train
21299,train
21300,train
21301,train
21302,train
21303,train
21305,train
21306,test
21307,train
21308,test
21309,val
21310,train
21311,train
21312,test
21313,train
21314,val
21315,test
21316,test
21317,train
21318,train
21319,train
21320,val
21321,train
21323,train
21324,train
21325,val
21326,val
21327,test
21328,val
21329,train
21330,val
21331,test
21332,train
21333,val
21334,test
21335,train
21336,test
21337,train
21338,test
21339,train
21340,val
21341,train
21342,train
21343,train
21344,train
21345,train
21346,train
21347,test
21348,val
21349,train
21350,train
21351,train
21352,train
21353,train
21354,train
21355,train
21356,val
21357,train
21358,val
21359,train
21360,train
21361,train
21362,train
21363,train
21364,train
21365,test
21366,val
21367,train
21368,test
21369,train
21370,train
21371,train
21372,test
21373,test
21374,val
21375,val
21376,val
21377,train
21378,train
21379,train
21380,train
21381,train
21382,val
21383,val
21384,train
21385,train
21386,train
21387,test
21389,train
21390,train
21391,train
21392,train
21393,train
21394,train
21395,test
21396,train
21397,train
21398,train
21399,train
21400,train
21401,train
21402,train
21403,test
21404,train
21405,train
21406,train
21407,test
21408,train
21409,train
21410,train
21411,train
21412,val
21413,train
21414,train
21415,train
21416,test
21418,train
21419,train
21420,train
21421,train
21422,train
21423,val
21424,test
21425,train
21426,train
21427,train
21428,train
21429,train
21430,train
21432,train
21433,train
21434,val
21435,train
21436,train
21437,test
21438,train
21439,train
21440,train
21441,train
21442,val
21443,train
21444,train
21445,train
21446,train
21447,train
21448,val
21449,train
21450,train
21451,train
21452,train
21453,test
21454,train
21455,val
21456,train
21457,train
21458,train
21459,train
21460,train
21461,train
21462,train
21463,train
21464,train
21465,train
21467,train
21468,train
21469,train
21470,train
21471,train
21472,train
21473,test
21474,train
21475,val
21476,train
21477,train
21478,val
21479,train
21480,val
21481,test
21482,train
21483,train
21484,train
21485,train
21486,train
21487,train
21488,train
21489,val
21490,train
21491,train
21492,train
21493,train
21494,train
21495,test
21496,train
21497,train
21498,test
21499,train
21500,train
21501,train
21502,test
21503,train
21504,train
21505,train
21506,train
21507,train
21508,train
21509,train
21510,val
21512,train
21513,train
21514,train
21515,test
21516,train
21517,test
21518,train
21519,train
21520,train
21521,train
21523,train
21525,train
21526,val
21527,train
21528,val
21529,train
21530,train
21531,train
21532,train
21533,train
21534,train
21535,train
21536,train
21537,train
21538,train
21539,train
21540,train
21541,train
21542,train
21543,train
21544,train
21545,train
21546,train
21547,train
21548,train
21550,train
21551,train
21552,train
21553,train
21554,test
21555,train
21556,train
21557,train
21558,train
21559,train
21560,train
21561,train
21562,train
21563,test
21564,train
21565,val
21566,train
21567,train
21568,train
21569,train
21570,test
21571,val
21572,train
21573,train
21575,train
21576,train
21577,train
21578,train
21579,train
21580,train
21581,test
21582,train
21584,train
21585,train
21587,train
21589,train
21590,train
21591,train
21592,train
21593,train
21594,val
21595,train
21596,train
21597,train
21598,train
21599,train
21600,train
21601,train
21602,train
21603,val
21604,train
21605,train
21606,train
21607,train
21608,train
21609,train
21610,train
21611,train
21612,test
21613,train
21614,train
21615,train
21617,train
21618,train
21619,train
21621,train
21622,test
21623,train
21624,train
21625,test
21626,val
21627,test
21628,train
21629,train
21631,train
21632,test
21633,train
21634,val
21635,train
21636,train
21637,val
21638,train
21640,test
21641,test
21642,train
21643,test
21644,train
21645,train
21646,train
21647,test
21648,val
21649,train
21650,test
21651,train
21653,train
21654,train
21655,train
21656,train
21657,test
21658,train
21659,train
21660,train
21661,train
21664,train
21665,train
21666,train
21667,test
21668,train
21669,train
21670,train
21671,train
21672,train
21673,train
21674,val
21675,val
21677,val
21678,train
21679,train
21680,train
21681,train
21682,train
21683,train
21684,val
21685,train
21686,train
21687,train
21688,train
21689,train
21690,train
21691,train
21692,train
21693,train
21694,train
21696,train
21697,train
21698,train
21699,val
21700,val
21701,val
21702,val
21703,train
21704,train
21705,train
21706,val
21707,train
21708,train
21709,train
21710,train
21711,train
21712,train
21713,val
21714,train
21715,train
21716,train
21717,test
21718,train
21719,train
21720,train
21721,val
21722,val
21723,train
21724,train
21725,val
21726,train
21727,train
21728,train
21729,train
21730,test
21731,test
21732,train
21733,train
21734,test
21735,train
21736,test
21737,test
21739,val
21740,train
21742,train
21743,test
21744,train
21745,test
21746,train
21747,train
21748,train
21749,train
21750,train
21751,val
21752,train
21753,train
21754,train
21755,train
21756,train
21758,val
21759,test
21760,test
21761,train
21763,train
21764,train
21765,test
21766,test
21767,train
21768,val
21770,train
21771,val
21772,train
21773,train
21774,train
21775,train
21776,train
21777,val
21779,train
21780,test
21781,test
21782,train
21783,train
21784,val
21785,test
21786,val
21787,train
21788,val
21789,train
21790,train
21791,val
21792,train
21793,train
21794,test
21795,test
21796,train
21797,train
21798,train
21799,train
21800,test
21801,train
21802,train
21803,test
21804,train
21805,test
21806,train
21807,train
21808,train
21809,train
21810,train
21811,test
21812,test
21813,train
21814,train
21815,train
21816,train
21817,train
21818,train
21819,train
21820,train
21821,train
21822,train
21823,train
21824,val
21825,train
21826,train
21827,train
21828,val
21829,train
21830,val
21831,train
21832,test
21833,val
21834,train
21835,test
21836,train
21838,train
21839,train
21840,train
21841,train
21842,val
21843,test
21844,train
21845,train
21846,train
21847,test
21848,val
21849,val
21850,train
21851,val
21852,train
21853,val
21854,train
21855,train
21856,train
21857,val
21858,train
21859,train
21860,train
21861,train
21862,test
21863,train
21864,train
21865,val
21866,test
21867,train
21868,train
21869,train
21870,test
21871,train
21872,train
21873,train
21874,train
21875,train
21876,train
21877,train
21878,val
21879,train
21880,train
21881,train
21882,val
21883,train
21884,test
21885,test
21886,test
21887,train
21888,train
21889,train
21890,test
21891,train
21892,test
21893,train
21894,train
21895,train
21896,val
21897,val
21898,train
21899,train
21900,val
21901,train
21902,val
21903,train
21905,train
21906,train
21907,train
21908,train
21909,train
21910,train
21911,train
21912,train
21914,val
21916,val
21917,train
21918,val
21919,train
21920,train
21921,train
21922,val
21923,train
21924,train
21925,train
21926,train
21927,train
21928,val
21929,train
21930,test
21931,train
21932,train
21933,train
21934,train
21935,train
21936,test
21937,train
21938,train
21939,train
21940,train
21941,test
21942,train
21943,val
21944,val
21945,train
21946,train
21947,val
21948,train
21949,val
21951,train
21952,train
21953,train
21954,val
21956,train
21957,train
21958,train
21959,train
21960,train
21962,train
21963,test
21964,train
21966,test
21967,train
21968,train
21969,test
21970,train
21971,train
21972,train
21973,train
21974,val
21975,train
21976,test
21977,train
21978,train
21979,train
21980,val
21981,train
21982,train
21983,train
21984,train
21985,train
21986,train
21987,train
21988,train
21989,val
21990,val
21991,train
21992,train
21993,train
21994,train
21995,val
21996,train
21997,train
21998,train
21999,val
22000,test
22001,train
22002,val
22003,train
22004,train
22005,train
22006,train
22007,train
22008,train
22009,test
22010,train
22011,train
22012,train
22013,train
22014,test
22015,train
22016,train
22017,train
22018,train
22020,train
22021,train
22022,test
22023,train
22024,train
22025,train
22026,train
22027,test
22028,train
22029,train
22030,train
22031,train
22032,train
22033,val
22034,train
22035,train
22036,train
22037,train
22038,train
22039,val
22040,test
22041,test
22042,train
22044,train
22045,train
22046,train
22047,val
22048,train
22049,test
22050,train
22051,test
22052,train
22053,train
22054,train
22055,train
22056,train
22057,train
22058,train
22059,train
22061,train
22062,train
22063,train
22064,train
22065,val
22067,val
22068,train
22069,train
22070,val
22071,train
22072,train
22073,train
22074,train
22075,train
22076,train
22077,test
22078,train
22079,test
22080,val
22081,train
22082,test
22083,train
22084,train
22086,train
22087,train
22088,train
22090,train
22091,train
22092,train
22093,train
22094,val
22095,train
22096,train
22097,train
22098,train
22099,train
22100,train
22101,train
22102,train
22103,train
22104,train
22105,train
22106,train
22107,train
22108,train
22109,train
22110,val
22111,train
22112,train
22113,train
22114,train
22115,train
22116,train
22117,train
22118,train
22119,train
22120,val
22121,train
22122,train
22123,test
22124,train
22125,val
22126,train
22127,train
22128,train
22129,val
22130,train
22131,val
22132,test
22133,train
22134,train
22135,train
22136,train
22137,val
22138,train
22139,train
22140,train
22142,train
22143,train
22144,train
22145,train
22146,val
22147,train
22148,val
22149,val
22150,train
22151,train
22152,train
22153,train
22154,train
22155,train
22156,test
22157,test
22158,train
22159,train
22161,train
22162,train
22165,train
22166,train
22167,train
22168,train
22169,train
22170,val
22171,test
22172,train
22174,train
22175,val
22176,train
22177,test
22178,test
22179,test
22180,train
22181,train
22182,val
22183,test
22184,val
22185,train
22186,train
22187,train
22188,val
22189,test
22190,train
22191,val
22192,train
22193,train
22194,val
22195,test
22196,test
22197,train
22198,train
22199,train
22200,train
22201,train
22202,train
22203,train
22205,val
22206,train
22208,train
22209,train
22210,train
22211,train
22212,train
22213,train
22214,test
22215,val
22216,train
22217,train
22218,train
22219,train
22220,val
22222,test
22223,train
22224,train
22225,test
22226,train
22227,val
22228,train
22229,val
22230,train
22231,train
22233,train
22234,train
22235,train
22236,val
22237,val
22238,train
22239,train
22240,test
22241,train
22242,train
22243,train
22244,train
22245,train
22246,test
22247,test
22248,train
22249,train
22250,train
22251,train
22252,val
22253,train
22254,train
22255,val
22256,train
22257,train
22258,train
22259,train
22260,train
22261,train
22262,train
22263,test
22264,train
22265,train
22266,val
22267,train
22268,train
22269,train
22270,train
22272,train
22273,train
22274,test
22275,train
22276,val
22277,train
22278,train
22279,test
22280,train
22281,train
22282,val
22284,val
22285,val
22286,train
22287,test
22288,train
22289,train
22290,train
22291,test
22292,test
22293,train
22294,train
22295,test
22296,val
22297,train
22298,train
22299,train
22300,train
22301,train
22302,train
22303,train
22305,train
22306,test
22307,train
22308,train
22310,train
22311,train
22312,train
22313,train
22314,train
22315,train
22316,train
22317,train
22318,train
22319,val
22321,test
22322,train
22323,val
22324,train
22326,train
22327,train
22330,train
22331,train
22332,train
22333,test
22334,val
22335,train
22336,test
22337,train
22338,test
22339,train
22340,train
22341,test
22342,val
22343,train
22344,train
22345,val
22346,train
22347,train
22348,train
22349,val
22350,train
22351,test
22352,train
22353,train
22354,train
22355,train
22356,train
22357,train
22358,train
22359,test
22360,test
22361,test
22362,train
22363,train
22365,train
22366,train
22367,train
22368,train
22369,train
22370,train
22371,train
22372,val
22373,train
22374,val
22375,train
22376,test
22377,test
22378,test
22379,train
22380,test
22382,train
22384,train
22385,val
22386,train
22387,train
22388,train
22389,train
22391,train
22392,train
22394,train
22395,val
22396,train
22398,train
22399,train
22400,train
22401,val
22402,train
22403,train
22404,train
22405,train
22406,train
22407,train
22408,train
22409,train
22410,train
22411,train
22412,val
22413,val
22414,val
22415,train
22416,train
22417,train
22418,val
22419,test
22420,val
22421,train
22422,train
22423,train
22424,train
22426,test
22427,train
22428,train
22429,train
22430,train
22431,val
22432,train
22433,test
22435,test
22436,train
22437,train
22438,train
22439,val
22440,train
22441,train
22442,test
22443,train
22444,train
22445,train
22446,train
22447,train
22448,test
22449,test
22450,train
22451,train
22452,train
22453,train
22454,train
22455,train
22456,val
22457,train
22458,train
22459,test
22460,train
22461,val
22462,train
22463,test
22464,train
22465,train
22466,val
22467,train
22468,train
22469,train
22470,val
22471,train
22472,train
22473,val
22474,test
22475,train
22476,train
22477,test
22478,train
22479,val
22480,train
22481,val
22482,val
22483,train
22484,train
22486,train
22487,train
22488,train
22489,train
22490,train
22492,train
22493,train
22494,train
22495,train
22496,train
22497,test
22498,train
22499,val
22500,train
22501,val
22502,train
22503,train
22505,train
22506,test
22507,train
22508,test
22509,train
22510,train
22511,train
22512,val
22513,train
22514,val
22515,test
22516,train
22517,test
22518,train
22520,train
22521,val
22522,train
22524,test
22525,train
22526,train
22527,test
22528,train
22529,train
22530,train
22531,train
22532,test
22533,train
22534,val
22535,val
22536,train
22537,train
22538,train
22539,train
22541,train
22542,train
22543,val
22544,train
22545,val
22546,train
22547,train
22548,test
22549,train
22550,train
22551,train
22552,train
22553,train
22554,train
22555,train
22556,train
22557,train
22558,train
22559,train
22560,train
22561,train
22562,train
22563,train
22564,train
22565,test
22566,test
22567,val
22568,train
22569,train
22570,val
22571,train
22572,train
22573,train
22574,train
22575,test
22577,test
22578,train
22579,train
22580,train
22581,train
22582,train
22583,train
22584,train
22585,train
22586,val
22587,train
22588,train
22589,test
22591,train
22592,train
22593,train
22595,train
22596,train
22597,train
22598,train
22599,train
22600,train
22601,train
22602,train
22603,test
22604,train
22605,train
22606,val
22607,train
22608,val
22609,test
22610,train
22611,train
22612,train
22613,test
22614,test
22616,train
22617,train
22618,train
22619,test
22620,test
22621,val
22622,test
22623,train
22624,train
22625,train
22626,train
22627,test
22628,train
22629,val
22630,test
22631,train
22632,train
22633,train
22634,test
22635,val
22636,train
22637,train
22638,test
22639,train
22640,train
22641,train
22642,test
22643,train
22644,train
22646,train
22647,train
22648,train
22649,val
22650,train
22651,train
22652,test
22653,train
22654,train
22655,train
22656,test
22657,val
22658,test
22659,train
22660,train
22661,train
22662,train
22663,test
22664,train
22665,train
22666,train
22667,train
22668,train
22669,train
22670,train
22671,test
22672,test
22673,test
22674,test
22675,val
22676,train
22677,train
22678,test
22679,train
22681,train
22682,train
22683,test
22684,train
22685,train
22686,val
22687,val
22688,train
22689,test
22690,train
22691,train
22692,test
22693,train
22694,train
22696,train
22697,train
22698,train
22699,train
22700,val
22701,train
22702,train
22703,train
22704,train
22705,train
22706,train
22707,val
22708,train
22709,train
22710,train
22711,train
22712,train
22713,train
22714,train
22715,train
22716,train
22717,val
22718,test
22719,train
22720,test
22721,train
22723,val
22724,test
22725,train
22726,train
22727,val
22728,train
22729,train
22730,train
22731,train
22733,test
22734,train
22735,train
22736,test
22737,train
22738,train
22739,test
22740,train
22741,train
22742,train
22743,train
22746,train
22747,test
22748,train
22749,train
22750,train
22751,train
22752,train
22753,train
22754,train
22755,val
22756,train
22758,val
22759,train
22760,val
22761,test
22762,val
22764,train
22765,train
22766,train
22767,val
22768,train
22769,test
22770,train
22771,train
22772,train
22773,train
22774,train
22775,train
22776,train
22777,train
22778,train
22779,val
22780,train
22781,train
22782,val
22783,train
22784,train
22785,train
22786,train
22787,val
22788,train
22789,test
22790,train
22791,train
22792,train
22793,train
22794,train
22795,train
22796,test
22797,train
22798,train
22799,test
22800,test
22802,test
22803,train
22804,test
22805,train
22807,train
22809,train
22810,train
22811,train
22812,train
22813,train
22814,train
22815,train
22816,train
22817,train
22818,train
22819,train
22820,test
22821,train
22822,test
22823,test
22824,test
22825,test
22826,test
22827,train
22828,train
22829,train
22830,val
22831,train
22832,train
22833,test
22835,train
22836,val
22837,test
22838,test
22839,train
22840,test
22841,val
22842,train
22843,test
22844,train
22845,train
22846,test
22847,test
22848,train
22849,train
22851,val
22852,train
22853,train
22854,val
22855,train
22856,val
22857,train
22858,test
22859,train
22860,test
22861,test
22862,train
22863,train
22864,train
22865,train
22866,train
22867,train
22868,val
22869,train
22870,train
22871,train
22872,train
22873,train
22874,train
22875,train
22876,test
22877,val
22878,test
22879,train
22880,test
22881,val
22882,train
22883,val
22884,test
22885,train
22886,val
22887,train
22888,val
22889,train
22890,train
22891,train
22892,test
22893,train
22894,train
22895,train
22896,test
22897,val
22898,train
22899,test
22900,train
22901,train
22902,train
22903,train
22904,train
22905,val
22906,test
22907,train
22908,test
22909,train
22910,train
22911,test
22912,train
22913,train
22914,train
22915,train
22916,train
22917,train
22918,test
22919,val
22920,train
22921,train
22922,train
22923,test
22924,train
22925,train
22926,val
22927,test
22928,test
22929,test
22930,train
22931,val
22932,train
22933,test
22934,test
22935,val
22936,test
22937,train
22938,train
22939,train
22940,train
22941,train
22942,train
22943,train
22944,test
22945,train
22946,val
22947,train
22948,val
22949,train
22950,train
22951,test
22952,train
22953,val
22954,train
22955,val
22956,val
22957,val
22958,train
22959,train
22960,train
22961,train
22962,train
22963,val
22964,train
22965,train
22966,train
22967,train
22968,train
22969,train
22970,train
22971,val
22972,test
22973,train
22974,train
22975,train
22976,val
22977,train
22978,train
22979,train
22980,train
22981,val
22982,train
22983,val
22984,test
22985,train
22986,train
22987,train
22990,train
22991,test
22992,train
22993,train
22994,val
22995,train
22996,test
22997,test
22998,train
22999,train
23000,val
23001,train
23002,train
23003,val
23004,train
23005,train
23006,train
23007,train
23008,val
23009,train
23011,test
23012,train
23013,test
23014,train
23016,train
23018,train
23019,val
23020,test
23021,train
23022,train
23023,train
23024,test
23025,train
23026,train
23027,train
23028,train
23029,train
23030,val
23031,val
23032,train
23033,test
23034,train
23035,train
23036,test
23037,val
23038,train
23039,train
23040,train
23041,test
23042,train
23043,train
23044,val
23045,train
23046,train
23047,train
23048,val
23049,train
23050,train
23051,train
23052,train
23053,train
23054,val
23055,val
23056,test
23057,train
23058,train
23059,train
23060,train
23061,test
23062,train
23064,train
23065,train
23066,test
23067,train
23068,train
23069,train
23070,test
23071,train
23072,train
23073,train
23074,train
23075,val
23076,train
23077,test
23078,test
23079,train
23080,val
23081,val
23082,train
23083,val
23084,val
23085,train
23086,train
23087,train
23088,train
23089,train
23090,test
23091,train
23092,val
23093,train
23094,train
23095,train
23096,train
23097,val
23098,train
23099,test
23100,train
23101,train
23102,val
23103,train
23104,val
23105,test
23106,val
23107,train
23108,test
23109,train
23110,train
23111,train
23112,train
23113,train
23114,val
23115,train
23116,test
23117,train
23118,train
23119,train
23120,train
23121,test
23122,train
23123,train
23124,train
23125,train
23126,train
23127,val
23128,train
23129,train
23130,train
23131,train
23132,val
23133,test
23134,train
23135,test
23136,val
23137,test
23138,train
23139,train
23140,train
23141,test
23142,train
23143,train
23144,train
23145,train
23146,train
23147,train
23148,train
23149,val
23150,train
23151,train
23152,train
23153,train
23154,train
23155,train
23156,train
23158,val
23159,train
23160,val
23161,val
23162,val
23163,train
23164,train
23165,train
23166,train
23167,train
23168,train
23169,train
23170,train
23171,train
23172,val
23173,train
23174,val
23175,train
23177,train
23178,val
23180,val
23181,train
23182,train
23183,train
23185,test
23186,val
23187,train
23188,test
23189,train
23190,train
23191,test
23192,train
23193,test
23194,val
23195,train
23197,test
23198,train
23199,train
23200,val
23201,train
23202,train
23203,test
23204,train
23205,train
23206,test
23207,test
23208,train
23209,train
23210,test
23211,train
23212,train
23213,train
23214,test
23215,test
23216,train
23217,val
23218,train
23219,train
23220,train
23221,train
23223,train
23224,train
23225,test
23227,test
23228,val
23229,train
23230,train
23231,train
23232,train
23233,train
23234,train
23235,train
23236,train
23237,train
23238,train
23239,train
23240,train
23241,train
23243,test
23245,val
23246,train
23247,train
23248,train
23249,train
23250,train
23252,train
23253,train
23254,train
23255,train
23256,train
23257,test
23259,val
23260,train
23261,train
23262,train
23263,train
23264,train
23265,test
23266,train
23268,train
23269,train
23270,train
23271,train
23272,test
23273,val
23275,train
23276,train
23277,train
23278,test
23279,train
23280,train
23281,train
23282,train
23283,train
23284,train
23285,train
23286,train
23287,train
23288,test
23289,test
23290,train
23291,train
23292,train
23293,val
23294,train
23295,train
23296,train
23297,train
23298,train
23299,train
23300,train
23301,test
23302,val
23303,train
23305,train
23306,train
23307,val
23308,train
23309,train
23311,train
23312,train
23313,test
23314,train
23315,train
23316,val
23317,train
23318,train
23319,test
23320,train
23321,train
23322,train
23323,train
23324,train
23325,test
23326,train
23327,train
23328,train
23329,val
23330,test
23331,train
23332,train
23333,train
23334,train
23335,test
23336,train
23337,train
23338,train
23339,test
23340,train
23341,train
23342,val
23343,train
23345,train
23346,train
23347,val
23349,train
23350,train
23351,val
23352,val
23353,train
23354,val
23355,test
23356,train
23357,test
23358,train
23359,train
23362,val
23363,train
23364,train
23365,train
23366,train
23370,val
23371,train
23372,val
23373,train
23374,test
23375,val
23376,train
23377,train
23378,train
23379,train
23380,train
23381,train
23382,train
23383,train
23384,train
23385,train
23386,test
23388,test
23389,test
23390,val
23391,train
23392,train
23393,train
23394,test
23395,train
23396,train
23397,test
23398,val
23399,train
23400,train
23401,train
23402,train
23403,test
23404,train
23405,train
23406,train
23407,train
23408,train
23409,train
23410,train
23411,train
23412,train
23413,train
23414,test
23415,train
23416,train
23417,train
23418,train
23419,train
23420,test
23421,train
23422,train
23423,train
23424,train
23425,train
23426,test
23427,val
23429,test
23430,train
23431,train
23432,train
23433,val
23435,train
23436,train
23437,train
23438,train
23439,val
23440,test
23441,train
23442,train
23443,train
23444,train
23445,train
23446,val
23447,val
23448,test
23449,val
23450,val
23451,train
23452,train
23453,train
23454,train
23455,train
23456,train
23457,train
23458,train
23459,val
23460,train
23461,train
23462,train
23463,train
23464,train
23465,train
23466,test
23467,train
23468,train
23469,train
23470,train
23471,test
23472,val
23473,train
23474,train
23475,train
23476,val
23477,val
23478,train
23479,val
23480,train
23481,train
23482,train
23483,train
23485,train
23486,train
23487,train
23488,train
23489,train
23490,train
23491,val
23492,train
23493,train
23494,train
23495,train
23496,train
23497,test
23498,test
23499,val
23500,train
23501,test
23502,val
23503,test
23505,train
23506,train
23507,train
23508,train
23510,train
23511,train
23512,train
23513,train
23514,test
23515,train
23516,train
23517,test
23518,train
23519,train
23520,train
23521,train
23522,train
23523,train
23524,train
23525,train
23526,train
23527,val
23528,train
23529,train
23530,test
23531,test
23532,train
23533,train
23534,train
23535,val
23536,test
23537,train
23538,train
23539,test
23540,test
23542,train
23543,val
23544,test
23546,train
23547,train
23548,train
23549,train
23550,train
23551,val
23552,val
23553,train
23554,val
23555,train
23556,train
23557,train
23558,val
23559,train
23561,train
23562,test
23563,test
23564,train
23565,train
23566,train
23567,test
23568,train
23569,train
23570,train
23571,train
23572,val
23573,train
23574,train
23575,train
23577,train
23578,train
23580,train
23581,train
23582,test
23583,train
23584,train
23585,train
23586,test
23587,test
23588,train
23589,train
23590,test
23591,train
23592,train
23593,test
23594,train
23595,train
23596,train
23597,train
23598,train
23599,val
23600,train
23601,train
23602,train
23603,train
23604,train
23605,train
23606,train
23607,train
23608,val
23609,val
23610,test
23611,train
23612,train
23613,train
23614,train
23615,train
23616,val
23617,train
23618,val
23619,train
23620,train
23621,test
23622,train
23623,train
23624,train
23625,train
23626,train
23627,train
23628,train
23629,train
23630,train
23631,test
23632,train
23633,train
23634,train
23635,train
23636,train
23637,train
23638,test
23639,train
23640,train
23641,train
23642,train
23643,test
23645,val
23646,test
23648,train
23649,train
23650,train
23651,test
23652,train
23653,train
23655,train
23656,train
23657,train
23658,train
23659,train
23660,train
23661,train
23662,val
23663,train
23664,train
23666,val
23667,train
23668,test
23669,val
23670,train
23671,val
23672,train
23673,train
23674,test
23675,train
23676,train
23677,train
23678,train
23679,train
23680,train
23681,train
23682,test
23683,test
23684,val
23685,train
23686,test
23687,val
23688,test
23689,train
23690,train
23691,val
23692,train
23694,train
23695,train
23696,val
23697,train
23698,test
23699,test
23700,train
23701,test
23702,train
23703,test
23704,train
23705,train
23706,train
23707,train
23709,train
23710,val
23711,train
23712,train
23713,train
23714,train
23715,train
23716,val
23717,val
23718,train
23719,train
23720,test
23721,train
23722,train
23723,train
23725,train
23726,train
23727,val
23728,test
23729,train
23730,train
23731,train
23733,train
23735,val
23736,train
23737,test
23738,val
23739,train
23740,train
23741,train
23742,test
23743,test
23744,test
23745,val
23746,train
23747,train
23748,train
23749,train
23750,train
23751,train
23752,train
23753,train
23754,test
23755,test
23756,train
23757,train
23758,train
23759,train
23760,test
23761,train
23762,train
23763,val
23764,train
23765,train
23766,train
23767,train
23768,train
23769,train
23770,train
23771,val
23772,test
23773,test
23774,val
23775,test
23776,train
23777,train
23778,train
23779,train
23780,train
23781,train
23782,train
23783,train
23784,train
23785,test
23786,val
23787,val
23789,train
23790,train
23791,train
23792,train
23793,train
23794,test
23795,train
23796,test
23797,train
23798,train
23799,test
23800,train
23801,train
23802,train
23803,train
23804,val
23805,train
23806,test
23807,test
23808,val
23809,train
23810,train
23811,train
23812,train
23813,train
23814,train
23815,train
23816,test
23817,val
23818,train
23819,val
23820,train
23821,test
23822,test
23823,train
23825,train
23826,test
23827,test
23828,train
23829,val
23830,train
23831,train
23832,train
23833,val
23834,val
23835,val
23836,test
23837,train
23838,train
23839,train
23840,test
23841,train
23842,train
23843,test
23844,val
23845,train
23846,train
23847,train
23848,test
23849,test
23850,test
23851,train
23852,train
23853,train
23854,test
23855,train
23856,train
23857,test
23858,test
23859,train
23860,train
23861,val
23863,train
23864,train
23865,train
23866,train
23867,train
23868,train
23869,test
23870,train
23872,val
23873,train
23874,train
23875,test
23876,train
23877,train
23878,train
23879,val
23880,train
23881,train
23882,test
23883,train
23884,train
23885,train
23886,train
23887,train
23888,val
23889,train
23890,val
23891,val
23892,train
23893,train
23894,train
23895,test
23896,test
23897,train
23898,test
23899,test
23900,train
23901,train
23902,test
23903,train
23904,train
23905,train
23906,train
23907,test
23909,train
23910,test
23911,train
23912,train
23913,train
23914,train
23915,train
23916,val
23917,train
23918,train
23919,train
23920,train
23921,train
23922,train
23923,train
23925,test
23926,train
23927,val
23928,test
23929,train
23930,train
23931,test
23932,train
23933,train
23934,train
23935,test
23937,train
23939,test
23940,train
23941,val
23942,val
23943,train
23945,train
23946,val
23947,train
23948,val
23949,train
23950,test
23951,val
23952,train
23953,train
23954,val
23955,train
23956,train
23957,train
23958,val
23959,test
23960,train
23961,train
23962,test
23963,train
23964,train
23965,train
23966,val
23967,train
23968,train
23969,val
23970,test
23971,test
23972,train
23973,train
23974,train
23975,train
23976,train
23977,train
23978,val
23979,val
23980,test
23981,train
23982,train
23983,train
23985,train
23986,train
23987,train
23988,val
23989,train
23990,val
23991,train
23992,val
23993,train
23995,train
23996,train
23997,train
23998,train
23999,train
24000,test
24001,train
24002,test
24003,train
24004,test
24005,train
24006,val
24007,test
24008,train
24009,train
24010,train
24011,train
24012,train
24013,train
24014,test
24015,train
24016,train
24017,train
24018,val
24019,val
24020,train
24021,train
24022,train
24023,train
24024,train
24026,test
24027,train
24028,test
24029,train
24030,val
24031,val
24032,train
24033,test
24034,train
24035,train
24037,train
24038,train
24039,train
24040,train
24041,train
24042,test
24043,train
24044,train
24045,train
24046,val
24047,test
24048,val
24049,train
24050,train
24051,train
24052,train
24053,train
24054,train
24055,train
24056,test
24057,train
24058,train
24059,train
24060,train
24061,train
24062,test
24063,train
24064,train
24065,train
24066,val
24067,val
24068,train
24070,val
24071,train
24072,train
24073,train
24074,val
24075,train
24076,train
24077,test
24078,train
24079,train
24080,train
24081,train
24082,train
24083,train
24084,train
24085,train
24086,train
24087,train
24088,test
24089,test
24090,train
24091,test
24092,train
24093,train
24094,train
24095,train
24096,test
24097,train
24098,train
24099,val
24100,val
24101,train
24102,train
24103,train
24104,val
24105,train
24106,train
24107,train
24108,train
24109,test
24110,train
24111,val
24112,train
24113,train
24114,train
24115,test
24116,test
24117,train
24118,test
24119,test
24120,test
24121,train
24122,train
24124,train
24125,train
24126,train
24127,train
24128,train
24129,train
24130,train
24131,val
24132,train
24133,val
24134,train
24135,train
24136,train
24137,train
24138,train
24139,train
24140,train
24141,train
24142,train
24143,train
24144,train
24145,train
24146,test
24147,train
24148,train
24149,train
24150,train
24151,train
24152,val
24153,train
24154,val
24155,train
24156,train
24157,train
24158,train
24159,train
24160,test
24161,train
24162,train
24163,train
24164,train
24165,train
24166,train
24167,test
24168,train
24169,train
24170,train
24171,val
24172,train
24173,train
24174,train
24175,train
24176,train
24178,train
24179,train
24180,train
24181,train
24182,val
24183,train
24184,train
24185,train
24186,train
24187,val
24188,test
24189,train
24190,train
24191,train
24192,train
24193,train
24194,train
24195,test
24196,train
24197,train
24198,train
24199,train
24200,val
24201,train
24202,test
24203,val
24204,test
24205,val
24206,train
24207,train
24208,train
24209,train
24210,test
24211,test
24212,val
24213,train
24214,train
24215,train
24216,train
24217,train
24218,train
24219,train
24220,train
24221,train
24222,train
24223,train
24224,train
24225,train
24226,test
24227,train
24228,train
24229,val
24230,val
24231,val
24232,train
24233,train
24234,train
24235,train
24236,train
24237,test
24238,train
24239,train
24240,train
24241,train
24242,test
24243,train
24244,val
24245,train
24246,train
24248,train
24249,train
24251,train
24252,train
24253,train
24254,train
24255,train
24256,train
24257,train
24258,train
24259,train
24260,train
24261,train
24262,test
24263,train
24264,val
24265,train
24266,val
24267,train
24268,train
24269,val
24270,train
24271,train
24272,val
24273,train
24274,train
24275,train
24276,test
24277,train
24278,train
24279,train
24280,val
24281,val
24282,train
24283,train
24284,train
24285,train
24286,train
24287,train
24288,val
24289,train
24290,train
24292,train
24293,train
24294,train
24295,train
24296,val
24297,train
24298,train
24299,train
24300,test
24301,train
24302,train
24303,test
24304,val
24305,train
24306,test
24307,val
24308,train
24309,train
24310,train
24312,train
24313,train
24314,train
24315,train
24316,train
24317,test
24318,train
24319,val
24321,train
24322,train
24323,val
24325,val
24326,val
24327,train
24328,train
24329,test
24330,train
24331,train
24332,train
24333,train
24334,train
24335,test
24336,test
24337,train
24338,val
24339,train
24340,train
24341,test
24342,train
24343,train
24344,train
24345,train
24347,test
24348,train
24349,train
24350,train
24351,test
24352,train
24353,train
24354,test
24355,train
24356,train
24357,train
24358,train
24359,train
24360,train
24362,train
24363,train
24364,train
24365,val
24366,train
24367,train
24368,train
24369,train
24370,train
24371,test
24372,train
24373,train
24374,train
24375,val
24376,train
24377,test
24378,train
24379,train
24380,train
24381,train
24382,train
24383,train
24384,train
24385,val
24386,train
24387,train
24388,train
24389,train
24390,test
24392,train
24393,train
24394,train
24395,train
24397,train
24398,val
24399,train
24400,train
24402,train
24403,train
24404,train
24405,test
24406,train
24407,train
24408,train
24409,train
24410,train
24411,val
24412,test
24413,train
24414,val
24415,train
24416,train
24417,train
24418,train
24419,train
24420,train
24421,train
24422,val
24423,train
24424,train
24425,train
24426,test
24427,train
24428,train
24429,val
24430,train
24431,test
24432,train
24433,test
24434,train
24435,train
24436,train
24437,train
24438,train
24440,val
24441,train
24442,train
24443,train
24444,train
24445,test
24446,train
24447,test
24449,train
24450,train
24451,train
24452,val
24453,train
24454,val
24455,test
24456,train
24457,train
24458,train
24459,train
24460,train
24461,train
24462,test
24463,train
24464,train
24465,train
24466,train
24467,train
24468,train
24470,train
24471,train
24472,val
24473,train
24474,train
24475,train
24476,train
24477,train
24478,train
24479,val
24480,train
24481,train
24482,test
24483,test
24484,test
24485,train
24486,val
24487,train
24488,train
24489,val
24490,train
24491,test
24492,train
24493,train
24494,test
24495,train
24497,val
24498,test
24499,test
24500,val
24501,train
24502,train
24503,train
24504,train
24505,test
24506,train
24507,train
24508,train
24509,train
24510,train
24511,val
24512,test
24513,val
24514,test
24515,train
24516,test
24517,train
24519,train
24520,train
24521,train
24522,train
24523,train
24524,test
24525,val
24526,val
24527,train
24528,train
24529,train
24530,val
24531,train
24532,train
24533,val
24534,train
24535,test
24536,train
24538,train
24539,train
24540,train
24541,val
24542,train
24543,test
24544,train
24545,train
24546,train
24548,val
24549,train
24550,train
24551,train
24552,test
24553,val
24554,train
24555,train
24556,train
24557,train
24558,train
24559,train
24560,train
24561,test
24562,val
24563,test
24564,train
24565,train
24566,test
24567,val
24569,test
24570,train
24571,train
24572,val
24573,test
24574,train
24575,val
24576,train
24577,val
24578,val
24579,train
24580,train
24581,test
24582,train
24583,train
24584,train
24585,train
24586,val
24587,val
24588,test
24589,train
24590,train
24591,train
24592,train
24593,train
24594,train
24595,train
24596,train
24597,train
24598,train
24599,train
24600,test
24601,test
24602,train
24603,test
24604,train
24605,test
24606,train
24607,test
24608,train
24609,train
24610,test
24611,train
24612,train
24613,train
24614,train
24615,train
24616,train
24617,val
24619,train
24620,test
24621,train
24622,test
24623,test
24624,train
24625,train
24626,train
24627,train
24628,train
24629,train
24630,train
24631,val
24632,val
24633,train
24634,val
24635,train
24636,val
24637,train
24638,test
24639,test
24640,test
24641,train
24642,test
24643,val
24644,train
24647,train
24648,train
24649,train
24650,train
24651,train
24652,train
24653,train
24654,train
24655,val
24657,val
24658,test
24659,train
24660,train
24661,train
24662,train
24663,test
24664,train
24665,train
24666,train
24667,train
24668,train
24669,train
24670,test
24671,train
24672,test
24673,train
24674,test
24675,train
24676,val
24677,val
24678,val
24679,val
24680,val
24681,train
24682,train
24683,train
24684,val
24685,val
24686,train
24687,train
24688,train
24689,train
24690,train
24691,val
24692,train
24693,train
24694,train
24695,train
24697,train
24698,train
24699,train
24700,train
24701,train
24702,test
24703,train
24704,train
24705,train
24706,train
24707,train
24708,train
24709,train
24710,train
24711,val
24712,train
24713,train
24714,train
24715,train
24716,train
24717,test
24718,test
24719,val
24720,train
24721,train
24722,train
24723,train
24724,train
24725,train
24726,test
24727,train
24728,train
24729,train
24730,train
24731,train
24733,train
24734,test
24735,test
24736,val
24737,val
24738,train
24739,test
24740,test
24741,val
24742,train
24743,train
24744,val
24745,val
24746,test
24747,train
24748,train
24749,val
24750,train
24751,train
24752,test
24753,train
24754,train
24755,train
24756,train
24757,test
24758,train
24759,train
24760,train
24761,test
24762,train
24763,train
24764,test
24765,train
24766,train
24767,val
24768,train
24769,train
24770,train
24771,val
24772,train
24773,train
24774,test
24775,train
24776,train
24777,train
24778,train
24779,train
24780,train
24781,train
24782,train
24783,train
24784,train
24785,train
24786,test
24787,val
24788,train
24789,test
24790,test
24791,train
24792,test
24793,train
24794,train
24795,train
24796,test
24797,train
24798,train
24799,val
24800,train
24801,test
24802,train
24803,val
24804,train
24805,train
24806,test
24807,train
24808,train
24809,train
24810,val
24811,test
24812,val
24813,train
24814,train
24815,train
24816,val
24817,train
24818,train
24820,train
24821,train
24822,val
24823,test
24824,train
24825,train
24826,val
24827,val
24828,val
24829,val
24830,train
24831,train
24832,train
24833,train
24834,train
24835,train
24837,train
24838,train
24839,test
24840,train
24841,val
24842,test
24843,val
24845,train
24846,train
24847,train
24848,train
24849,train
24850,train
24851,train
24852,train
24853,train
24854,train
24855,train
24856,train
24857,train
24858,train
24859,train
24860,test
24861,train
24862,train
24863,val
24864,test
24865,test
24866,train
24867,train
24868,train
24869,test
24870,test
24871,test
24872,train
24873,train
24874,train
24875,train
24876,train
24877,train
24878,val
24879,train
24880,train
24881,test
24882,test
24883,train
24884,test
24885,train
24886,train
24887,train
24888,test
24889,val
24890,train
24891,train
24892,train
24893,train
24894,val
24895,train
24896,val
24897,train
24898,train
24899,train
24900,train
24901,train
24902,train
24903,test
24904,train
24905,test
24906,train
24907,val
24909,test
24910,train
24911,train
24912,train
24913,val
24914,train
24915,train
24916,test
24917,train
24918,train
24919,train
24920,train
24921,val
24922,val
24923,train
24924,test
24926,train
24927,train
24928,train
24929,test
24930,test
24931,train
24932,val
24933,train
24934,train
24935,train
24936,train
24937,train
24938,train
24939,train
24940,val
24941,train
24942,train
24943,train
24944,val
24945,train
24946,test
24947,test
24948,train
24949,val
24950,test
24951,test
24952,train
24953,train
24955,train
24956,train
24957,train
24958,train
24959,train
24960,train
24961,train
24962,train
24963,train
24964,test
24965,train
24966,train
24967,train
24968,val
24969,test
24970,test
24971,train
24972,train
24973,train
24974,train
24975,train
24976,train
24977,train
24978,val
24979,train
24980,train
24981,train
24982,train
24983,train
24984,train
24985,val
24986,test
24987,train
24988,train
24989,train
24990,train
24991,train
24992,train
24993,test
24994,train
24995,train
24996,test
24997,train
24998,train
24999,train
25000,train
25001,train
25002,train
25003,train
25004,train
25005,test
25006,train
25007,train
25008,test
25009,val
25010,train
25011,val
25012,train
25013,train
25014,train
25015,test
25016,train
25017,train
25018,train
25019,train
25020,train
25021,test
25022,train
25023,train
25024,train
25025,train
25026,train
25027,test
25028,train
25029,train
25030,test
25031,val
25032,train
25033,train
25034,train
25035,test
25036,train
25037,train
25038,train
25039,val
25040,val
25041,train
25042,train
25043,train
25044,test
25045,val
25046,test
25047,val
25048,test
25049,train
25050,val
25051,test
25052,train
25053,train
25054,test
25055,train
25056,train
25057,train
25058,test
25059,train
25060,train
25061,train
25062,train
25063,val
25064,val
25065,train
25066,test
25067,train
25068,train
25069,val
25070,train
25071,train
25072,test
25073,train
25074,val
25075,train
25076,train
25078,train
25079,test
25080,test
25082,test
25083,train
25084,train
25085,train
25086,val
25087,val
25088,train
25089,train
25090,train
25091,val
25092,train
25093,train
25094,train
25095,train
25096,train
25097,train
25098,val
25100,train
25101,train
25102,val
25103,val
25104,train
25105,train
25106,test
25107,train
25108,train
25110,test
25111,train
25112,test
25113,train
25114,val
25115,test
25116,test
25117,train
25118,train
25119,val
25120,train
25121,train
25122,train
25123,train
25124,test
25125,test
25126,train
25127,train
25128,val
25129,test
25130,val
25131,train
25132,train
25133,train
25134,train
25135,val
25136,train
25137,train
25138,train
25139,train
25140,train
25141,test
25142,test
25143,val
25144,val
25145,test
25146,train
25147,train
25148,train
25149,test
25150,test
25151,train
25152,train
25153,train
25154,test
25155,train
25156,train
25157,train
25158,train
25159,val
25160,val
25161,train
25162,val
25163,train
25164,train
25165,val
25166,val
25167,train
25168,train
25169,train
25172,train
25173,train
25174,train
25175,train
25176,val
25177,train
25178,val
25179,val
25180,train
25181,train
25182,train
25183,test
25184,train
25185,val
25186,val
25187,val
25188,train
25189,train
25190,train
25191,val
25192,val
25193,train
25194,train
25195,train
25196,train
25197,val
25198,train
25199,train
25200,train
25201,train
25202,train
25203,train
25204,train
25205,train
25206,val
25208,train
25209,train
25210,val
25211,test
25212,train
25213,train
25214,train
25215,train
25216,train
25217,train
25218,train
25219,train
25220,train
25221,train
25222,test
25223,train
25224,test
25225,train
25226,train
25227,train
25228,train
25229,val
25230,train
25231,train
25232,train
25233,train
25234,train
25235,test
25236,train
25237,train
25238,train
25239,train
25240,train
25241,train
25242,train
25243,test
25244,train
25245,train
25246,train
25247,train
25248,train
25249,val
25250,train
25251,train
25252,test
25253,train
25254,train
25255,train
25256,train
25257,test
25258,train
25259,train
25260,train
25261,val
25262,train
25263,train
25264,train
25265,val
25266,train
25267,train
25268,train
25269,train
25270,train
25272,train
25273,train
25274,val
25275,train
25276,train
25277,train
25278,train
25279,train
25280,test
25281,train
25282,val
25283,train
25284,train
25285,val
25286,train
25287,val
25288,test
25289,test
25290,val
25291,train
25292,train
25293,val
25294,train
25295,train
25296,val
25297,val
25298,train
25299,train
25300,train
25301,train
25302,test
25303,train
25304,train
25305,train
25306,val
25307,test
25309,train
25310,test
25311,train
25312,test
25313,train
25314,train
25315,train
25316,train
25317,val
25318,train
25321,test
25322,val
25323,test
25324,train
25325,val
25326,train
25329,val
25330,train
25331,val
25332,train
25333,train
25334,train
25335,train
25336,train
25337,train
25338,test
25339,val
25340,train
25341,train
25342,train
25343,train
25344,train
25345,val
25346,val
25347,train
25348,train
25350,train
25351,train
25352,train
25353,train
25354,val
25355,train
25356,val
25357,train
25358,train
25359,train
25360,train
25361,train
25362,train
25363,train
25365,train
25366,train
25367,train
25368,train
25369,train
25370,train
25371,train
25372,train
25373,train
25374,train
25375,val
25376,train
25378,train
25379,train
25380,train
25381,val
25382,val
25383,test
25384,train
25385,train
25386,train
25387,train
25388,train
25389,train
25390,val
25391,train
25393,train
25394,train
25395,train
25396,test
25397,train
25398,train
25399,train
25400,test
25401,train
25402,val
25403,test
25404,train
25405,val
25406,train
25407,train
25408,train
25409,train
25410,train
25412,train
25413,train
25414,train
25415,val
25416,train
25417,train
25418,train
25419,train
25421,train
25422,train
25423,train
25424,train
25425,test
25426,val
25427,train
25429,test
25430,train
25431,train
25432,val
25433,train
25434,train
25435,val
25436,train
25437,train
25438,test
25439,train
25440,train
25441,train
25442,test
25443,train
25444,train
25445,train
25446,train
25447,train
25448,test
25449,train
25450,train
25451,train
25452,test
25453,train
25454,train
25455,train
25457,train
25458,train
25459,train
25460,test
25461,train
25462,train
25463,test
25464,train
25465,train
25466,test
25467,train
25468,train
25470,train
25472,train
25473,train
25474,train
25475,train
25476,val
25477,train
25478,train
25479,train
25480,train
25481,test
25482,train
25483,train
25484,train
25485,train
25486,train
25487,train
25488,train
25489,train
25490,train
25491,test
25493,val
25494,train
25495,train
25496,train
25497,train
25499,val
25500,train
25501,train
25502,val
25503,train
25504,train
25505,train
25508,train
25509,train
25510,train
25511,test
25512,train
25513,train
25514,train
25515,train
25516,train
25517,test
25518,train
25519,test
25520,train
25521,test
25523,test
25525,test
25526,test
25527,train
25528,test
25529,val
25530,train
25531,train
25532,train
25533,train
25534,train
25535,val
25536,train
25537,train
25538,test
25539,train
25540,train
25541,train
25542,train
25543,val
25544,train
25545,train
25547,train
25548,train
25549,test
25550,train
25551,train
25553,train
25555,train
25556,train
25558,train
25559,train
25560,val
25562,train
25563,train
25564,val
25565,train
25566,train
25568,train
25569,train
25570,train
25571,train
25572,train
25573,train
25574,train
25575,val
25576,test
25577,train
25578,train
25579,train
25580,train
25581,val
25582,train
25583,train
25584,train
25585,train
25586,train
25587,train
25588,train
25589,val
25590,train
25591,train
25592,train
25595,val
25596,train
25597,train
25598,train
25599,train
25600,val
25601,val
25602,train
25603,test
25604,train
25605,train
25606,val
25607,train
25608,val
25609,val
25610,test
25611,train
25612,train
25613,train
25614,train
25615,train
25616,train
25617,train
25618,val
25619,train
25620,train
25621,train
25622,train
25623,train
25624,train
25625,test
25626,train
25627,train
25628,train
25629,train
25630,train
25631,train
25633,train
25634,test
25635,train
25636,train
25637,train
25638,train
25639,train
25640,train
25641,train
25642,train
25643,train
25644,test
25646,train
25647,test
25648,train
25649,train
25650,test
25651,val
25652,train
25653,train
25654,test
25655,train
25656,train
25657,train
25658,train
25659,train
25660,train
25661,train
25662,train
25663,test
25664,train
25665,train
25666,test
25667,test
25668,train
25669,train
25670,train
25671,train
25672,train
25673,train
25674,train
25675,train
25676,train
25677,val
25678,train
25679,val
25680,train
25681,train
25682,test
25683,val
25685,train
25686,train
25687,train
25688,test
25689,train
25690,train
25691,train
25692,train
25693,train
25694,train
25695,val
25696,train
25697,train
25698,val
25699,train
25701,train
25702,train
25703,test
25704,train
25705,test
25706,train
25707,train
25708,train
25709,train
25711,train
25712,val
25713,train
25714,train
25715,test
25716,train
25717,test
25718,train
25719,train
25720,train
25721,train
25722,train
25724,train
25725,train
25726,test
25727,train
25728,train
25729,train
25730,train
25731,train
25732,train
25733,val
25734,val
25735,train
25736,train
25737,val
25738,train
25739,val
25740,train
25741,train
25742,train
25743,train
25744,test
25745,train
25746,train
25747,train
25748,train
25749,test
25750,test
25751,val
25752,train
25753,val
25754,train
25755,train
25756,train
25758,train
25759,test
25760,train
25761,val
25762,test
25763,train
25764,train
25765,train
25766,train
25767,train
25768,train
25769,train
25770,train
25771,val
25772,train
25773,train
25774,train
25775,val
25776,train
25777,train
25778,train
25779,test
25780,train
25781,train
25782,train
25783,train
25784,val
25785,train
25786,train
25787,train
25789,train
25790,train
25791,train
25793,train
25794,train
25795,train
25796,train
25797,train
25798,test
25799,train
25800,train
25801,train
25802,train
25803,val
25804,train
25805,val
25806,train
25807,train
25808,test
25809,train
25810,test
25811,train
25812,val
25813,train
25814,train
25816,train
25817,val
25818,train
25819,val
25820,test
25821,train
25822,train
25823,train
25824,train
25825,train
25826,train
25827,train
25828,train
25829,train
25830,train
25831,val
25832,train
25833,train
25834,train
25835,train
25836,train
25837,train
25838,train
25839,train
25840,train
25841,train
25842,train
25843,val
25844,train
25845,train
25846,train
25847,train
25848,train
25849,train
25850,train
25851,test
25853,train
25854,val
25855,train
25856,train
25857,train
25858,test
25859,train
25860,train
25861,train
25862,train
25863,test
25864,train
25865,train
25866,test
25867,train
25868,train
25869,train
25870,train
25871,train
25872,test
25873,train
25874,val
25875,train
25876,val
25877,train
25878,val
25879,train
25880,train
25881,train
25882,test
25883,train
25885,val
25886,train
25887,train
25888,train
25889,val
25890,train
25891,train
25892,train
25893,train
25894,val
25895,train
25896,test
25897,train
25898,train
25899,train
25900,train
25901,train
25902,train
25903,train
25904,train
25905,train
25906,val
25907,train
25908,train
25909,train
25910,train
25911,train
25912,train
25913,train
25914,test
25915,train
25916,train
25917,val
25919,train
25920,train
25921,test
25922,train
25923,train
25924,train
25925,test
25926,train
25927,train
25928,test
25929,train
25930,train
25931,val
25932,train
25933,test
25937,train
25938,train
25939,val
25942,test
25943,train
25944,train
25945,train
25946,train
25947,train
25948,train
25949,val
25950,train
25951,test
25952,val
25953,train
25954,train
25955,train
25956,test
25957,train
25958,train
25959,train
25960,train
25961,train
25962,val
25963,test
25964,train
25965,train
25966,test
25967,train
25968,val
25969,train
25971,val
25973,train
25974,train
25975,val
25977,train
25978,val
25980,test
25981,train
25982,train
25983,test
25984,train
25985,train
25986,val
25987,val
25988,train
25989,train
25990,train
25992,train
25993,train
25994,train
25995,train
25996,train
25997,train
25998,train
25999,test
26000,train
26001,train
26002,train
26003,test
26004,train
26005,train
26006,train
26007,test
26008,train
26009,train
26010,val
26011,train
26012,train
26013,train
26014,train
26015,train
26016,train
26017,train
26018,test
26019,train
26020,train
26021,train
26022,train
26023,train
26024,train
26025,train
26026,train
26027,test
26028,train
26029,train
26031,train
26032,train
26033,train
26034,train
26035,train
26036,train
26037,val
26038,val
26039,val
26040,train
26041,train
26042,train
26043,train
26044,train
26045,train
26046,val
26047,val
26048,train
26049,train
26050,train
26052,train
26053,test
26054,train
26055,train
26056,val
26057,train
26058,test
26059,train
26060,val
26062,test
26063,val
26064,train
26065,train
26066,train
26067,train
26068,train
26069,train
26070,train
26071,train
26072,train
26074,train
26075,val
26076,train
26077,val
26078,train
26079,train
26080,test
26081,val
26082,train
26083,val
26084,train
26085,train
26086,train
26087,train
26088,train
26089,train
26090,train
26091,train
26092,test
26093,train
26094,train
26095,train
26096,test
26097,train
26098,train
26099,train
26100,train
26101,val
26102,train
26103,train
26104,train
26105,train
26106,test
26107,train
26108,val
26109,train
26110,val
26111,train
26112,train
26113,train
26114,train
26115,train
26117,train
26118,val
26119,train
26120,train
26121,train
26122,train
26123,train
26124,train
26125,train
26126,test
26127,train
26128,train
26129,val
26130,test
26131,train
26132,train
26133,test
26134,train
26135,train
26136,train
26137,train
26138,train
26139,val
26140,train
26141,train
26142,val
26143,val
26144,train
26145,train
26146,train
26147,train
26148,test
26149,train
26150,train
26151,train
26152,train
26153,train
26154,train
26155,test
26156,train
26157,train
26158,train
26159,train
26160,train
26161,test
26162,train
26163,val
26164,val
26165,test
26166,train
26167,train
26168,train
26170,train
26171,train
26172,train
26173,test
26174,train
26175,train
26176,train
26177,train
26178,train
26179,train
26180,train
26181,train
26182,train
26183,train
26184,train
26185,train
26186,train
26187,train
26188,train
26189,train
26190,train
26191,train
26192,train
26193,val
26194,train
26195,test
26196,train
26198,train
26200,train
26201,train
26202,test
26203,val
26204,test
26205,train
26207,train
26208,test
26209,test
26210,train
26211,train
26212,test
26213,train
26214,train
26215,train
26216,train
26217,train
26218,train
26219,train
26220,val
26221,train
26222,val
26223,test
26224,train
26226,train
26227,val
26228,train
26229,test
26230,train
26231,val
26232,val
26233,train
26234,train
26235,train
26236,train
26237,train
26238,test
26239,train
26240,train
26241,train
26242,train
26243,test
26244,test
26245,test
26246,train
26247,train
26248,train
26249,val
26252,train
26253,train
26254,train
26255,train
26256,train
26257,val
26258,test
26259,test
26260,val
26261,train
26262,train
26263,train
26264,train
26265,train
26266,train
26268,test
26269,train
26270,train
26271,train
26272,val
26273,train
26274,train
26275,val
26276,train
26277,val
26278,train
26279,train
26280,train
26282,train
26283,train
26284,test
26285,train
26286,train
26287,train
26288,train
26289,train
26290,val
26291,val
26292,train
26293,train
26294,train
26295,train
26296,val
26297,train
26298,train
26299,train
26300,train
26301,train
26302,train
26303,train
26304,train
26305,val
26306,test
26307,train
26308,train
26309,train
26310,val
26311,train
26312,train
26313,val
26314,train
26315,train
26316,train
26317,val
26318,train
26319,train
26322,val
26324,train
26325,train
26326,train
26327,train
26328,test
26329,train
26330,train
26331,train
26332,train
26333,train
26334,train
26335,test
26337,test
26338,test
26339,train
26340,train
26341,val
26342,train
26343,train
26344,test
26345,train
26346,val
26347,train
26348,train
26349,train
26351,test
26352,train
26353,train
26354,train
26355,test
26356,train
26357,val
26358,train
26359,train
26360,train
26361,val
26362,train
26363,train
26364,train
26365,train
26366,train
26367,train
26368,train
26369,train
26370,val
26371,val
26372,train
26373,train
26374,train
26375,val
26376,train
26377,test
26378,train
26379,val
26380,val
26381,train
26382,test
26383,train
26384,test
26385,train
26386,train
26387,train
26388,train
26389,test
26390,val
26391,train
26392,train
26393,train
26394,test
26395,train
26396,train
26397,train
26398,train
26399,train
26400,val
26401,train
26402,train
26403,test
26404,train
26405,test
26406,train
26407,test
26408,train
26409,train
26410,train
26411,train
26412,train
26413,train
26414,val
26415,train
26416,train
26417,train
26418,val
26419,test
26420,train
26421,train
26422,val
26423,train
26424,train
26425,train
26426,train
26427,train
26428,train
26429,train
26430,train
26431,train
26432,train
26433,train
26434,train
26435,train
26436,test
26437,val
26438,train
26439,train
26440,train
26441,train
26442,train
26443,train
26444,train
26445,train
26446,val
26447,train
26448,train
26449,train
26450,val
26451,test
26452,train
26453,train
26454,test
26455,train
26457,train
26459,test
26460,train
26461,train
26462,test
26463,train
26464,train
26465,train
26466,val
26467,test
26468,val
26469,train
26470,train
26471,train
26472,train
26473,train
26474,train
26475,train
26476,test
26477,train
26478,val
26479,test
26480,test
26481,val
26482,train
26483,train
26484,train
26485,train
26486,train
26488,train
26489,train
26490,train
26491,train
26492,test
26493,val
26494,test
26495,train
26496,train
26497,test
26498,test
26499,test
26500,train
26501,train
26502,val
26503,train
26504,test
26506,train
26507,train
26508,val
26509,train
26510,test
26511,train
26512,train
26513,test
26514,train
26515,train
26516,train
26517,train
26518,test
26519,train
26520,train
26521,train
26522,test
26523,val
26524,train
26525,val
26526,val
26527,val
26528,val
26529,test
26530,test
26531,train
26532,train
26533,train
26534,train
26536,train
26537,train
26538,val
26539,train
26540,test
26541,train
26542,train
26543,train
26545,train
26546,val
26547,train
26548,test
26549,val
26550,val
26551,train
26552,test
26553,train
26554,val
26555,train
26556,train
26557,train
26558,train
26559,train
26560,train
26561,val
26562,train
26563,train
26564,train
26565,train
26566,train
26567,train
26568,test
26569,train
26570,train
26571,train
26572,val
26573,train
26574,train
26575,train
26576,test
26577,train
26578,train
26579,train
26580,train
26581,train
26582,val
26583,train
26584,test
26585,train
26586,test
26587,train
26588,train
26589,train
26590,train
26591,train
26592,train
26593,train
26594,val
26595,train
26596,train
26597,val
26598,train
26599,val
26601,val
26602,test
26603,train
26604,train
26605,train
26606,test
26607,train
26608,train
26609,train
26611,train
26612,test
26613,train
26614,train
26615,train
26616,test
26617,train
26618,train
26619,train
26621,train
26623,val
26624,train
26625,train
26626,train
26627,val
26629,val
26630,test
26631,train
26632,train
26633,train
26634,val
26635,train
26636,val
26638,train
26639,train
26640,val
26641,test
26642,train
26643,test
26644,train
26645,val
26646,train
26647,train
26648,train
26649,train
26650,train
26651,test
26652,train
26653,test
26654,train
26655,train
26656,train
26657,train
26658,train
26659,train
26660,train
26661,train
26662,train
26663,train
26664,test
26665,train
26666,train
26667,val
26668,train
26669,train
26670,val
26671,test
26672,train
26673,val
26674,train
26675,train
26676,test
26677,train
26678,train
26679,train
26680,train
26682,train
26683,train
26684,train
26685,train
26686,train
26687,train
26688,val
26689,train
26691,train
26692,train
26693,train
26694,val
26695,train
26696,test
26697,train
26698,train
26699,train
26700,train
26701,train
26702,train
26703,test
26704,train
26705,train
26706,train
26707,train
26708,train
26709,test
26710,val
26711,train
26712,train
26713,train
26714,train
26715,test
26716,val
26717,train
26718,train
26719,val
26720,train
26721,test
26722,train
26723,train
26724,train
26725,train
26726,val
26727,train
26728,train
26729,train
26731,train
26732,train
26733,train
26734,test
26735,val
26737,test
26738,train
26739,train
26740,train
26741,train
26742,train
26743,val
26744,train
26745,train
26746,train
26747,train
26748,test
26749,train
26750,val
26751,train
26752,train
26753,train
26754,val
26755,test
26756,train
26757,train
26758,val
26759,train
26760,train
26761,test
26762,train
26763,train
26764,test
26765,train
26766,test
26767,val
26768,test
26769,train
26770,train
26771,train
26772,train
26773,train
26774,train
26775,train
26777,test
26778,test
26779,val
26780,train
26781,train
26782,train
26783,val
26784,train
26785,train
26786,train
26787,val
26788,train
26789,train
26790,train
26791,val
26792,train
26793,test
26794,test
26795,train
26796,train
26797,train
26798,test
26799,train
26800,train
26801,val
26802,test
26803,test
26804,val
26805,train
26806,train
26807,test
26808,train
26809,val
26810,train
26811,train
26812,val
26813,train
26814,train
26815,train
26816,train
26817,test
26818,val
26819,test
26820,train
26821,val
26822,train
26823,val
26824,train
26825,train
26826,train
26827,train
26828,test
26829,train
26830,train
26831,train
26832,test
26833,test
26834,train
26835,train
26836,train
26837,train
26838,train
26839,train
26840,train
26841,train
26842,test
26843,train
26845,val
26846,val
26847,train
26848,train
26849,train
26850,train
26851,test
26852,train
26853,train
26854,train
26855,test
26856,val
26857,train
26858,train
26859,train
26860,train
26861,train
26862,train
26863,train
26864,train
26866,test
26867,test
26868,train
26869,val
26870,train
26871,train
26872,train
26873,train
26874,train
26875,train
26877,train
26878,train
26879,train
26880,train
26881,test
26882,val
26883,train
26884,train
26885,train
26886,train
26887,train
26888,train
26889,val
26890,test
26891,train
26892,train
26893,val
26894,train
26895,train
26896,train
26897,val
26898,train
26899,train
26900,train
26901,train
26902,train
26903,train
26904,test
26905,train
26906,test
26907,test
26908,train
26909,val
26910,train
26911,val
26912,val
26913,test
26915,test
26916,train
26917,val
26918,test
26919,val
26920,train
26921,test
26922,train
26924,val
26925,train
26926,test
26927,val
26928,test
26929,test
26930,test
26931,train
26932,val
26933,train
26934,train
26935,train
26936,val
26937,val
26938,train
26939,test
26940,train
26941,val
26942,train
26943,train
26944,val
26945,train
26946,train
26947,test
26948,train
26949,test
26950,train
26952,train
26953,val
26954,val
26955,train
26956,train
26957,train
26958,train
26959,val
26960,train
26961,val
26962,train
26963,train
26964,train
26965,test
26966,train
26968,train
26969,train
26970,train
26971,test
26972,train
26973,train
26974,val
26975,train
26976,train
26977,train
26978,train
26979,train
26980,train
26981,train
26982,train
26983,train
26984,train
26985,val
26986,train
26987,train
26988,train
26989,train
26990,val
26991,train
26992,train
26993,train
26994,train
26995,train
26996,test
26997,train
26998,val
26999,val
27000,train
27002,train
27003,train
27004,train
27005,val
27006,train
27007,train
27008,train
27009,train
27010,train
27011,train
27012,train
27013,train
27014,train
27015,val
27016,train
27017,train
27018,train
27019,train
27020,train
27021,train
27023,train
27024,train
27025,val
27026,train
27027,train
27028,train
27029,train
27030,train
27031,train
27032,train
27033,val
27034,test
27035,train
27036,train
27037,test
27038,train
27039,train
27040,val
27041,train
27042,train
27043,val
27044,train
27045,train
27046,train
27047,train
27048,train
27049,val
27050,train
27051,train
27052,train
27053,train
27054,train
27055,train
27057,train
27058,val
27059,train
27060,train
27061,train
27062,train
27063,train
27064,train
27065,train
27066,train
27067,train
27068,train
27069,train
27070,train
27071,train
27072,train
27073,test
27074,val
27075,train
27076,train
27077,val
27078,train
27079,train
27080,train
27081,train
27082,train
27083,train
27084,train
27085,train
27086,train
27087,train
27088,train
27089,train
27090,train
27091,train
27092,val
27093,train
27094,train
27095,train
27096,train
27097,train
27098,train
27099,test
27100,train
27101,test
27102,train
27103,val
27104,test
27105,train
27106,train
27107,train
27108,train
27109,train
27110,train
27111,val
27112,val
27113,train
27114,train
27115,test
27116,val
27117,test
27118,train
27119,train
27121,train
27122,val
27123,train
27124,train
27125,val
27126,train
27127,train
27128,train
27130,val
27131,train
27132,test
27133,train
27134,train
27135,train
27136,val
27137,train
27139,train
27140,test
27141,val
27142,train
27143,train
27144,train
27145,test
27146,train
27147,val
27148,test
27149,train
27150,train
27151,train
27152,train
27153,train
27154,train
27155,train
27156,train
27157,val
27158,train
27159,train
27161,train
27162,val
27163,val
27164,train
27165,test
27167,train
27168,train
27169,train
27170,train
27171,test
27172,train
27173,val
27174,train
27175,train
27176,train
27177,train
27178,val
27179,val
27180,train
27181,train
27182,test
27183,val
27184,test
27185,train
27186,train
27187,train
27188,train
27189,test
27190,train
27191,test
27192,train
27193,train
27194,val
27195,train
27196,train
27197,val
27199,train
27200,train
27201,train
27202,train
27203,train
27204,train
27205,train
27206,train
27207,test
27208,train
27210,val
27211,train
27212,train
27213,train
27214,train
27215,train
27216,train
27217,val
27218,train
27219,train
27220,train
27221,train
27222,train
27223,train
27224,test
27225,test
27226,train
27227,train
27228,val
27229,train
27230,train
27231,train
27232,test
27233,train
27234,train
27235,train
27236,train
27237,train
27238,test
27239,train
27240,train
27241,train
27242,train
27243,val
27244,val
27245,test
27246,test
27247,test
27248,train
27249,train
27250,val
27251,train
27252,train
27253,train
27254,train
27255,val
27256,train
27257,test
27258,test
27259,train
27260,train
27261,train
27262,val
27263,train
27264,test
27265,train
27266,train
27267,train
27268,train
27269,train
27270,train
27271,train
27272,train
27273,train
27274,train
27275,val
27276,train
27277,train
27278,train
27279,train
27280,val
27281,train
27282,test
27283,test
27284,val
27285,train
27286,train
27287,test
27288,train
27289,test
27290,test
27291,train
27292,val
27293,train
27294,train
27295,val
27296,test
27297,train
27298,test
27299,val
27300,train
27301,train
27302,train
27303,train
27304,train
27305,test
27306,val
27307,val
27308,train
27309,train
27310,train
27311,train
27312,train
27314,train
27315,train
27316,train
27317,train
27318,val
27319,train
27320,train
27321,test
27322,train
27324,train
27325,val
27326,train
27327,test
27328,train
27329,val
27330,train
27331,train
27333,train
27334,train
27335,train
27336,train
27337,train
27338,test
27339,train
27340,train
27341,train
27342,train
27343,train
27344,train
27345,train
27346,train
27347,train
27348,train
27349,train
27350,val
27351,train
27352,train
27353,val
27354,train
27355,train
27356,train
27357,test
27358,train
27359,test
27360,train
27361,train
27362,train
27363,test
27364,train
27365,train
27366,val
27367,train
27368,val
27369,test
27370,train
27372,train
27373,test
27374,train
27375,test
27376,val
27377,train
27378,test
27379,train
27380,train
27381,train
27382,test
27383,train
27384,test
27385,test
27386,train
27387,train
27388,test
27389,train
27390,train
27391,train
27392,train
27393,val
27394,train
27395,train
27396,train
27397,train
27398,test
27399,train
27400,train
27401,train
27402,val
27403,test
27404,train
27405,train
27406,train
27407,train
27408,train
27409,train
27410,test
27411,train
27412,test
27413,train
27414,train
27415,train
27416,train
27417,train
27418,test
27419,train
27420,train
27421,train
27422,train
27424,train
27425,train
27426,train
27427,train
27428,train
27429,train
27430,train
27431,val
27432,test
27433,train
27434,train
27435,train
27436,train
27437,val
27438,train
27439,train
27440,train
27441,train
27442,test
27443,train
27444,train
27445,train
27446,train
27447,train
27448,train
27449,train
27450,test
27451,train
27452,test
27453,val
27454,test
27455,test
27456,test
27457,test
27458,train
27459,train
27460,train
27461,val
27462,train
27463,val
27464,train
27465,train
27466,train
27467,val
27468,test
27469,train
27470,val
27471,val
27472,train
27473,train
27474,val
27475,test
27476,train
27477,train
27478,test
27479,val
27480,val
27481,train
27482,train
27483,train
27484,train
27485,test
27486,train
27487,train
27488,train
27489,test
27490,train
27491,train
27492,test
27493,val
27494,val
27495,train
27496,train
27497,train
27498,train
27499,train
27501,train
27502,test
27503,train
27504,train
27505,train
27506,train
27507,train
27508,train
27509,test
27510,test
27511,train
27512,train
27513,train
27514,train
27515,train
27516,train
27517,train
27518,train
27520,test
27521,train
27522,train
27523,train
27524,train
27525,train
27526,train
27527,train
27528,train
27529,train
27530,test
27531,train
27532,val
27533,train
27534,train
27535,test
27536,train
27537,test
27538,train
27539,val
27540,train
27541,val
27542,train
27543,test
27544,train
27545,test
27546,train
27547,train
27548,val
27549,train
27550,val
27551,train
27552,train
27553,train
27554,train
27555,val
27556,train
27557,train
27558,test
27559,val
27560,train
27561,train
27562,test
27563,train
27564,train
27565,train
27566,train
27567,train
27568,train
27569,train
27570,train
27571,val
27572,train
27573,val
27574,val
27575,train
27576,train
27577,train
27578,train
27579,val
27580,train
27581,train
27582,train
27583,train
27584,train
27585,val
27586,val
27587,train
27589,train
27590,train
27591,val
27592,val
27593,train
27594,val
27595,train
27596,val
27598,train
27599,train
27600,test
27601,train
27602,train
27603,train
27604,val
27605,test
27606,test
27607,train
27608,train
27609,train
27610,train
27611,train
27612,train
27613,train
27614,train
27615,train
27616,train
27618,train
27619,train
27620,train
27621,train
27622,train
27623,test
27624,train
27625,train
27626,train
27627,train
27628,test
27629,train
27630,train
27631,train
27632,train
27633,train
27634,train
27635,train
27636,train
27637,train
27638,val
27639,train
27640,train
27641,train
27643,test
27644,val
27645,train
27646,train
27647,train
27648,val
27649,train
27650,train
27651,train
27653,test
27654,val
27655,train
27656,val
27657,test
27658,test
27659,train
27660,train
27661,val
27662,test
27663,train
27664,train
27665,train
27666,train
27667,train
27668,train
27669,val
27670,train
27671,train
27672,test
27673,train
27674,test
27676,train
27677,train
27678,train
27679,train
27680,train
27681,train
27682,train
27683,test
27685,train
27686,train
27687,val
27688,test
27689,train
27690,train
27691,val
27693,train
27694,train
27695,train
27696,val
27697,train
27698,train
27699,train
27700,train
27701,train
27702,train
27703,train
27704,train
27705,train
27706,train
27707,train
27708,test
27709,train
27710,train
27711,train
27712,val
27714,val
27715,train
27716,train
27717,train
27718,val
27719,train
27720,test
27721,test
27722,train
27723,val
27724,train
27725,train
27726,train
27727,val
27728,train
27729,train
27730,test
27731,train
27732,train
27733,train
27734,train
27735,val
27736,train
27737,train
27738,test
27739,train
27740,train
27741,train
27742,test
27743,test
27744,train
27745,train
27746,test
27747,train
27748,train
27749,train
27750,train
27751,train
27752,train
27753,train
27754,train
27755,val
27757,train
27758,train
27759,train
27760,val
27761,train
27762,train
27763,val
27764,train
27765,train
27766,test
27767,train
27768,train
27769,train
27770,train
27771,train
27772,train
27773,train
27774,train
27775,val
27776,val
27778,train
27780,train
27781,train
27782,train
27783,train
27784,val
27785,val
27786,train
27787,test
27788,train
27789,test
27790,val
27791,val
27792,train
27793,test
27794,train
27795,train
27796,train
27797,train
27798,test
27799,val
27800,train
27801,test
27802,train
27803,train
27804,train
27805,train
27806,train
27807,train
27809,val
27810,train
27811,train
27812,test
27813,train
27814,train
27815,val
27816,train
27817,val
27818,train
27819,train
27820,test
27821,test
27822,train
27823,train
27824,val
27825,train
27826,train
27827,train
27828,train
27829,val
27830,train
27831,train
27832,train
27833,train
27834,train
27835,val
27836,train
27837,train
27838,train
27839,train
27840,train
27841,val
27842,train
27843,val
27844,train
27845,train
27846,val
27847,train
27848,train
27849,val
27850,val
27851,val
27852,test
27853,train
27854,train
27855,test
27856,train
27857,train
27858,val
27859,train
27860,val
27861,test
27863,train
27864,train
27865,test
27866,val
27867,train
27868,train
27869,train
27870,val
27871,val
27872,train
27873,train
27874,test
27875,test
27876,test
27878,train
27879,train
27880,train
27882,train
27883,train
27884,train
27885,train
27886,train
27887,val
27888,train
27889,train
27890,train
27891,train
27892,train
27893,train
27894,train
27895,train
27896,train
27897,train
27898,train
27899,train
27900,train
27901,val
27902,test
27903,train
27904,train
27905,train
27906,train
27907,train
27909,val
27910,test
27911,train
27912,train
27913,test
27914,train
27915,train
27916,test
27917,test
27918,train
27919,train
27920,train
27921,train
27922,train
27923,test
27924,train
27925,test
27926,train
27927,test
27928,val
27929,test
27930,train
27931,train
27932,test
27933,train
27934,train
27935,train
27936,train
27938,train
27939,val
27940,train
27941,train
27942,train
27943,train
27944,train
27945,train
27946,test
27947,train
27948,train
27949,train
27950,train
27951,val
27952,train
27953,test
27954,val
27955,test
27956,train
27957,val
27958,train
27959,train
27960,train
27961,test
27962,train
27963,val
27964,test
27965,train
27966,test
27967,train
27968,train
27969,val
27970,train
27971,train
27972,train
27973,train
27974,train
27975,test
27976,train
27977,train
27978,train
27979,test
27980,train
27981,test
27982,train
27983,train
27984,train
27985,train
27986,val
27987,train
27988,train
27989,test
27990,train
27991,test
27992,train
27993,train
27995,train
27996,train
27997,train
27998,train
27999,train
28000,train
28001,train
28002,train
28003,train
28004,val
28005,train
28006,test
28007,train
28008,train
28009,val
28010,train
28011,train
28012,train
28013,test
28014,train
28015,val
28016,train
28017,train
28018,test
28019,train
28020,train
28021,train
28022,train
28023,train
28024,val
28025,train
28026,train
28027,train
28028,val
28029,val
28030,train
28031,train
28032,train
28033,test
28034,train
28035,train
28036,train
28037,train
28038,train
28039,train
28040,val
28041,train
28042,train
28043,train
28044,train
28045,train
28046,val
28047,val
28048,train
28049,test
28050,val
28051,test
28052,train
28053,train
28055,train
28056,test
28057,train
28058,train
28059,val
28060,train
28061,train
28062,train
28063,train
28064,train
28065,train
28066,train
28068,train
28069,test
28070,test
28071,train
28072,train
28073,test
28074,val
28075,train
28076,val
28077,train
28078,train
28079,train
28080,val
28082,train
28083,test
28084,train
28086,train
28087,val
28088,test
28089,train
28091,train
28092,train
28093,train
28094,train
28095,test
28096,train
28098,train
28099,train
28100,train
28101,train
28102,test
28103,train
28104,train
28105,train
28106,train
28107,train
28108,train
28109,val
28110,train
28111,train
28112,train
28113,train
28114,train
28115,val
28116,val
28117,train
28118,test
28119,test
28120,val
28121,val
28122,val
28123,test
28124,train
28125,val
28126,val
28127,train
28128,train
28129,train
28130,train
28131,test
28132,train
28133,train
28134,train
28135,test
28136,train
28137,train
28138,train
28139,train
28140,test
28141,test
28142,train
28143,train
28144,train
28145,test
28146,val
28147,train
28148,train
28149,train
28150,train
28151,test
28153,test
28154,train
28155,train
28156,train
28157,train
28158,train
28159,train
28160,val
28161,train
28162,train
28163,train
28164,train
28165,train
28167,train
28168,test
28170,train
28171,test
28172,train
28173,train
28174,val
28175,train
28176,train
28177,test
28178,test
28179,train
28180,train
28181,val
28182,train
28183,train
28184,train
28185,train
28186,train
28187,train
28188,train
28189,test
28190,train
28191,train
28192,train
28193,val
28194,train
28195,train
28196,val
28197,val
28198,train
28199,train
28200,train
28201,train
28202,train
28203,train
28204,train
28205,train
28206,val
28207,train
28208,val
28209,train
28210,train
28211,train
28212,test
28213,train
28214,train
28215,train
28216,train
28217,train
28218,train
28219,train
28220,train
28221,train
28222,train
28223,test
28224,train
28225,train
28226,train
28227,train
28228,train
28229,train
28230,test
28231,train
28232,train
28233,test
28234,train
28235,train
28236,train
28238,train
28239,train
28240,train
28241,test
28242,train
28243,train
28244,train
28245,train
28246,val
28247,train
28248,test
28249,train
28250,val
28252,train
28253,train
28254,train
28255,test
28256,val
28257,train
28258,train
28259,train
28260,test
28261,train
28262,train
28263,val
28264,train
28265,train
28266,train
28267,train
28268,train
28269,train
28270,train
28271,train
28272,train
28273,train
28274,train
28275,train
28276,test
28277,test
28278,train
28279,train
28280,test
28281,train
28282,train
28283,train
28284,train
28285,test
28286,train
28287,test
28288,test
28289,train
28290,train
28292,train
28293,train
28294,train
28295,train
28296,train
28297,train
28298,val
28299,train
28300,train
28301,val
28302,train
28303,train
28304,train
28305,train
28306,train
28307,train
28309,train
28310,train
28311,test
28312,train
28313,train
28314,train
28315,train
28316,train
28317,train
28318,train
28319,train
28320,train
28322,train
28323,train
28324,test
28326,train
28327,test
28328,train
28329,test
28330,val
28331,train
28332,val
28333,train
28334,train
28335,train
28336,train
28337,test
28338,train
28339,train
28340,train
28341,train
28342,train
28343,train
28344,train
28345,train
28346,train
28347,val
28348,val
28349,test
28350,test
28351,train
28352,train
28354,train
28355,test
28356,train
28357,val
28358,train
28359,train
28360,train
28362,train
28363,val
28365,train
28366,train
28367,train
28368,train
28369,train
28370,train
28371,val
28372,train
28373,train
28374,train
28375,train
28376,val
28377,train
28378,train
28379,train
28380,train
28381,val
28382,val
28383,train
28385,test
28386,val
28387,test
28388,train
28389,train
28390,train
28391,train
28392,train
28393,val
28394,train
28395,train
28396,train
28397,train
28398,test
28399,train
28400,train
28401,train
28402,train
28403,train
28404,val
28405,train
28406,train
28407,train
28408,train
28409,train
28410,train
28411,val
28412,train
28413,train
28414,train
28415,train
28416,train
28419,train
28420,test
28421,train
28422,val
28423,test
28424,train
28425,train
28426,train
28427,train
28428,test
28429,train
28430,train
28431,train
28432,test
28433,train
28434,train
28435,test
28436,train
28437,val
28438,train
28440,test
28441,train
28442,val
28443,train
28444,train
28445,train
28446,train
28447,test
28448,train
28449,train
28450,val
28451,train
28452,train
28453,test
28454,test
28455,train
28456,train
28457,train
28458,train
28459,train
28460,train
28461,val
28462,train
28463,test
28464,test
28465,test
28466,val
28467,train
28468,train
28469,train
28470,train
28471,train
28472,train
28473,val
28474,test
28475,test
28476,train
28477,train
28478,val
28479,train
28480,train
28481,train
28483,train
28484,train
28485,train
28486,train
28487,train
28488,train
28489,val
28490,test
28491,train
28492,train
28493,train
28494,train
28495,val
28496,train
28497,test
28498,train
28499,train
28500,train
28501,train
28503,test
28504,train
28505,train
28506,train
28507,train
28508,val
28509,train
28510,test
28511,test
28514,train
28515,train
28516,train
28517,val
28518,train
28519,val
28520,train
28521,train
28522,val
28523,val
28524,val
28525,train
28526,train
28527,train
28528,train
28529,train
28530,train
28531,train
28532,train
28533,train
28534,train
28535,train
28536,train
28537,train
28538,train
28539,val
28541,val
28542,train
28543,val
28545,train
28546,train
28547,train
28549,train
28550,train
28551,train
28552,train
28553,val
28554,train
28555,val
28556,train
28557,train
28558,train
28559,train
28560,train
28561,train
28562,train
28563,train
28564,train
28565,train
28566,train
28567,test
28568,train
28569,train
28571,train
28572,train
28573,test
28574,train
28575,train
28576,test
28577,train
28578,train
28579,val
28580,train
28581,val
28582,train
28583,train
28584,val
28585,train
28587,val
28588,train
28589,val
28590,train
28591,train
28592,val
28593,train
28594,train
28595,train
28596,train
28597,train
28598,val
28599,train
28600,train
28601,train
28602,train
28603,train
28604,val
28605,train
28606,test
28607,train
28608,test
28609,train
28610,train
28611,train
28612,train
28613,train
28614,val
28615,train
28616,train
28617,train
28618,train
28619,val
28620,train
28621,train
28623,test
28624,train
28625,train
28626,test
28627,train
28628,val
28629,train
28630,train
28631,train
28632,train
28633,train
28635,train
28636,train
28637,train
28638,train
28639,train
28640,train
28641,train
28642,test
28643,train
28645,train
28646,train
28647,val
28648,train
28649,train
28650,val
28651,train
28652,train
28653,train
28654,train
28655,train
28656,train
28657,train
28658,test
28659,train
28660,train
28661,train
28662,train
28664,val
28665,train
28666,train
28667,train
28668,train
28669,train
28670,train
28671,train
28672,train
28673,val
28674,test
28675,val
28676,val
28678,train
28679,train
28680,test
28681,test
28682,train
28683,test
28684,train
28685,train
28686,val
28687,train
28688,val
28689,test
28690,train
28692,test
28693,train
28695,train
28696,test
28697,train
28698,train
28699,train
28700,train
28701,val
28702,train
28703,train
28704,train
28705,test
28706,train
28707,train
28708,train
28709,train
28710,train
28711,val
28712,train
28713,train
28714,val
28715,test
28716,train
28717,train
28719,train
28721,train
28722,val
28723,train
28724,train
28725,val
28726,train
28727,train
28728,val
28729,test
28730,val
28731,train
28732,train
28733,train
28734,val
28735,train
28736,train
28737,train
28738,train
28739,train
28740,val
28741,test
28742,train
28743,train
28744,train
28745,test
28746,val
28747,train
28748,train
28749,train
28750,val
28751,train
28752,val
28753,train
28755,train
28756,train
28758,train
28759,test
28760,train
28761,train
28762,train
28763,val
28764,train
28765,train
28766,train
28767,test
28768,train
28769,test
28770,train
28771,train
28772,train
28773,test
28774,val
28775,val
28776,train
28777,train
28778,train
28779,train
28780,test
28781,train
28782,train
28783,val
28784,train
28785,train
28786,train
28787,train
28788,train
28789,train
28790,train
28791,train
28792,train
28793,train
28794,train
28795,train
28796,train
28797,train
28798,train
28799,test
28800,train
28801,train
28802,train
28803,train
28804,train
28805,train
28806,train
28807,train
28808,train
28809,train
28810,train
28811,train
28812,train
28814,train
28815,train
28816,train
28817,train
28818,train
28819,train
28820,val
28821,train
28822,test
28823,train
28824,train
28825,test
28826,test
28827,train
28828,train
28829,train
28830,test
28831,train
28832,val
28833,train
28834,train
28835,train
28836,train
28838,train
28839,test
28840,train
28841,train
28842,train
28843,val
28844,train
28845,test
28846,train
28847,train
28849,train
28850,train
28851,train
28852,train
28853,train
28854,train
28855,train
28856,train
28857,test
28860,val
28861,train
28862,train
28863,test
28864,val
28865,test
28866,train
28867,train
28868,train
28869,train
28870,val
28871,train
28872,train
28873,val
28874,train
28875,train
28876,train
28877,train
28878,train
28879,train
28880,train
28882,train
28883,test
28884,val
28885,train
28886,train
28887,train
28888,train
28890,train
28891,train
28892,val
28893,train
28894,train
28895,test
28896,train
28897,test
28898,test
28899,train
28900,val
28901,train
28902,train
28903,train
28904,test
28905,train
28906,train
28907,train
28908,train
28909,train
28910,train
28911,train
28912,train
28913,test
28914,train
28915,train
28916,train
28917,train
28918,test
28919,val
28920,train
28921,train
28922,train
28923,train
28925,test
28926,train
28927,train
28928,train
28929,train
28930,test
28931,test
28932,train
28933,val
28934,val
28935,train
28936,test
28937,val
28938,test
28939,train
28940,train
28941,val
28942,train
28943,test
28944,train
28945,val
28946,train
28947,test
28948,val
28949,train
28950,train
28951,val
28952,train
28953,val
28954,train
28955,train
28956,train
28957,train
28958,train
28959,train
28960,train
28961,train
28963,train
28964,val
28965,train
28966,val
28967,val
28968,train
28969,train
28970,train
28971,train
28972,train
28973,val
28974,train
28975,train
28976,train
28977,train
28978,test
28979,train
28981,val
28982,train
28983,val
28984,train
28985,train
28986,val
28987,train
28988,test
28989,test
28991,train
28992,train
28993,train
28994,train
28995,train
28996,val
28997,test
28998,test
28999,train
29000,train
29001,train
29002,train
29003,train
29004,train
29005,train
29006,train
29007,train
29008,train
29009,train
29010,train
29011,val
29012,test
29013,val
29014,train
29015,val
29016,train
29017,test
29018,train
29019,train
29020,train
29021,test
29022,train
29023,train
29024,train
29025,test
29026,train
29027,train
29028,test
29029,train
29030,train
29032,train
29033,test
29034,train
29035,val
29036,train
29037,test
29038,train
29039,train
29040,train
29041,train
29042,train
29043,train
29046,train
29047,train
29048,train
29049,train
29050,val
29051,train
29052,val
29053,val
29054,val
29056,train
29057,train
29058,test
29059,train
29060,train
29061,val
29062,test
29063,train
29064,train
29065,test
29066,test
29067,train
29068,test
29069,train
29070,train
29071,train
29072,test
29073,val
29074,train
29075,test
29076,val
29077,test
29078,train
29079,val
29080,train
29081,val
29082,train
29083,train
29084,val
29085,test
29086,train
29087,train
29088,train
29089,test
29090,train
29091,train
29092,train
29093,train
29094,train
29095,test
29096,test
29097,train
29098,train
29099,train
29100,test
29101,train
29102,train
29103,train
29104,val
29105,train
29106,train
29107,train
29108,train
29109,train
29110,train
29111,train
29112,test
29113,test
29114,train
29115,train
29116,train
29118,train
29119,train
29120,test
29121,val
29122,val
29123,train
29124,train
29125,train
29126,train
29127,val
29129,train
29130,train
29131,train
29132,test
29133,train
29134,train
29135,val
29136,train
29137,train
29138,test
29139,train
29140,test
29141,train
29142,test
29143,train
29144,train
29145,train
29146,train
29147,train
29148,train
29151,train
29152,test
29153,test
29154,val
29155,train
29156,test
29157,train
29158,val
29159,train
29160,test
29161,train
29162,val
29163,val
29164,train
29165,val
29166,train
29167,val
29168,train
29169,train
29170,train
29171,train
29172,train
29173,train
29174,train
29175,train
29176,train
29178,train
29179,train
29180,train
29181,val
29183,train
29184,train
29185,test
29186,train
29187,train
29188,train
29189,val
29190,train
29191,train
29192,train
29193,train
29194,train
29195,train
29196,train
29197,test
29198,train
29199,train
29200,val
29201,val
29202,train
29203,val
29204,test
29205,train
29206,train
29208,train
29210,train
29211,train
29212,train
29213,train
29214,train
29215,train
29216,train
29217,train
29218,train
29219,train
29220,train
29221,train
29222,test
29224,train
29225,train
29226,train
29227,val
29229,train
29230,train
29231,test
29232,train
29233,train
29234,train
29235,train
29236,train
29237,train
29238,test
29239,val
29240,train
29241,train
29242,test
29243,val
29245,test
29246,val
29247,train
29248,train
29249,train
29250,test
29251,train
29252,train
29253,val
29254,test
29255,val
29256,train
29257,train
29259,train
29260,train
29261,train
29262,val
29263,train
29264,train
29265,val
29266,test
29267,val
29268,train
29269,val
29270,train
29271,train
29272,train
29274,val
29275,train
29276,train
29277,train
29278,train
29279,val
29280,test
29281,test
29283,train
29284,train
29285,train
29286,train
29287,train
29288,test
29289,train
29290,train
29291,val
29292,train
29293,train
29294,train
29295,test
29296,train
29297,train
29298,val
29299,val
29300,train
29301,train
29302,train
29303,val
29304,val
29305,train
29306,train
29307,test
29308,train
29309,train
29310,test
29311,train
29312,train
29313,train
29314,test
29315,test
29316,train
29317,test
29318,train
29319,val
29320,train
29321,test
29322,train
29323,test
29324,train
29325,test
29326,test
29327,train
29328,train
29329,train
29330,val
29331,test
29332,train
29333,val
29334,train
29335,train
29336,test
29337,train
29338,test
29340,train
29341,test
29342,train
29343,train
29344,train
29345,train
29346,test
29347,train
29348,val
29349,train
29351,train
29352,train
29353,test
29354,train
29355,train
29356,train
29357,val
29358,test
29359,train
29360,train
29361,test
29364,train
29365,train
29366,test
29367,train
29368,train
29369,test
29370,train
29371,train
29372,train
29373,test
29374,train
29375,train
29376,train
29377,test
29378,test
29379,train
29380,train
29381,train
29382,train
29383,train
29384,test
29385,val
29387,val
29388,train
29389,train
29390,val
29391,train
29392,train
29393,train
29394,train
29395,train
29396,val
29397,val
29398,train
29399,train
29401,train
29402,val
29403,train
29404,train
29405,test
29406,train
29407,train
29408,train
29409,train
29410,train
29411,train
29412,val
29413,train
29414,test
29415,train
29417,train
29418,test
29419,train
29420,train
29422,train
29424,train
29425,val
29426,train
29427,train
29428,val
29429,train
29430,train
29431,train
29432,train
29433,val
29434,train
29435,train
29436,val
29437,train
29438,train
29439,val
29440,train
29441,train
29442,train
29443,train
29444,train
29445,train
29446,train
29447,train
29448,test
29449,train
29450,val
29451,test
29452,train
29453,train
29454,train
29455,train
29457,val
29458,train
29459,train
29460,train
29461,test
29462,train
29463,train
29464,train
29465,val
29466,train
29467,train
29468,train
29470,train
29471,train
29472,train
29473,val
29474,test
29475,train
29476,val
29477,train
29478,test
29479,train
29480,test
29481,val
29482,val
29483,train
29484,train
29485,train
29486,train
29487,train
29488,test
29489,test
29490,train
29491,train
29492,train
29493,train
29494,train
29495,test
29496,test
29497,test
29498,train
29500,train
29501,train
29502,val
29503,train
29504,train
29505,test
29506,train
29507,train
29508,train
29509,train
29510,test
29512,train
29513,test
29514,train
29515,train
29516,val
29517,val
29518,train
29519,val
29520,train
29521,train
29522,test
29523,train
29524,train
29525,val
29526,train
29527,train
29528,train
29529,train
29530,train
29531,test
29532,test
29533,train
29534,train
29535,val
29536,train
29537,train
29539,val
29540,train
29541,train
29542,train
29543,train
29544,train
29545,train
29546,train
29547,train
29548,test
29549,train
29550,train
29551,train
29552,train
29553,train
29554,train
29555,train
29556,val
29558,test
29559,test
29560,train
29562,train
29563,train
29564,train
29565,train
29566,val
29567,train
29568,train
29569,test
29570,train
29571,train
29572,train
29573,val
29574,test
29575,val
29576,test
29577,val
29578,test
29579,train
29580,train
29581,test
29582,train
29584,test
29585,train
29586,train
29587,train
29588,val
29589,train
29590,train
29591,train
29592,val
29593,train
29594,train
29595,test
29596,train
29597,train
29598,val
29599,train
29600,train
29601,test
29602,train
29603,test
29604,train
29605,val
29606,train
29607,train
29608,train
29609,train
29610,train
29611,train
29612,train
29613,val
29614,train
29615,val
29616,train
29617,train
29618,train
29619,train
29620,train
29621,train
29622,test
29623,train
29625,train
29626,train
29627,train
29628,train
29629,train
29630,val
29631,test
29632,val
29633,train
29634,train
29635,train
29636,test
29637,train
29638,train
29639,test
29641,train
29642,test
29643,train
29644,train
29645,val
29646,train
29647,test
29648,train
29649,train
29650,train
29651,val
29652,train
29653,val
29655,train
29656,train
29657,test
29658,train
29659,train
29660,val
29661,val
29662,train
29663,train
29664,train
29665,train
29666,train
29667,val
29668,test
29670,train
29671,train
29672,test
29673,train
29674,train
29675,val
29676,train
29677,val
29678,val
29679,train
29680,train
29681,val
29682,train
29683,train
29684,val
29685,test
29686,train
29688,train
29689,test
29691,train
29693,train
29694,train
29695,train
29696,train
29697,train
29698,train
29699,train
29700,train
29701,val
29702,train
29703,train
29704,train
29705,test
29706,train
29707,train
29708,train
29709,train
29710,train
29711,train
29712,train
29713,val
29714,train
29715,train
29716,val
29717,train
29718,test
29719,test
29720,train
29721,train
29723,train
29724,train
29725,train
29726,train
29727,train
29729,test
29730,train
29731,train
29732,val
29733,train
29734,train
29735,train
29736,train
29737,val
29738,train
29739,train
29740,test
29741,test
29742,train
29743,train
29744,val
29745,train
29746,train
29747,train
29748,val
29749,train
29750,train
29751,train
29752,test
29753,train
29754,train
29755,train
29756,train
29757,train
29758,test
29759,train
29760,val
29761,train
29762,train
29763,train
29765,val
29766,val
29767,train
29768,train
29769,train
29770,train
29771,train
29772,train
29773,val
29774,test
29775,train
29776,train
29777,train
29778,train
29779,train
29780,train
29781,test
29782,train
29783,train
29784,train
29785,train
29786,train
29787,train
29788,train
29789,train
29790,test
29791,test
29792,train
29795,train
29797,train
29798,train
29799,train
29800,test
29801,train
29802,val
29803,val
29804,test
29805,train
29806,train
29807,train
29808,val
29809,val
29810,train
29812,train
29813,train
29815,train
29817,train
29818,val
29819,val
29820,train
29821,train
29822,train
29823,train
29824,test
29825,train
29826,val
29827,val
29828,train
29829,train
29830,train
29832,test
29833,test
29834,train
29835,train
29836,train
29837,train
29838,test
29839,train
29840,test
29841,train
29842,test
29843,val
29844,train
29845,val
29846,val
29847,test
29848,val
29849,train
29850,train
29851,train
29852,val
29853,train
29854,train
29855,train
29856,train
29857,train
29858,train
29860,test
29861,train
29862,val
29863,val
29864,train
29865,test
29866,train
29867,val
29868,train
29869,test
29870,train
29871,train
29872,train
29873,train
29874,train
29875,test
29876,train
29877,train
29878,train
29879,train
29880,train
29881,val
29882,train
29883,test
29884,train
29885,val
29886,train
29887,train
29888,train
29889,train
29890,train
29891,val
29892,train
29893,test
29895,train
29896,train
29897,train
29898,val
29900,train
29901,train
29902,val
29903,test
29904,train
29905,train
29906,train
29907,train
29908,test
29909,train
29910,val
29911,train
29913,train
29914,train
29915,test
29916,val
29917,train
29918,test
29919,train
29920,train
29921,train
29922,train
29923,train
29924,train
29925,train
29926,test
29927,train
29929,train
29930,test
29931,train
29932,val
29933,train
29934,val
29935,val
29936,train
29937,test
29938,train
29939,val
29940,test
29941,train
29942,val
29943,test
29944,test
29945,test
29946,train
29947,train
29948,train
29949,train
29950,val
29951,train
29952,train
29954,val
29956,test
29957,val
29958,train
29959,train
29960,train
29961,test
29962,train
29963,train
29964,train
29966,train
29967,test
29968,train
29969,train
29970,val
29971,train
29972,train
29973,train
29974,train
29975,train
29976,train
29977,train
29978,train
29979,train
29980,train
29981,train
29982,train
29983,val
29984,test
29985,train
29986,train
29987,train
29988,train
29989,train
29990,val
29991,train
29992,train
29993,train
29994,val
29995,train
29996,train
29997,test
29998,train
29999,val
30000,val
30002,train
30003,train
30005,test
30006,train
30007,train
30008,train
30009,val
30010,val
30011,train
30012,val
30013,train
30014,val
30015,val
30016,train
30017,train
30020,train
30021,test
30022,train
30023,val
30024,train
30025,train
30028,test
30029,val
30030,train
30031,train
30032,train
30033,train
30034,test
30035,val
30036,train
30037,train
30038,test
30039,test
30040,train
30042,test
30043,train
30044,val
30045,train
30046,test
30047,train
30048,train
30049,test
30050,train
30051,val
30052,test
30053,train
30054,train
30055,train
30056,test
30057,test
30058,test
30059,train
30060,train
30061,val
30062,train
30063,train
30064,train
30065,train
30066,test
30067,val
30068,train
30069,train
30070,train
30071,train
30072,test
30073,val
30074,val
30076,train
30078,train
30079,train
30080,train
30081,test
30082,train
30083,val
30084,train
30085,train
30086,train
30087,train
30088,train
30089,train
30090,train
30091,train
30092,val
30093,train
30094,test
30095,train
30096,test
30098,train
30099,train
30100,test
30101,val
30102,train
30103,test
30105,train
30106,test
30107,train
30109,train
30110,train
30111,val
30112,train
30113,train
30114,train
30115,train
30117,train
30118,train
30119,train
30120,train
30121,train
30122,test
30124,train
30125,train
30126,train
30127,train
30128,val
30131,train
30132,train
30133,train
30134,test
30135,val
30136,test
30137,train
30138,train
30139,train
30140,train
30141,train
30142,train
30143,train
30144,train
30145,test
30146,test
30147,train
30148,val
30149,train
30150,test
30151,train
30152,train
30153,train
30154,val
30155,train
30156,val
30157,train
30158,test
30159,test
30160,test
30161,train
30162,train
30163,train
30164,val
30166,test
30167,val
30168,train
30169,val
30170,train
30171,test
30172,train
30173,train
30174,train
30175,train
30177,train
30178,train
30179,train
30181,train
30182,train
30183,train
30184,train
30186,test
30187,val
30188,train
30189,train
30190,train
30191,train
30192,val
30193,train
30194,val
30195,train
30196,train
30198,train
30199,test
30200,train
30201,train
30203,train
30204,train
30205,train
30206,val
30207,test
30208,train
30209,train
30210,train
30211,train
30212,train
30213,train
30214,train
30215,train
30216,test
30217,test
30218,train
30219,train
30220,train
30221,train
30222,train
30223,train
30224,test
30225,train
30226,test
30227,train
30228,train
30229,train
30230,train
30231,train
30232,train
30233,train
30234,test
30235,val
30236,test
30237,train
30238,train
30239,train
30240,train
30241,train
30242,test
30244,train
30245,train
30246,train
30247,val
30248,train
30249,train
30250,val
30251,val
30252,val
30253,train
30255,train
30256,train
30257,val
30258,train
30259,test
30260,train
30261,val
30262,train
30263,train
30264,train
30265,val
30266,train
30267,train
30268,train
30269,train
30270,test
30271,train
30272,train
30273,train
30274,train
30275,train
30276,val
30277,train
30278,train
30280,train
30281,train
30282,train
30283,train
30284,train
30285,val
30286,train
30287,train
30288,train
30289,train
30290,val
30291,val
30292,train
30293,train
30294,train
30295,train
30296,train
30297,train
30298,test
30299,val
30300,train
30301,train
30302,test
30303,train
30304,train
30305,val
30306,train
30307,train
30308,train
30309,train
30310,train
30311,train
30313,train
30314,test
30315,test
30316,test
30317,test
30318,train
30319,train
30320,train
30321,train
30322,train
30323,train
30324,train
30325,train
30326,train
30327,train
30328,train
30330,train
30331,test
30332,train
30333,train
30334,train
30335,val
30336,train
30337,val
30338,val
30339,train
30340,train
30341,train
30342,train
30343,train
30344,test
30345,val
30346,val
30347,train
30348,test
30349,test
30350,train
30351,val
30352,val
30353,test
30355,train
30357,train
30358,train
30359,test
30360,train
30361,train
30362,train
30363,train
30364,train
30365,val
30366,val
30369,train
30370,train
30371,train
30372,train
30373,train
30374,train
30375,train
30376,train
30377,train
30378,train
30379,train
30380,train
30381,train
30382,train
30383,train
30384,train
30386,train
30387,val
30388,train
30389,train
30390,train
30391,train
30392,train
30394,train
30395,train
30396,train
30397,val
30399,train
30400,val
30401,test
30402,val
30403,test
30404,test
30405,train
30406,train
30407,train
30408,test
30409,test
30410,train
30411,train
30412,train
30413,train
30414,train
30415,train
30416,val
30417,test
30418,test
30419,train
30420,train
30421,val
30422,train
30423,train
30424,train
30425,val
30426,train
30427,train
30428,train
30429,train
30430,train
30431,train
30432,test
30433,train
30434,train
30435,val
30436,test
30437,train
30438,val
30439,val
30440,train
30441,train
30442,train
30443,train
30444,train
30445,train
30446,train
30447,val
30448,val
30449,val
30450,train
30451,val
30452,train
30453,train
30454,train
30455,train
30456,train
30457,train
30458,train
30459,train
30460,train
30461,val
30462,test
30463,val
30464,train
30465,val
30466,train
30467,train
30468,test
30469,train
30470,train
30471,train
30472,train
30473,train
30474,train
30475,train
30476,train
30477,train
30478,train
30479,train
30480,train
30481,test
30482,train
30483,val
30484,train
30485,train
30486,train
30487,train
30488,val
30489,train
30490,train
30491,train
30492,train
30493,val
30494,train
30495,train
30496,train
30497,train
30498,val
30499,test
30501,train
30502,test
30503,train
30504,train
30505,test
30506,train
30507,train
30508,train
30509,train
30511,train
30512,val
30513,train
30514,test
30515,train
30516,train
30517,val
30518,train
30519,train
30520,train
30521,train
30522,train
30523,val
30524,train
30525,train
30527,train
30528,test
30529,train
30530,train
30531,train
30532,test
30533,test
30534,test
30535,train
30536,train
30537,test
30538,train
30539,test
30540,train
30541,train
30543,train
30544,test
30545,test
30546,val
30547,train
30548,test
30550,train
30551,train
30552,val
30553,train
30554,train
30555,train
30556,train
30557,test
30558,train
30559,train
30560,train
30562,train
30563,train
30564,train
30565,train
30566,train
30567,train
30568,train
30569,val
30570,test
30571,test
30572,train
30573,test
30574,val
30575,train
30576,train
30577,train
30578,train
30579,test
30580,test
30581,train
30582,train
30583,train
30584,train
30585,train
30586,train
30587,train
30588,train
30589,train
30590,train
30591,train
30592,train
30594,train
30595,train
30596,train
30597,train
30598,train
30599,train
30600,train
30601,train
30602,train
30603,train
30604,train
30605,test
30606,test
30607,train
30608,val
30609,test
30611,train
30612,train
30613,train
30614,train
30615,train
30616,train
30618,train
30619,test
30620,train
30621,test
30622,train
30623,test
30624,test
30625,train
30627,train
30628,train
30629,train
30631,test
30632,train
30633,train
30634,train
30635,train
30636,test
30637,train
30638,test
30639,train
30640,train
30641,train
30642,train
30643,train
30644,train
30645,train
30646,val
30647,train
30648,train
30649,test
30650,train
30651,train
30652,val
30653,train
30654,train
30655,train
30656,train
30657,train
30658,train
30659,train
30660,val
30661,val
30662,test
30663,test
30664,train
30665,train
30666,train
30667,train
30668,train
30669,test
30670,train
30671,train
30672,val
30674,train
30675,train
30676,train
30677,train
30678,val
30679,test
30680,train
30681,train
30682,train
30683,train
30684,val
30686,train
30687,test
30688,val
30689,train
30690,train
30691,train
30692,val
30693,val
30694,test
30695,train
30696,val
30697,train
30698,train
30699,train
30700,train
30701,train
30702,train
30703,val
30704,train
30705,val
30706,val
30707,train
30708,test
30709,train
30710,train
30711,test
30712,train
30714,test
30715,train
30716,val
30717,train
30718,train
30719,val
30720,train
30721,val
30722,train
30723,train
30724,train
30725,train
30726,train
30727,train
30728,train
30729,train
30730,train
30731,train
30732,train
30733,train
30734,train
30735,test
30736,test
30737,train
30738,train
30739,train
30740,val
30741,train
30743,train
30744,train
30745,train
30746,train
30747,train
30748,train
30749,train
30750,train
30751,train
30752,train
30753,test
30754,val
30755,train
30756,val
30758,train
30759,test
30760,val
30761,train
30762,train
30763,test
30764,val
30766,train
30767,train
30768,train
30769,train
30770,test
30771,val
30772,train
30773,train
30774,train
30775,val
30777,test
30778,train
30780,test
30781,train
30782,val
30783,val
30784,train
30785,train
30787,train
30788,val
30789,train
30791,train
30792,train
30793,train
30795,test
30796,train
30798,train
30799,train
30800,test
30801,val
30802,val
30803,train
30804,train
30805,val
30806,train
30807,train
30808,train
30809,train
30810,train
30811,test
30812,train
30813,train
30814,test
30815,train
30816,train
30817,train
30818,train
30819,train
30820,train
30821,train
30822,train
30823,test
30824,val
30825,train
30826,train
30827,train
30828,train
30829,train
30830,train
30831,train
30832,test
30833,val
30834,val
30835,train
30836,train
30837,train
30838,train
30839,train
30840,train
30841,train
30842,train
30843,train
30844,train
30845,train
30846,train
30847,train
30848,train
30849,train
30850,test
30851,train
30852,train
30853,train
30854,train
30855,train
30856,train
30857,train
30858,test
30859,train
30860,train
30861,train
30862,train
30864,test
30866,val
30867,train
30868,train
30869,val
30870,train
30871,train
30872,train
30873,train
30874,train
30875,train
30876,train
30877,train
30878,train
30880,train
30881,train
30882,test
30883,train
30884,train
30885,train
30886,test
30887,train
30888,test
30889,train
30890,train
30891,train
30892,train
30893,test
30894,val
30896,val
30898,test
30899,test
30900,train
30901,train
30902,train
30903,train
30905,train
30906,val
30907,train
30908,test
30909,val
30910,train
30912,train
30913,train
30914,train
30915,train
30916,val
30917,train
30918,val
30919,val
30920,test
30921,train
30922,train
30923,train
30924,val
30925,train
30926,train
30927,val
30928,test
30929,val
30930,val
30931,train
30932,train
30933,train
30935,train
30936,val
30937,train
30938,val
30939,train
30940,train
30941,test
30942,train
30943,train
30945,train
30946,train
30947,train
30948,train
30949,val
30950,train
30951,train
30952,train
30953,train
30954,train
30955,train
30956,val
30957,train
30958,train
30959,test
30960,train
30961,train
30962,train
30963,train
30964,train
30965,test
30967,train
30968,train
30969,train
30970,train
30971,train
30972,train
30974,train
30976,train
30977,test
30978,train
30979,train
30980,test
30981,train
30983,val
30985,val
30986,test
30987,train
30988,train
30989,train
30990,train
30991,train
30992,val
30993,train
30994,test
30995,train
30996,train
30998,train
30999,train
31000,train
31001,train
31002,test
31003,train
31004,train
31005,train
31006,train
31007,test
31009,train
31012,train
31013,train
31014,val
31020,val
31021,train
31022,train
31023,train
31024,test
31025,train
31026,test
31028,train
31030,train
31031,train
31032,train
31034,val
31035,val
31037,train
31038,train
31039,train
31040,train
31041,train
31042,test
31043,train
31045,train
31046,train
31048,val
31050,train
31051,train
31052,train
31053,train
31054,train
31057,train
31059,test
31060,train
31062,train
31064,train
31065,test
31066,train
31068,train
31069,test
31070,train
31071,test
31072,val
31073,train
31074,train
31076,train
31077,train
31078,train
31079,train
31080,train
31081,train
31082,train
31084,train
31087,train
31088,train
31089,train
31090,train
31093,val
31094,train
31095,test
31096,train
31098,val
31100,train
31103,train
31104,train
31105,train
31107,train
31108,train
31109,train
31111,train
31112,train
31113,test
31114,train
31115,test
31117,train
31118,val
31120,train
31124,train
31126,train
31127,train
31129,test
31130,test
31131,train
31132,train
31133,train
31135,test
31136,train
31137,train
31140,train
31141,train
31142,train
31143,train
31144,train
31145,train
31147,val
31148,val
31149,train
31151,train
31152,test
31154,train
31156,train
31157,train
31158,train
31160,train
31162,train
31164,val
31165,test
31166,train
31167,train
31168,train
31171,train
31172,train
31177,train
31179,train
31180,train
31181,val
31186,val
31187,test
31190,train
31193,train
31194,train
31195,train
31196,val
31197,val
31199,train
31200,test
31203,train
31204,train
31205,train
31209,val
31211,train
31212,train
31215,train
31216,test
31217,train
31218,train
31219,train
31220,val
31223,train
31225,train
31226,train
31227,train
31228,test
31230,train
31231,train
31232,test
31233,train
31234,train
31236,test
31237,train
31238,train
31239,train
31240,train
31241,val
31245,val
31247,train
31248,train
31249,test
31250,train
31253,val
31254,val
31256,train
31257,train
31259,train
31260,train
31263,train
31264,val
31267,train
31269,test
31271,train
31272,test
31273,train
31274,test
31275,val
31278,train
31279,val
31281,train
31282,train
31283,val
31285,train
31286,train
31287,train
31288,train
31290,test
31291,val
31293,train
31294,test
31297,train
31298,train
31299,train
31300,val
31301,test
31302,train
31306,val
31310,train
31311,val
31315,train
31316,train
31318,test
31320,val
31321,test
31324,val
31325,test
31326,train
31327,train
31328,test
31329,test
31331,train
31333,train
31334,test
31336,train
31337,train
31338,train
31340,val
31341,train
31348,test
31349,train
31351,val
31352,train
31353,test
31354,train
31355,train
31359,train
31360,train
31361,test
31362,test
31365,train
31366,train
31367,train
31368,val
31369,val
31370,val
31371,train
31376,test
31377,train
31378,train
31379,train
31381,train
31382,train
31384,val
31386,train
31387,train
31388,val
31391,train
31392,train
31394,test
31395,train
31397,train
31398,val
31399,train
31400,train
31401,val
31403,train
31404,test
31405,train
31406,train
31407,train
31409,train
31410,train
31412,test
31417,train
31418,train
31419,train
31420,val
31421,train
31423,train
31425,train
31426,test
31427,val
31429,train
31433,train
31435,train
31436,train
31438,val
31439,train
31440,test
31441,test
31444,train
31447,train
31448,train
31449,train
31454,train
31459,train
31460,train
31462,train
31464,test
31465,train
31466,train
31468,test
31469,train
31470,train
31471,train
31472,test
31473,test
31474,train
31475,train
31476,train
31479,train
31481,test
31483,train
31487,train
31488,train
31490,train
31492,train
31495,train
31497,val
31499,train
31500,train
31502,train
31503,val
31505,train
31507,train
31508,train
31509,train
31511,train
31513,train
31514,test
31515,val
31516,train
31518,train
31520,val
31521,train
31523,train
31524,val
31525,val
31526,test
31527,train
31528,train
31529,test
31530,train
31531,train
31532,train
31534,train
31535,test
31536,val
31537,val
31538,train
31539,val
31541,val
31542,train
31544,train
31545,test
31546,train
31547,train
31549,train
31550,train
31551,train
31552,train
31553,train
31554,test
31556,train
31557,train
31559,train
31560,train
31561,train
31562,test
31566,train
31567,train
31568,train
31570,train
31571,train
31572,test
31573,train
31574,train
31576,train
31578,train
31579,train
31582,train
31583,train
31585,train
31586,train
31587,train
31590,train
31593,test
31595,val
31597,train
31598,test
31599,train
31601,train
31602,train
31603,test
31605,train
31607,test
31608,val
31609,train
31612,train
31614,test
31615,train
31616,train
31620,train
31621,val
31623,train
31624,train
31625,train
31627,val
31628,train
31630,train
31634,train
31635,train
31636,train
31637,val
31638,train
31640,train
31641,val
31642,train
31643,train
31645,train
31647,test
31648,val
31649,train
31650,train
31651,val
31652,train
31653,val
31655,val
31661,val
31662,val
31666,train
31667,train
31669,train
31672,test
31674,test
31678,train
31680,train
31682,train
31683,train
31684,train
31685,train
31686,train
31687,test
31688,train
31689,train
31691,val
31692,train
31693,train
31694,train
31695,train
31697,train
31698,train
31700,train
31701,val
31703,train
31704,train
31705,test
31707,test
31708,train
31709,train
31710,train
31712,train
31713,train
31714,train
31715,val
31716,train
31717,train
31718,test
31720,train
31721,train
31723,train
31725,train
31726,val
31727,test
31728,train
31729,test
31730,train
31731,train
31734,train
31736,train
31739,val
31740,val
31742,train
31743,train
31744,test
31746,train
31751,train
31754,train
31756,test
31760,train
31761,train
31763,train
31765,val
31769,train
31771,train
31772,train
31773,test
31774,test
31776,train
31777,test
31778,train
31779,train
31781,train
31785,train
31786,val
31787,train
31788,train
31791,train
31792,train
31793,train
31794,train
31795,val
31797,train
31798,train
31799,train
31800,train
31802,train
31803,train
31804,train
31808,train
31809,train
31811,train
31812,train
31813,val
31814,train
31817,train
31818,train
31820,train
31821,train
31822,test
31823,train
31824,train
31825,train
31826,train
31827,train
31828,train
31829,test
31830,train
31832,test
31833,train
31834,train
31836,test
31837,train
31838,train
31839,val
31842,train
31843,test
31845,train
31846,test
31847,train
31849,val
31851,test
31852,train
31853,train
31854,train
31857,train
31858,train
31859,val
31861,train
31862,train
31863,train
31864,test
31865,train
31866,train
31867,train
31868,train
31869,test
31870,test
31873,train
31874,train
31876,train
31879,val
31880,val
31882,train
31883,train
31888,train
31889,train
31891,train
31893,train
31896,train
31897,train
31898,train
31902,train
31903,train
31907,test
31909,test
31911,test
31912,train
31916,train
31918,train
31923,val
31924,train
31925,val
31929,train
31930,train
31931,train
31932,train
31933,train
31934,val
31935,test
31937,test
31938,train
31940,train
31941,train
31942,test
31946,train
31947,test
31948,test
31950,test
31953,train
31956,train
31957,train
31959,train
31960,train
31961,test
31963,train
31964,train
31965,train
31966,train
31967,train
31968,train
31973,train
31974,train
31976,val
31977,train
31978,val
31979,test
31982,train
31983,train
31984,train
31985,train
31987,val
31988,train
31989,train
31990,val
31991,train
31993,val
31994,train
31996,train
31999,test
32000,train
32001,test
32004,test
32006,val
32007,train
32008,val
32011,test
32013,test
32015,train
32016,train
32023,train
32024,test
32025,train
32027,train
32028,train
32029,train
32030,train
32033,train
32035,train
32041,val
32042,train
32043,val
32044,train
32045,train
32048,test
32051,train
32053,train
32054,train
32055,test
32058,train
32059,train
32060,train
32061,val
32062,val
32063,test
32064,train
32065,val
32068,train
32069,train
32071,train
32072,train
32073,test
32074,train
32075,train
32076,train
32079,train
32080,train
32082,train
32084,train
32085,train
32086,train
32087,test
32088,train
32089,test
32090,train
32093,train
32097,train
32098,train
32100,train
32101,train
32102,train
32103,train
32104,train
32105,train
32107,train
32110,train
32111,train
32112,test
32113,train
32114,test
32115,train
32118,train
32119,train
32120,train
32121,train
32122,train
32123,train
32124,val
32128,train
32129,train
32130,val
32131,train
32132,train
32133,val
32135,train
32137,train
32138,val
32140,test
32141,train
32142,val
32143,train
32144,val
32146,train
32147,test
32149,train
32153,test
32155,val
32156,val
32162,train
32164,train
32167,train
32168,test
32169,train
32170,train
32171,test
32172,train
32173,test
32175,val
32176,val
32177,train
32178,train
32179,train
32180,train
32181,train
32182,train
32183,train
32184,train
32185,train
32186,test
32187,val
32188,train
32190,train
32191,train
32192,train
32193,test
32194,train
32196,test
32197,val
32198,train
32200,train
32201,train
32202,val
32203,val
32204,train
32205,train
32206,train
32207,test
32208,val
32209,test
32211,train
32212,train
32218,val
32219,train
32220,train
32223,train
32224,val
32225,train
32228,test
32229,train
32230,train
32233,train
32234,train
32235,train
32237,train
32238,train
32239,train
32240,test
32241,train
32242,train
32245,test
32246,test
32250,val
32251,train
32252,test
32253,val
32255,train
32259,val
32261,test
32263,val
32267,test
32270,train
32273,train
32275,train
32279,val
32280,train
32281,train
32285,train
32287,train
32288,train
32291,train
32292,train
32293,test
32294,val
32295,train
32297,train
32298,val
32300,val
32301,val
32302,train
32303,train
32305,train
32306,train
32307,val
32308,test
32310,train
32311,train
32312,val
32315,val
32316,train
32320,test
32321,train
32322,train
32324,train
32325,train
32326,train
32327,train
32329,train
32330,test
32335,val
32337,train
32338,test
32341,train
32342,train
32343,train
32344,val
32345,train
32349,train
32350,train
32352,train
32354,train
32355,train
32356,val
32357,val
32359,train
32360,train
32362,train
32363,train
32364,train
32365,train
32368,train
32370,train
32371,train
32373,test
32375,train
32376,train
32379,train
32380,train
32381,train
32382,train
32383,train
32384,train
32385,train
32386,train
32387,val
32388,train
32389,train
32391,train
32392,val
32395,val
32396,train
32397,train
32398,train
32400,train
32401,test
32402,train
32403,train
32404,test
32405,train
32407,train
32410,train
32411,train
32412,train
32413,train
32414,test
32416,train
32417,train
32419,train
32421,train
32423,test
32425,train
32429,train
32430,val
32431,val
32432,test
32433,train
32435,test
32436,train
32437,train
32439,test
32442,train
32443,train
32444,val
32445,test
32447,val
32449,test
32451,train
32452,train
32453,train
32455,train
32456,test
32457,val
32458,val
32459,train
32460,val
32461,train
32463,train
32464,train
32465,train
32466,train
32469,train
32470,train
32472,train
32474,train
32475,test
32477,train
32478,train
32479,train
32481,val
32485,train
32486,train
32487,val
32489,val
32492,train
32494,val
32495,train
32496,train
32497,train
32498,val
32500,val
32501,train
32503,train
32504,train
32505,val
32507,train
32509,train
32513,train
32516,train
32517,train
32522,train
32525,train
32526,train
32527,train
32529,val
32531,train
32537,val
32538,val
32539,train
32540,train
32541,train
32543,train
32544,test
32545,train
32546,test
32548,train
32554,test
32555,val
32556,train
32557,train
32558,train
32559,train
32560,train
32561,train
32562,test
32563,train
32565,train
32566,train
32567,train
32568,train
32570,train
32572,train
32573,train
32574,train
32575,train
32576,train
32577,train
32578,train
32580,test
32581,train
32584,train
32585,train
32586,test
32587,train
32588,train
32592,train
32593,train
32594,test
32595,train
32596,test
32597,train
32598,train
32599,train
32601,test
32602,train
32603,train
32606,train
32607,train
32609,test
32611,train
32613,val
32614,train
32615,train
32616,val
32617,val
32618,val
32620,train
32621,train
32622,train
32624,train
32625,train
32631,test
32633,train
32634,test
32636,test
32637,train
32640,train
32641,train
32642,val
32646,train
32648,train
32649,train
32656,train
32657,train
32658,train
32659,train
32660,val
32661,val
32662,val
32664,train
32665,train
32666,val
32670,val
32671,train
32672,train
32673,train
32674,train
32675,train
32677,train
32678,train
32679,train
32680,train
32685,train
32686,train
32688,train
32690,train
32691,train
32692,val
32693,train
32694,val
32695,val
32696,train
32698,test
32699,train
32700,train
32702,train
32703,train
32704,train
32706,train
32707,test
32710,train
32716,train
32719,train
32720,val
32721,test
32722,train
32724,train
32726,train
32727,train
32728,train
32730,test
32732,train
32733,train
32735,train
32737,train
32738,train
32739,train
32741,val
32742,val
32743,train
32745,train
32746,test
32750,train
32751,train
32753,train
32756,train
32759,train
32760,train
32761,train
32762,train
32764,test
32765,train
32766,train
32767,train
32770,train
32772,val
32773,test
32775,test
32776,val
32782,train
32783,test
32785,val
32786,train
32787,train
32789,test
32790,test
32791,val
32792,train
32793,train
32794,train
32796,test
32797,train
32799,test
32800,train
32801,train
32802,train
32806,test
32807,train
32808,train
32809,test
32810,val
32813,train
32814,val
32816,test
32817,train
32820,val
32823,train
32825,train
32826,test
32828,train
32829,train
32830,val
32831,train
32833,train
32834,train
32837,val
32838,train
32840,train
32845,train
32848,train
32849,train
32850,train
32851,test
32853,train
32855,val
32856,val
32857,test
32858,train
32864,train
32865,train
32866,test
32867,val
32868,val
32869,val
32870,val
32871,train
32872,train
32873,train
32875,train
32876,val
32877,train
32880,train
32881,val
32882,val
32886,val
32888,train
32889,train
32890,train
32894,train
32895,test
32899,train
32900,train
32901,test
32902,test
32905,train
32907,train
32909,train
32910,train
32911,train
32912,val
32913,train
32915,train
32916,train
32917,train
32918,train
32919,train
32920,train
32922,train
32923,train
32924,test
32925,test
32926,test
32927,train
32928,train
32930,val
32932,test
32934,train
32936,train
32937,train
32938,train
32939,train
32941,train
32942,train
32943,test
32944,val
32946,train
32947,val
32949,test
32951,test
32952,val
32954,train
32956,train
32957,train
32958,test
32959,train
32961,val
32964,train
32965,train
32966,train
32968,train
32969,test
32970,train
32971,val
32974,train
32975,train
32976,train
32979,train
32980,train
32981,train
32982,val
32983,train
32985,train
32986,train
32987,train
32991,train
32992,test
32993,train
32994,train
32995,train
32996,train
32997,val
32999,val
33000,train
33002,val
33003,train
33004,train
33005,train
33006,train
33007,train
33013,train
33014,test
33015,train
33016,train
33018,train
33023,train
33024,test
33025,train
33027,train
33028,train
33030,train
33032,train
33034,train
33035,train
33037,val
33038,train
33041,train
33042,train
33043,train
33044,val
33047,train
33048,train
33050,val
33051,val
33053,val
33054,train
33055,train
33056,val
33057,train
33058,test
33059,val
33060,train
33061,train
33062,train
33064,train
33066,train
33067,test
33069,train
33074,train
33075,train
33076,test
33077,test
33078,train
33079,train
33080,train
33081,train
33084,train
33086,train
33088,train
33089,train
33090,train
33095,train
33096,test
33097,train
33098,train
33100,train
33101,test
33102,train
33104,test
33105,train
33106,train
33107,train
33108,test
33109,test
33110,train
33111,test
33114,train
33115,test
33116,test
33117,val
33119,test
33120,val
33122,train
33123,train
33126,train
33127,train
33130,train
33131,train
33132,train
33133,train
33134,train
33135,val
33139,test
33143,val
33145,test
33146,val
33147,train
33148,train
33149,val
33150,train
33151,train
33152,val
33154,train
33155,train
33156,train
33158,train
33159,val
33160,val
33161,val
33163,train
33165,train
33166,train
33168,train
33169,train
33172,train
33174,train
33176,val
33179,train
33180,test
33181,train
33183,train
33184,train
33185,test
33186,train
33187,train
33190,train
33192,train
33193,val
33194,train
33196,train
33197,train
33198,train
33200,train
33202,train
33203,val
33206,train
33208,train
33210,train
33211,val
33212,train
33213,train
33214,train
33216,train
33219,train
33220,test
33221,train
33222,train
33223,train
33225,train
33227,train
33229,train
33231,train
33232,test
33233,train
33234,val
33235,train
33238,train
33239,val
33245,train
33248,train
33249,train
33250,val
33251,train
33254,train
33255,val
33256,train
33257,train
33258,train
33259,train
33260,train
33261,test
33263,train
33265,val
33266,train
33267,train
33270,train
33271,train
33273,train
33274,train
33277,test
33280,train
33281,val
33282,test
33286,train
33287,val
33288,test
33293,train
33294,test
33295,train
33296,test
33297,val
33301,train
33303,val
33307,train
33308,train
33309,train
33310,train
33314,train
33315,train
33318,train
33319,train
33320,train
33321,train
33323,train
33324,val
33325,train
33326,val
33327,train
33328,test
33329,val
33330,train
33332,test
33333,train
33334,train
33337,test
33338,train
33339,test
33340,train
33341,train
33343,train
33345,train
33348,train
33349,test
33351,train
33352,train
33354,val
33355,train
33356,train
33359,train
33360,train
33361,train
33364,train
33368,val
33369,train
33370,test
33372,val
33373,test
33374,val
33375,train
33376,train
33377,test
33380,train
33383,train
33384,train
33385,test
33388,test
33390,test
33392,val
33393,train
33394,train
33398,train
33399,train
33401,train
33403,train
33405,train
33407,train
33410,train
33412,train
33415,train
33418,train
33419,val
33422,train
33423,train
33424,train
33425,val
33430,val
33431,test
33433,train
33434,val
33435,train
33436,train
33437,train
33439,test
33442,val
33445,train
33446,train
33448,train
33450,train
33451,train
33452,train
33453,val
33454,test
33455,train
33458,train
33459,test
33460,val
33464,train
33467,train
33468,train
33470,val
33472,train
33473,train
33477,val
33478,train
33479,train
33480,train
33482,train
33483,train
33484,train
33486,train
33487,train
33488,train
33489,train
33490,test
33491,test
33493,val
33494,train
33495,test
33496,test
33497,train
33498,train
33499,val
33503,train
33504,test
33508,train
33510,val
33511,train
33512,train
33513,train
33517,train
33518,train
33519,train
33521,train
33522,train
33529,train
33530,train
33532,val
33534,test
33535,train
33537,train
33540,val
33541,train
33542,train
33543,train
33544,train
33547,train
33549,train
33550,train
33554,train
33555,train
33557,train
33558,test
33559,train
33560,train
33561,train
33562,train
33563,train
33566,train
33567,train
33569,test
33570,train
33571,val
33572,train
33573,test
33574,train
33576,train
33578,test
33580,val
33581,train
33585,train
33586,train
33587,val
33588,val
33590,train
33591,train
33592,train
33593,train
33595,train
33597,train
33598,train
33600,train
33601,test
33602,train
33606,train
33607,train
33608,train
33609,train
33611,test
33614,train
33615,train
33616,train
33618,train
33621,train
33623,train
33624,train
33625,train
33626,train
33629,train
33630,train
33631,train
33635,train
33636,test
33637,test
33639,train
33640,train
33641,train
33642,train
33644,val
33645,train
33647,train
33648,val
33652,train
33654,train
33660,val
33666,train
33670,test
33672,train
33674,train
33676,val
33677,val
33679,val
33680,train
33681,train
33682,train
33683,train
33688,val
33690,train
33691,train
33692,val
33694,test
33700,train
33703,train
33705,train
33706,train
33707,val
33708,val
33709,val
33710,train
33711,val
33712,train
33713,test
33714,train
33715,train
33719,val
33723,train
33724,train
33725,test
33727,val
33729,train
33730,test
33731,test
33732,train
33733,test
33735,train
33736,test
33737,test
33738,train
33739,val
33743,val
33744,test
33745,val
33748,test
33749,train
33754,train
33755,train
33756,test
33760,train
33761,train
33763,train
33767,train
33769,train
33770,train
33773,train
33774,train
33778,train
33779,train
33780,train
33781,val
33783,train
33784,train
33785,train
33786,test
33788,test
33789,train
33790,train
33791,test
33792,train
33794,val
33795,test
33796,train
33799,train
33801,train
33802,train
33804,train
33805,train
33807,train
33808,train
33810,train
33811,train
33812,test
33813,val
33815,train
33816,train
33818,train
33820,train
33821,val
33823,test
33824,test
33825,val
33827,train
33830,train
33832,test
33833,test
33834,train
33835,train
33836,train
33837,train
33839,train
33840,train
33842,val
33843,train
33846,train
33847,train
33848,train
33850,train
33851,train
33852,train
33855,train
33856,train
33857,val
33858,val
33859,train
33860,train
33862,test
33863,train
33864,train
33865,train
33866,train
33867,train
33870,train
33874,val
33875,train
33876,train
33877,val
33880,train
33881,train
33882,train
33884,train
33885,train
33886,train
33887,test
33888,train
33891,train
33892,train
33894,train
33898,train
33899,train
33902,train
33903,test
33904,train
33905,train
33906,val
33908,train
33909,train
33912,train
33914,train
33917,test
33919,train
33920,train
33921,test
33922,train
33924,train
33926,test
33927,train
33930,train
33931,train
33932,train
33934,train
33936,train
33942,train
33943,train
33944,train
33946,train
33947,train
33950,train
33953,val
33954,train
33956,test
33959,test
33961,train
33962,train
33963,train
33964,train
33967,test
33968,val
33969,test
33970,test
33971,train
33972,train
33973,train
33974,train
33976,val
33978,test
33982,test
33985,test
33987,train
33988,train
33993,train
33994,train
33995,val
33997,train
33999,train
34000,train
34001,val
34004,test
34005,train
34007,train
34008,train
34009,test
34011,train
34012,train
34013,val
34015,train
34016,train
34018,train
34020,val
34021,train
34022,train
34023,train
34026,train
34027,val
34029,train
34034,val
34037,train
34038,train
34039,test
34040,train
34042,val
34043,train
34044,val
34045,val
34046,train
34048,val
34052,train
34053,val
34055,train
34056,train
34057,train
34058,test
34059,train
34060,train
34061,train
34063,train
34064,test
34065,train
34067,train
34069,train
34070,train
34071,train
34072,val
34073,train
34074,val
34075,val
34077,train
34078,train
34079,train
34080,val
34081,train
34082,train
34083,train
34084,train
34085,train
34087,train
34088,train
34090,val
34092,val
34093,train
34095,val
34097,train
34098,train
34099,test
34100,train
34102,test
34103,train
34105,test
34106,train
34107,test
34110,train
34113,train
34114,test
34115,train
34116,train
34117,train
34118,train
34120,test
34122,train
34124,val
34125,train
34130,test
34131,train
34132,train
34133,train
34137,train
34139,val
34142,train
34143,val
34145,train
34146,val
34150,train
34151,train
34152,train
34153,train
34154,train
34155,val
34160,train
34161,train
34163,train
34164,train
34167,test
34169,train
34171,test
34172,train
34175,train
34180,val
34181,val
34183,test
34185,test
34186,train
34188,train
34189,val
34191,train
34192,train
34194,train
34195,train
34196,train
34197,test
34198,train
34199,train
34200,train
34202,train
34205,train
34206,train
34208,train
34209,train
34210,train
34211,train
34213,train
34215,train
34218,test
34219,test
34222,train
34223,train
34225,train
34229,train
34230,train
34232,train
34234,val
34236,test
34238,train
34239,train
34240,val
34241,val
34242,train
34244,train
34249,train
34250,val
34252,train
34253,train
34255,train
34257,train
34261,train
34263,train
34264,train
34266,train
34268,val
34269,test
34271,train
34272,test
34276,train
34277,train
34279,train
34282,train
34283,train
34286,train
34287,val
34288,val
34292,train
34297,train
34299,train
34300,train
34301,train
34304,train
34305,train
34306,test
34307,test
34308,test
34311,train
34312,train
34313,train
34316,test
34321,train
34323,test
34325,test
34326,test
34330,val
34331,train
34333,train
34334,train
34335,test
34336,train
34337,train
34338,train
34340,train
34341,train
34344,train
34345,train
34346,train
34347,val
34353,train
34354,train
34355,val
34356,train
34357,train
34358,val
34360,train
34362,test
34364,train
34367,train
34368,train
34371,train
34376,train
34379,train
34383,train
34385,train
34389,train
34391,train
34402,train
34416,train
34418,val
34420,train
34423,train
34424,val
34426,train
34428,val
34429,train
34430,val
34431,train
34434,val
34437,train
34439,test
34440,train
34441,train
34450,test
34455,val
34458,train
34459,test
34460,train
34462,train
34463,train
34468,test
34471,train
34472,val
34477,train
34481,train
34482,test
34488,train
34489,train
34497,train
34498,train
34499,train
34500,val
34508,val
34512,val
34515,train
34520,train
34521,train
34528,val
34529,train
34532,train
34535,test
34542,train
34543,val
34545,train
34550,train
34551,train
34553,train
34555,train
34557,train
34558,train
34560,train
34564,val
34565,train
34567,train
34568,train
34569,train
34572,train
34575,test
34576,train
34579,val
34580,val
34581,train
34582,train
34583,train
34584,test
34594,val
34596,val
34598,train
34599,train
34600,train
34601,test
34602,val
34604,train
34606,train
34614,train
34617,train
34619,train
34620,val
34622,train
34625,test
34629,val
34633,test
34635,train
34636,val
34637,train
34638,train
34642,train
34643,train
34646,train
34647,val
34648,val
34652,train
34653,test
34660,train
34662,train
34665,test
34666,test
34667,train
34668,train
34671,test
34672,val
34673,train
34674,train
34675,train
34676,train
34677,train
34679,val
34680,val
34684,train
34688,train
34689,val
34692,train
34693,train
34694,train
34696,train
34700,train
34702,train
34703,train
34704,train
34707,train
34710,val
34711,train
34712,train
34714,test
34716,train
34717,train
34720,val
34722,train
34725,train
34731,train
34732,train
34733,val
34734,train
34737,val
34738,train
34740,test
34741,val
34742,val
34743,train
34744,val
34745,val
34747,val
34748,train
34749,train
34750,train
34751,val
34753,train
34755,train
34757,test
34758,train
34760,train
34761,train
34765,test
34766,val
34768,train
34770,test
34774,train
34776,val
34777,train
34778,test
34780,train
34782,train
34786,train
34794,train
34796,val
34800,train
34802,train
34805,val
34806,val
34807,train
34812,test
34815,val
34816,train
34817,train
34819,train
34824,train
34829,train
34830,train
34831,test
34832,train
34833,train
34834,train
34835,train
34836,test
34837,train
34842,test
34847,train
34848,train
34849,train
34852,test
34853,train
34854,train
34856,train
34857,val
34859,val
34860,test
34861,train
34864,train
34871,train
34876,train
34877,train
34880,train
34881,train
34882,train
34884,train
34885,train
34887,train
34889,val
34893,test
34894,val
34895,train
34896,train
34897,train
34898,train
34899,test
34900,train
34902,val
34903,train
34907,test
34909,train
34912,train
34913,train
34915,train
34916,train
34917,train
34919,train
34920,train
34921,val
34922,val
34923,test
34925,train
34928,test
34932,train
34933,val
34934,train
34935,train
34937,train
34938,train
34939,train
34940,train
34942,test
34947,train
34949,val
34950,train
34953,val
34957,train
34960,train
34961,test
34962,train
34963,train
34965,train
34966,test
34967,train
34968,train
34969,train
34971,train
34975,train
34976,train
34977,train
34978,val
34979,train
34981,train
34983,train
34986,train
34990,train
34996,test
34997,train
35002,val
35006,val
35009,val
35013,train
35015,test
35016,train
35022,train
35023,train
35024,train
35030,train
35031,test
35033,val
35036,train
35038,val
35050,train
35053,val
35055,train
35059,train
35071,train
35074,train
35079,test
35080,train
35090,train
35095,test
35098,val
35100,train
35103,train
35107,val
35109,val
35110,train
35111,train
35113,train
35117,train
35121,train
35123,train
35125,train
35128,train
35130,train
35136,test
35137,train
35139,train
35143,train
35146,val
35147,train
35148,train
35158,train
35161,train
35162,train
35165,train
35168,train
35170,train
35171,val
35173,val
35174,train
35178,train
35181,train
35183,train
35184,test
35188,train
35193,train
35200,train
35202,train
35203,train
35205,train
35206,train
35207,train
35210,train
35211,train
35212,train
35214,test
35216,test
35219,train
35220,train
35224,val
35230,train
35231,train
35232,test
35233,train
35234,test
35235,train
35241,train
35246,train
35252,train
35257,train
35263,test
35264,test
35265,train
35270,train
35272,train
35274,train
35276,train
35281,train
35282,train
35284,train
35285,train
35286,train
35293,train
35294,train
35295,train
35302,train
35303,train
35304,train
35308,val
35313,train
35314,train
35317,train
35321,test
35339,train
35343,train
35344,train
35346,train
35347,train
35354,val
35356,val
35357,train
35358,val
35359,test
35360,val
35369,train
35370,val
35374,train
35377,val
35379,train
35380,train
35381,train
35385,train
35386,train
35387,train
35390,train
35396,test
35409,val
35410,train
35412,train
35417,val
35421,train
35422,train
35425,val
35429,train
35431,val
35436,train
35438,train
35440,train
35441,train
35444,train
35445,test
35447,train
35450,test
35451,train
35455,train
35457,train
35458,train
35462,train
35473,train
35477,val
35479,train
35480,train
35483,train
35484,train
35486,train
35490,train
35494,train
35495,train
35498,train
35499,test
35503,train
35504,train
35510,train
35512,train
35514,train
35519,train
35530,train
35531,train
35533,train
35534,train
35542,train
35549,train
35553,val
35563,val
35565,train
35566,train
35573,train
35576,test
35582,train
35585,val
35586,train
35589,train
35590,train
35595,train
35613,train
35615,val
35616,train
35617,train
35624,test
35626,train
35628,train
35629,val
35631,test
35632,train
35640,train
35641,train
35643,val
35644,train
35645,train
35647,val
35659,train
35660,train
35662,train
35664,train
35667,train
35668,test
35672,train
35673,test
35676,train
35677,train
35684,train
35685,train
35686,train
35689,test
35690,val
35691,test
35692,train
35694,train
35695,train
35698,train
35699,train
35700,train
35701,test
35702,test
35704,test
35707,train
35708,val
35711,train
35716,train
35718,val
35720,train
35721,train
35732,test
35743,train
35746,train
35750,train
35756,test
35770,val
35771,train
35773,train
35778,train
35779,train
35781,train
35783,val
35784,train
35794,train
35801,train
35805,train
35808,train
35810,train
35811,train
35815,train
35819,train
35823,val
35827,train
35838,train
35839,train
35840,train
35843,val
35844,train
35849,train
35856,train
35861,test
35865,train
35867,val
35887,test
35889,train
35891,train
35892,train
35898,train
35901,train
35903,train
35908,train
35909,train
35911,train
35912,test
35933,train
35935,train
35945,train
35948,val
35949,train
35950,val
35952,train
35953,test
35957,train
35963,test
35964,train
35967,test
35973,val
35977,train
35978,train
35985,train
35986,train
36010,val
36015,val
36022,test
36024,train
36030,test
36031,train
36035,train
36036,val
36039,train
36045,val
36055,val
36075,train
36077,val
36084,train
36086,test
36087,train
36093,train
36100,train
36106,train
36111,train
36113,train
36119,test
36120,val
36121,train
36124,train
36135,test
36136,train
36140,test
36143,val
36153,val
36154,train
36155,val
36158,train
36160,train
36173,train
36174,train
36177,val
36188,val
36200,train
36201,train
36204,train
36206,train
36207,train
36211,test
36214,train
36238,train
36239,train
36243,train
36246,train
36249,train
36250,test
36251,val
36252,train
36255,train
36259,train
36262,train
36263,train
36264,train
36266,train
36267,train
36269,train
36272,test
36278,train
36279,train
36280,train
36282,val
36283,val
36284,train
36285,val
36286,train
36287,train
36288,test
36289,test
36290,train
36291,val
36299,val
36300,train
36301,train
36302,train
36304,train
36306,train
36309,train
36310,train
36311,train
36312,train
36313,test
36315,val
36316,train
36318,train
36320,val
36321,train
36324,train
36326,train
36327,train
36330,train
36331,val
36336,train
36337,train
36342,train
36343,train
36344,train
36345,train
36346,train
36347,train
36348,train
36351,val
36352,test
36353,train
36356,train
36357,train
36360,train
36362,train
36364,train
36366,train
36367,train
36370,train
36371,val
36372,train
36373,val
36374,val
36375,val
36376,train
36377,test
36378,train
36379,train
36381,train
36382,train
36384,test
36386,train
36388,val
36389,train
36390,train
36391,train
36392,train
36393,train
36394,train
36395,train
36396,train
36397,train
36398,train
36400,train
36401,val
36403,test
36404,train
36405,train
36408,val
36411,train
36412,train
36413,train
36415,train
36416,val
36417,train
36418,train
36419,train
36420,train
36423,train
36425,train
36426,train
36427,train
36428,train
36431,train
36432,train
36435,train
36436,val
36437,test
36439,train
36441,train
36444,train
36445,train
36449,train
36450,train
36453,train
36454,test
36455,val
36456,val
36457,train
36458,train
36459,val
36461,train
36462,val
36463,train
36465,test
36467,train
36469,train
36470,train
36471,val
36475,train
36479,val
36483,train
36484,val
36486,train
36487,train
36489,val
36490,test
36491,val
36493,train
36494,train
36495,train
36496,train
36498,test
36499,train
36500,train
36501,train
36502,train
36504,train
36505,train
36507,train
36508,train
36510,val
36511,train
36512,train
36516,train
36517,train
36518,train
36520,train
36521,train
36522,test
36523,val
36526,train
36527,val
36528,val
36529,val
36530,val
36533,train
36534,val
36535,train
36536,val
36537,train
36539,train
36540,train
36541,train
36542,val
36545,val
36546,val
36549,train
36550,test
36551,train
36552,val
36553,val
36554,train
36556,train
36559,train
36560,train
36562,test
36565,train
36567,train
36569,val
36570,test
36571,train
36573,train
36574,val
36575,train
36576,val
36577,train
36578,train
36580,val
36581,train
36583,train
36585,train
36586,train
36587,val
36588,train
36589,train
36590,train
36591,test
36592,train
36594,train
36595,train
36596,test
36599,test
36601,train
36603,train
36605,val
36608,train
36609,train
36610,train
36611,train
36612,train
36613,train
36614,train
36616,train
36622,train
36623,val
36624,val
36627,train
36630,train
36632,train
36636,val
36638,test
36640,train
36642,test
36643,train
36647,train
36648,train
36649,train
36655,val
36656,train
36657,train
36658,train
36659,train
36660,test
36662,train
36664,train
36666,train
36667,test
36668,train
36669,val
36670,train
36671,val
36673,train
36675,train
36676,train
36680,train
36682,train
36684,test
36685,train
36686,test
36687,test
36688,test
36691,train
36692,train
36693,train
36694,train
36695,train
36697,train
36705,train
36706,train
36708,val
36712,test
36714,test
36715,train
36718,train
36719,train
36720,val
36721,train
36723,test
36724,train
36727,train
36728,train
36729,val
36730,train
36731,test
36732,val
36735,train
36736,train
36737,train
36738,val
36739,train
36740,train
36741,train
36742,train
36743,val
36748,train
36749,val
36750,train
36752,val
36753,train
36754,train
36756,test
36760,train
36761,train
36762,train
36763,train
36764,train
36765,train
36766,val
36771,train
36772,train
36773,train
36774,train
36775,train
36776,train
36777,train
36778,test
36779,train
36782,train
36783,train
36784,train
36785,test
36786,val
36787,test
36790,train
36793,train
36794,train
36796,test
36803,test
36804,train
36805,train
36807,train
36808,train
36809,train
36811,val
36813,train
36815,train
36816,train
36817,train
36818,train
36819,val
36820,train
36821,train
36822,train
36823,test
36824,train
36826,train
36827,train
36828,train
36829,train
36833,train
36834,val
36836,test
36837,train
36838,train
36840,train
36842,train
36843,train
36845,train
36846,train
36847,train
36850,train
36851,train
36853,val
36856,train
36857,train
36860,train
36862,train
36865,train
36867,val
36868,train
36872,train
36873,train
36874,train
36875,train
36876,train
36879,train
36880,val
36881,val
36883,train
36885,train
36886,train
36891,test
36892,test
36893,train
36896,train
36897,train
36899,train
36900,train
36901,train
36904,val
36906,val
36909,train
36910,train
36912,train
36914,train
36916,test
36920,val
36921,test
36930,train
36931,train
36932,train
36934,test
36941,val
36942,train
36943,train
36944,train
36945,val
36948,train
36949,train
36952,train
36953,train
36954,test
36956,train
36957,train
36959,train
36962,val
36963,train
36965,val
36966,train
36967,train
36968,train
36970,val
36972,val
36973,train
36977,test
36979,test
36980,train
36981,test
36982,train
36985,train
36989,train
36995,train
36997,train
37000,train
37017,train
37031,val
37034,test
37037,val
37039,val
37042,test
37044,val
37049,train
37050,train
37052,train
37053,train
37055,train
37056,train
37057,train
37059,train
37061,test
37065,train
37067,train
37068,val
37073,train
37076,train
37080,train
37081,val
37082,train
37086,train
37087,val
37088,val
37091,test
37093,train
37094,train
37098,train
37099,test
37100,test
37101,val
37103,train
37104,train
37105,test
37106,train
37108,train
37109,train
37110,train
37111,train
37113,train
37115,train
37116,test
37117,train
37118,test
37119,val
37120,test
37121,train
37123,train
37124,val
37125,train
37126,val
37127,train
37129,train
37131,train
37132,train
37136,train
37139,train
37141,test
37142,train
37143,train
37144,train
37147,train
37151,train
37152,train
37154,test
37155,train
37156,train
37158,train
37159,train
37163,train
37165,train
37169,val
37170,train
37173,train
37174,val
37175,train
37179,train
37181,train
37182,train
37184,train
37186,train
37199,train
37205,train
37206,train
37208,train
37209,test
37214,train
37216,train
37217,train
37221,train
37223,test
37226,test
37228,train
37233,test
37239,train
37241,train
37242,test
37245,train
37247,train
37248,train
37251,train
37255,train
37257,train
37259,train
37264,train
37266,test
37268,train
37274,train
37275,test
37276,train
37277,train
37278,test
37279,train
37280,test
37284,train
37285,test
37292,test
37299,train
37302,train
37305,train
37307,train
37309,train
37310,val
37312,test
37313,val
37316,val
37317,test
37318,test
37319,val
37321,train
37323,train
37324,test
37325,train
37328,train
37330,train
37331,train
37338,train
37344,test
37349,val
37351,train
37352,train
37354,train
37355,val
37356,val
37357,train
37361,train
37362,test
37363,train
37364,train
37366,train
37367,val
37368,train
37369,train
37372,train
37373,train
37374,train
37377,test
37378,train
37383,train
37392,train
37395,test
37397,train
37398,train
37399,train
37401,train
37403,test
37407,val
37415,train
37436,train
37439,train
37440,test
37444,val
37445,train
37446,val
37448,train
37449,train
37467,train
37468,train
37469,train
37472,train
37488,test
37489,test
37490,val
37491,test
37492,test
37496,val
37497,train
37500,train
37501,train
37503,train
37505,train
37506,test
37510,train
37512,val
37518,test
37519,val
37520,train
37521,train
37522,train
37523,train
37528,test
37530,train
37531,test
37533,train
37534,train
37535,train
37539,test
37540,train
37541,train
37542,train
37546,train
37547,train
37548,train
37551,train
37555,val
37557,val
37558,train
37561,test
37562,train
37564,test
37566,train
37571,train
37574,train
37579,train
37582,test
37583,train
37588,train
37589,test
37591,train
37597,val
37598,train
37599,train
37600,train
37601,train
37606,test
37608,train
37609,train
37610,train
37615,train
37616,train
37617,test
37621,train
37623,train
37628,train
37630,train
37632,train
37634,test
37635,train
37638,train
37639,test
37640,train
37641,train
37642,val
37643,train
37645,train
37648,train
37651,test
37652,train
37655,train
37658,val
37659,train
37660,train
37661,train
37662,test
37666,train
37668,train
37669,train
37670,train
37673,train
37674,test
37675,train
37677,train
37678,test
37680,val
37681,train
37682,train
37685,test
37687,train
37688,val
37689,train
37690,test
37694,train
37699,train
37701,train
37704,train
37706,train
37707,train
37709,val
37710,val
37714,train
37716,test
37717,train
37718,train
37720,val
37726,test
37727,train
37728,test
37729,train
37730,val
37732,test
37733,train
37734,train
37735,train
37736,train
37737,train
37742,train
37743,train
37745,train
37746,train
37747,test
37752,train
37753,train
37755,train
37757,train
37760,val
37761,train
37762,train
37764,train
37765,train
37767,train
37768,train
37774,train
37777,train
37784,train
37786,train
37788,train
37789,test
37793,val
37794,test
37796,train
37798,train
37803,train
37805,train
37808,train
37810,train
37811,train
37813,train
37814,train
37816,val
37817,train
37819,val
37820,val
37823,train
37824,train
37826,val
37827,train
37828,val
37829,train
37833,train
37836,train
37840,train
37841,val
37843,test
37844,train
37845,train
37846,val
37849,train
37850,train
37852,test
37853,test
37854,train
37855,train
37860,train
37861,train
37863,train
37864,train
37866,val
37867,train
37869,train
37870,train
37872,train
37873,val
37877,train
37879,train
37880,train
37881,train
37883,train
37888,train
37889,train
37891,test
37892,val
37893,train
37894,test
37895,val
37897,train
37898,train
37900,val
37901,val
37902,test
37903,train
37904,train
37907,train
37911,train
37913,train
37915,test
37916,train
37917,test
37918,val
37919,train
37921,test
37922,train
37923,train
37924,train
37925,train
37930,train
37935,val
37938,test
37944,test
37945,train
37946,train
37948,val
37952,train
37955,train
37956,val
37957,test
37959,test
37964,test
37965,val
37968,train
37971,train
37972,train
37973,val
37974,train
37975,train
37976,val
37978,test
37979,train
37980,val
37981,test
37983,test
37984,train
37986,train
37987,train
37988,train
37989,val
37990,train
37991,train
37993,val
37994,train
37995,train
37997,train
37998,train
37999,val
38001,train
38002,test
38003,train
38004,train
38005,train
38006,test
38008,train
38009,train
38011,train
38012,train
38014,train
38015,train
38017,train
38019,train
38020,test
38021,train
38024,train
38025,test
38027,train
38030,val
38031,train
38032,train
38033,train
38035,train
38036,train
38037,train
38038,train
38039,train
38041,train
38043,val
38044,train
38045,train
38047,train
38048,train
38049,train
38050,val
38051,val
38052,train
38056,train
38057,train
38058,test
38061,train
38065,train
38067,train
38068,train
38069,train
38070,train
38071,train
38072,train
38075,train
38077,test
38084,train
38085,train
38086,train
38088,train
38089,train
38092,train
38093,train
38096,train
38097,train
38099,test
38100,val
38101,train
38103,test
38105,train
38106,train
38108,train
38110,train
38113,train
38117,val
38118,train
38119,train
38120,train
38121,train
38122,test
38123,train
38124,train
38125,train
38126,train
38130,test
38132,train
38133,val
38134,train
38135,train
38137,train
38139,train
38141,train
38142,train
38143,train
38144,test
38146,val
38150,train
38151,train
38152,train
38158,test
38161,train
38162,train
38163,train
38167,val
38169,train
38170,train
38171,train
38174,train
38175,test
38176,train
38177,test
38178,train
38180,train
38181,train
38182,train
38183,train
38184,val
38186,train
38189,train
38190,train
38191,train
38192,train
38193,train
38194,train
38196,train
38198,train
38199,train
38202,train
38204,train
38206,train
38208,train
38209,train
38210,train
38211,train
38212,train
38213,val
38215,train
38217,test
38219,train
38220,train
38221,val
38222,train
38223,test
38224,train
38225,train
38226,train
38227,val
38230,train
38231,train
38234,train
38235,train
38236,train
38237,train
38239,train
38240,train
38241,train
38243,train
38244,train
38247,train
38248,test
38249,train
38254,train
38255,test
38256,train
38257,train
38258,train
38259,train
38260,train
38262,val
38263,test
38264,train
38265,train
38266,train
38267,train
38268,train
38270,train
38271,test
38273,train
38274,train
38275,train
38278,train
38280,train
38283,train
38285,train
38286,train
38288,train
38289,train
38290,train
38291,train
38292,train
38294,train
38296,train
38297,train
38300,train
38301,test
38302,test
38304,train
38306,train
38307,train
38308,train
38310,train
38311,val
38312,val
38313,train
38314,train
38315,train
38316,test
38318,train
38319,train
38320,train
38321,train
38322,val
38323,train
38324,train
38325,train
38326,train
38328,train
38332,train
38334,val
38335,train
38336,val
38337,train
38338,train
38339,train
38340,train
38343,val
38344,train
38345,train
38347,test
38350,val
38355,train
38356,train
38357,train
38359,val
38360,val
38362,train
38364,val
38365,train
38366,test
38367,train
38369,train
38370,train
38371,train
38372,val
38373,train
38374,train
38375,train
38376,train
38378,train
38382,train
38383,train
38386,val
38387,test
38390,val
38391,test
38393,train
38394,train
38395,train
38396,test
38397,test
38400,val
38401,test
38402,train
38403,train
38406,train
38407,train
38408,val
38410,train
38411,train
38412,val
38413,train
38415,train
38416,train
38417,train
38418,train
38422,val
38423,train
38426,train
38427,test
38428,test
38429,train
38430,train
38431,val
38432,train
38433,train
38434,test
38436,train
38437,test
38438,train
38439,train
38440,train
38441,train
38442,test
38446,val
38447,train
38449,train
38450,train
38451,train
38452,train
38456,train
38457,test
38458,train
38460,train
38462,train
38465,train
38466,train
38467,train
38472,test
38473,train
38476,train
38477,val
38478,train
38479,train
38480,train
38481,train
38482,train
38484,train
38485,val
38486,test
38489,train
38490,train
38491,test
38493,train
38496,train
38502,val
38504,train
38505,train
38507,train
38508,train
38511,val
38512,train
38518,train
38519,train
38522,val
38528,train
38529,train
38530,train
38531,train
38533,train
38534,test
38535,train
38536,train
38537,test
38538,train
38543,train
38544,val
38547,train
38549,val
38551,val
38552,test
38553,test
38554,train
38555,train
38556,test
38557,train
38558,train
38559,val
38561,train
38562,test
38565,train
38568,train
38570,train
38572,train
38573,test
38574,train
38575,train
38577,train
38578,train
38582,train
38584,train
38585,train
38587,val
38588,val
38589,train
38592,val
38595,train
38598,train
38601,test
38602,train
38603,val
38604,val
38605,train
38609,train
38610,train
38611,train
38615,train
38617,train
38618,train
38620,val
38622,test
38624,train
38627,test
38630,train
38633,train
38635,test
38638,train
38639,test
38645,train
38647,test
38649,train
38650,train
38651,test
38654,train
38655,train
38656,test
38657,train
38660,val
38661,train
38662,val
38665,train
38666,train
38667,train
38668,train
38670,train
38673,train
38679,train
38680,train
38701,train
38702,train
38703,val
38704,train
38706,train
38707,test
38711,test
38715,test
38717,train
38719,val
38723,train
38725,test
38726,test
38727,train
38728,train
38731,train
38737,train
38741,train
38743,train
38744,train
38746,val
38747,train
38748,train
38750,train
38754,test
38760,train
38762,train
38763,val
38764,train
38766,val
38771,train
38774,train
38779,train
38780,train
38781,train
38782,train
38784,train
38786,train
38788,train
38790,train
38791,train
38792,train
38796,train
38800,test
38801,train
38802,train
38803,test
38805,train
38806,train
38808,train
38809,train
38812,train
38814,train
38815,test
38816,test
38817,train
38819,train
38825,test
38829,train
38830,train
38831,test
38832,train
38834,test
38836,train
38838,train
38839,train
38841,train
38843,train
38845,train
38846,train
38848,val
38849,train
38850,val
38851,test
38852,test
38853,train
38854,train
38855,train
38857,train
38859,train
38860,val
38861,val
38864,val
38865,train
38866,train
38867,train
38868,test
38870,train
38872,train
38873,train
38875,train
38877,val
38878,train
38881,test
38886,test
38887,train
38889,val
38890,test
38891,train
38892,train
38893,train
38895,train
38896,train
38897,test
38898,train
38900,train
38901,train
38903,train
38904,val
38906,train
38907,val
38908,train
38909,train
38910,train
38911,train
38914,train
38916,train
38918,train
38920,train
38925,val
38926,train
38933,train
38934,val
38935,val
38938,test
38940,val
38943,train
38946,train
38948,val
38949,train
38950,train
38952,val
38958,train
38961,train
38962,train
38963,val
38970,test
38972,test
38973,train
38975,test
38976,train
38977,train
38978,train
38979,train
38984,train
38985,test
38986,train
38989,train
38991,test
38992,train
38993,train
38994,val
38996,train
38998,test
39000,train
39002,val
39005,test
39007,test
39008,train
39010,train
39012,train
39013,test
39014,train
39015,val
39016,train
39017,val
39019,train
39021,val
39022,train
39024,train
39025,val
39026,train
39027,val
39035,val
39036,train
39037,train
39038,train
39043,train
39047,train
39048,train
39049,val
39050,train
39052,train
39053,train
39055,train
39056,train
39057,train
39058,train
39061,val
39062,train
39063,train
39064,train
39070,train
39071,val
39072,val
39073,train
39074,train
39075,train
39076,train
39078,test
39080,train
39083,train
39084,train
39085,train
39088,train
39089,train
39092,train
39095,test
39098,train
39100,train
39101,train
39102,val
39104,val
39105,train
39106,train
39109,test
39110,train
39111,test
39113,train
39114,train
39118,train
39119,train
39121,train
39124,train
39125,train
39127,val
39129,train
39130,train
39131,train
39132,train
39134,train
39135,train
39137,train
39138,train
39141,train
39144,train
39145,train
39149,train
39151,train
39152,train
39153,train
39156,train
39157,train
39160,train
39161,train
39162,val
39163,train
39164,val
39168,train
39171,train
39173,train
39175,train
39177,train
39178,train
39179,train
39181,train
39182,test
39183,train
39186,train
39190,train
39191,test
39194,train
39196,test
39198,train
39199,test
39201,val
39202,val
39205,train
39208,train
39209,train
39210,train
39211,test
39213,val
39215,train
39216,train
39218,train
39219,train
39220,train
39224,val
39227,train
39229,train
39232,train
39233,test
39234,val
39237,val
39238,train
39244,test
39245,train
39246,train
39247,train
39248,train
39251,train
39252,val
39253,test
39254,train
39257,val
39258,train
39259,train
39260,train
39261,train
39263,train
39270,train
39277,test
39278,train
39279,train
39280,train
39282,val
39283,train
39284,train
39288,train
39289,train
39290,train
39291,train
39294,val
39296,train
39297,train
39299,train
39301,test
39303,test
39304,test
39305,train
39307,train
39311,train
39312,test
39314,train
39315,test
39316,test
39321,train
39324,test
39327,val
39332,test
39334,train
39335,val
39336,test
39337,test
39339,train
39340,train
39341,train
39342,train
39343,train
39344,train
39345,val
39346,train
39347,train
39349,train
39351,train
39352,train
39353,train
39358,test
39363,test
39364,train
39365,train
39366,train
39367,train
39372,train
39373,train
39379,val
39380,train
39381,train
39382,test
39383,train
39384,train
39387,train
39388,train
39389,train
39391,test
39392,train
39397,val
39398,train
39400,train
39401,train
39404,val
39406,val
39407,train
39408,val
39411,train
39413,train
39414,train
39419,train
39421,train
39422,train
39425,train
39428,val
39430,train
39432,train
39442,train
39446,test
39452,train
39453,train
39460,test
39465,train
39469,test
39470,train
39472,test
39478,train
39480,test
39481,test
39482,train
39483,train
39484,train
39486,train
39488,train
39490,test
39491,train
39493,train
39498,val
39499,test
39502,val
39503,test
39506,train
39511,train
39513,test
39514,train
39517,train
39518,train
39520,train
39521,val
39524,train
39525,train
39527,train
39529,test
39532,test
39536,test
39538,val
39547,test
39551,train
39555,train
39557,train
39561,train
39564,train
39567,train
39571,train
39572,train
39573,train
39579,train
39582,train
39585,train
39591,val
39592,train
39593,test
39595,train
39600,train
39601,test
39602,train
39607,train
39608,train
39609,test
39610,test
39614,train
39620,test
39624,train
39625,train
39627,test
39631,test
39632,train
39637,val
39638,val
39641,test
39642,val
39645,train
39646,test
39648,train
39657,test
39661,train
39664,train
39670,train
39672,train
39673,test
39677,val
39678,val
39679,train
39688,train
39697,train
39701,train
39703,train
39704,train
39709,train
39710,train
39714,test
39718,val
39726,train
39728,val
39729,train
39730,train
39731,val
39733,train
39736,train
39739,train
39740,test
39747,train
39751,train
39754,train
39755,train
39756,val
39758,train
39760,val
39763,train
39764,train
39770,train
39771,train
39776,train
39777,train
39781,val
39782,train
39785,train
39794,train
39795,train
39802,train
39812,train
39813,val
39816,val
39821,test
39824,train
39827,test
39831,train
39835,train
39838,train
39839,val
39846,train
39848,val
39851,train
39852,train
39854,val
39855,train
39856,train
39859,train
39861,train
39864,train
39867,val
39868,train
39869,test
39901,train
39903,train
39913,train
39918,train
39919,train
39924,train
39927,train
39928,train
39936,test
39940,train
39953,train
39957,train
39972,train
39973,train
39976,train
39982,train
39991,test
40001,train
40008,train
40017,train
40020,test
40021,train
40024,train
40025,train
40028,val
40029,train
40031,train
40032,train
40037,train
40038,train
40042,test
40043,test
40044,test
40050,train
40056,test
40057,train
40058,train
40060,train
40064,train
40066,test
40072,train
40077,train
40081,val
40082,train
40083,train
40087,test
40092,train
40093,train
40096,train
40102,test
40103,train
40117,train
40119,train
40122,test
40128,train
40130,train
40148,train
40150,train
40154,val
40157,train
40158,train
40160,train
40163,test
40164,train
40165,train
40166,test
40167,val
40170,test
40173,train
40206,train
40208,test
40210,train
40212,train
40214,test
40215,train
40219,train
40223,train
40224,train
40225,test
40230,train
40235,train
40237,train
40241,val
40243,train
40244,val
40247,test
40248,val
40250,train
40251,train
40252,val
40255,train
40256,train
40257,train
40258,train
40261,val
40263,train
40264,train
40266,train
40267,val
40268,train
40269,test
40270,test
40276,test
40279,test
40280,train
40285,train
40288,train
40290,train
40291,train
40292,val
40295,train
40297,train
40300,train
40302,val
40303,test
40305,train
40306,train
40307,train
40312,train
40313,test
40316,train
40318,train
40319,test
40323,train
40326,train
40327,train
40330,train
40332,train
40333,train
40335,train
40338,train
40340,train
40342,train
40343,train
40344,val
40346,train
40347,train
40350,val
40351,val
40352,test
40353,train
40359,train
40360,train
40362,train
40363,train
40364,train
40365,train
40366,train
40367,val
40368,train
40370,train
40375,val
40378,val
40380,val
40381,train
40387,train
40396,train
40398,train
40399,val
40401,test
40402,train
40407,train
40408,train
40411,train
40412,train
40413,val
40416,train
40418,train
40420,train
40421,train
40422,train
40426,train
40427,train
40429,test
40431,val
40432,train
40433,train
40434,train
40435,val
40438,test
40439,val
40441,val
40443,train
40444,train
40447,train
40448,val
40450,train
40456,train
40463,train
40464,test
40465,test
40466,val
40468,train
40469,train
40472,train
40474,train
40475,train
40478,train
40487,train
40488,val
40489,val
40490,train
40491,train
40496,train
40498,train
40502,train
40504,test
40505,train
40506,test
40507,train
40508,train
40509,train
40513,train
40517,train
40518,train
40519,val
40521,train
40526,val
40527,train
40528,train
40532,val
40535,train
40536,train
40544,val
40545,train
40547,val
40551,train
40554,train
40555,val
40556,train
40557,test
40558,train
40561,train
40563,train
40566,train
40567,train
40569,train
40571,train
40573,train
40576,train
40578,train
40579,val
40586,val
40587,train
40597,train
40598,train
40599,train
40600,train
40601,train
40602,val
40604,train
40605,train
40606,test
40608,train
40609,train
40611,train
40612,train
40613,train
40615,val
40616,val
40617,val
40618,train
40619,train
40620,train
40621,test
40622,val
40623,val
40624,test
40625,test
40627,val
40631,train
40634,train
40635,val
40638,val
40639,test
40640,test
40642,train
40646,train
40647,train
40649,train
40650,train
40654,val
40655,train
40656,train
40657,train
40658,train
40659,train
40660,test
40661,val
40664,train
40665,train
40666,val
40667,test
40669,train
40671,val
40673,train
40675,train
40677,train
40678,train
40680,val
40681,train
40682,train
40684,train
40689,train
40691,train
40696,test
40699,train
40700,train
40701,train
40703,train
40710,train
40711,train
40713,test
40715,train
40718,train
40722,train
40724,test
40728,test
40730,test
40731,train
40732,train
40733,train
40736,train
40737,train
40738,train
40740,train
40747,train
40749,test
40753,train
40754,train
40757,train
40761,train
40763,train
40764,train
40765,train
40766,test
40768,train
40770,val
40773,train
40775,test
40776,train
40781,val
40785,train
40787,train
40789,train
40790,val
40791,train
40793,train
40794,val
40795,train
40796,train
40798,train
40799,train
40800,train
40803,train
40807,val
40808,train
40810,test
40811,train
40812,train
40816,train
40817,train
40822,train
40823,test
40824,train
40825,train
40827,train
40830,train
40831,train
40832,test
40833,train
40834,train
40838,train
40841,train
40843,val
40847,test
40848,val
40850,train
40851,train
40855,val
40856,val
40857,train
40861,train
40862,train
40864,train
40865,train
40866,val
40868,train
40872,val
40875,train
40876,test
40877,train
40878,val
40881,train
40883,test
40884,train
40885,val
40886,train
40887,train
40889,train
40890,train
40892,val
40893,train
40895,val
40897,val
40900,train
40901,train
40904,val
40905,train
40907,train
40909,train
40912,val
40913,val
40918,train
40922,train
40923,train
40925,train
40926,train
40927,train
40928,train
40930,val
40931,train
40932,train
40933,val
40934,train
40935,train
40937,test
40938,train
40940,train
40941,train
40942,train
40943,val
40944,train
40945,train
40947,train
40950,test
40952,train
40954,train
40956,val
40958,train
40963,test
40968,test
40971,train
40974,train
40975,train
40978,train
40979,train
40983,train
40984,train
40988,val
40989,val
40990,train
40991,train
40992,val
40993,train
40994,train
40996,train
40997,val
41000,train
41001,train
41002,train
41003,train
41004,val
41010,train
41011,test
41015,test
41016,train
41017,train
41018,test
41019,train
41021,train
41025,train
41027,train
41029,train
41032,train
41034,train
41035,train
41036,train
41038,train
41041,train
41045,train
41046,train
41047,val
41049,test
41050,test
41053,test
41054,train
41055,val
41059,train
41060,val
41061,train
41062,train
41065,train
41067,train
41068,test
41069,train
41072,val
41073,train
41075,train
