id,task,gold,pred
4,sentiment,positive,positive
41,sentiment,positive,positive
59,sentiment,positive,positive
66,sentiment,positive,positive
69,sentiment,neutral,positive
83,sentiment,positive,positive
94,sentiment,neutral,positive
115,sentiment,neutral,neutral
119,sentiment,neutral,positive
137,sentiment,neutral,neutral
139,sentiment,positive,positive
143,sentiment,neutral,positive
150,sentiment,positive,positive
164,sentiment,positive,positive
187,sentiment,positive,positive
195,sentiment,positive,positive
208,sentiment,positive,positive
215,sentiment,positive,positive
218,sentiment,negative,negative
222,sentiment,neutral,negative
230,sentiment,positive,positive
232,sentiment,positive,positive
239,sentiment,negative,negative
240,sentiment,positive,positive
252,sentiment,positive,positive
253,sentiment,positive,positive
262,sentiment,positive,positive
265,sentiment,positive,positive
269,sentiment,positive,negative
271,sentiment,neutral,negative
274,sentiment,neutral,neutral
283,sentiment,neutral,neutral
289,sentiment,neutral,neutral
290,sentiment,neutral,neutral
291,sentiment,positive,positive
299,sentiment,negative,negative
304,sentiment,neutral,neutral
309,sentiment,neutral,neutral
317,sentiment,positive,positive
339,sentiment,neutral,neutral
343,sentiment,negative,negative
344,sentiment,neutral,positive
345,sentiment,neutral,neutral
347,sentiment,neutral,neutral
348,sentiment,neutral,neutral
356,sentiment,positive,positive
359,sentiment,positive,neutral
360,sentiment,neutral,neutral
369,sentiment,positive,positive
375,sentiment,positive,positive
378,sentiment,positive,positive
379,sentiment,neutral,neutral
383,sentiment,positive,neutral
385,sentiment,neutral,positive
396,sentiment,positive,positive
403,sentiment,positive,negative
405,sentiment,positive,positive
410,sentiment,neutral,neutral
418,sentiment,negative,negative
420,sentiment,neutral,positive
423,sentiment,positive,neutral
435,sentiment,neutral,neutral
436,sentiment,negative,positive
440,sentiment,positive,positive
448,sentiment,neutral,neutral
449,sentiment,positive,positive
450,sentiment,positive,positive
451,sentiment,negative,negative
473,sentiment,neutral,neutral
477,sentiment,positive,positive
482,sentiment,neutral,neutral
483,sentiment,neutral,neutral
495,sentiment,neutral,negative
516,sentiment,neutral,positive
521,sentiment,neutral,positive
525,sentiment,neutral,neutral
527,sentiment,neutral,neutral
529,sentiment,positive,positive
532,sentiment,positive,positive
550,sentiment,positive,positive
555,sentiment,negative,negative
570,sentiment,positive,positive
574,sentiment,positive,positive
585,sentiment,neutral,neutral
590,sentiment,negative,neutral
608,sentiment,positive,positive
613,sentiment,neutral,positive
654,sentiment,neutral,neutral
671,sentiment,positive,negative
674,sentiment,neutral,neutral
676,sentiment,neutral,neutral
680,sentiment,positive,neutral
688,sentiment,neutral,neutral
695,sentiment,neutral,positive
697,sentiment,positive,positive
702,sentiment,neutral,positive
706,sentiment,neutral,neutral
710,sentiment,neutral,neutral
713,sentiment,negative,positive
716,sentiment,neutral,positive
717,sentiment,negative,negative
723,sentiment,neutral,positive
725,sentiment,negative,neutral
729,sentiment,neutral,neutral
739,sentiment,neutral,neutral
749,sentiment,negative,negative
757,sentiment,negative,negative
765,sentiment,positive,positive
772,sentiment,positive,positive
774,sentiment,neutral,neutral
778,sentiment,neutral,neutral
791,sentiment,positive,positive
796,sentiment,negative,positive
809,sentiment,positive,positive
811,sentiment,positive,positive
816,sentiment,positive,positive
820,sentiment,neutral,neutral
821,sentiment,neutral,neutral
823,sentiment,positive,positive
828,sentiment,neutral,positive
829,sentiment,negative,negative
832,sentiment,neutral,neutral
837,sentiment,neutral,positive
841,sentiment,negative,negative
855,sentiment,neutral,positive
865,sentiment,positive,positive
907,sentiment,positive,positive
908,sentiment,neutral,positive
910,sentiment,positive,neutral
917,sentiment,negative,negative
920,sentiment,positive,negative
922,sentiment,neutral,neutral
938,sentiment,negative,neutral
940,sentiment,negative,negative
943,sentiment,positive,neutral
975,sentiment,positive,positive
987,sentiment,neutral,neutral
995,sentiment,neutral,negative
1007,sentiment,positive,positive
1013,sentiment,negative,negative
1018,sentiment,negative,negative
1026,sentiment,negative,negative
1033,sentiment,positive,positive
1064,sentiment,neutral,positive
1072,sentiment,positive,positive
1082,sentiment,neutral,positive
1088,sentiment,positive,positive
1091,sentiment,neutral,positive
1094,sentiment,positive,positive
1103,sentiment,positive,positive
1130,sentiment,positive,positive
1131,sentiment,neutral,neutral
1151,sentiment,neutral,neutral
1165,sentiment,positive,positive
1168,sentiment,positive,positive
1169,sentiment,positive,neutral
1178,sentiment,neutral,neutral
1180,sentiment,neutral,neutral
1185,sentiment,neutral,positive
1187,sentiment,neutral,neutral
1193,sentiment,positive,positive
1200,sentiment,neutral,positive
1206,sentiment,positive,positive
1212,sentiment,neutral,neutral
1218,sentiment,neutral,positive
1220,sentiment,negative,negative
1223,sentiment,negative,negative
1237,sentiment,neutral,positive
1243,sentiment,neutral,positive
1245,sentiment,neutral,negative
1249,sentiment,positive,negative
1251,sentiment,negative,neutral
1257,sentiment,negative,positive
1268,sentiment,negative,positive
1273,sentiment,positive,negative
1274,sentiment,neutral,positive
1292,sentiment,positive,negative
1294,sentiment,neutral,positive
1308,sentiment,neutral,positive
1312,sentiment,positive,positive
1319,sentiment,negative,negative
1325,sentiment,negative,negative
1332,sentiment,negative,negative
1336,sentiment,neutral,positive
1348,sentiment,negative,negative
1362,sentiment,negative,negative
1365,sentiment,positive,positive
1367,sentiment,negative,negative
1369,sentiment,negative,negative
1374,sentiment,neutral,neutral
1380,sentiment,negative,negative
1403,sentiment,negative,negative
1408,sentiment,negative,neutral
1411,sentiment,positive,neutral
1425,sentiment,positive,negative
1428,sentiment,negative,negative
1429,sentiment,negative,negative
1437,sentiment,positive,positive
1442,sentiment,positive,positive
1445,sentiment,neutral,neutral
1468,sentiment,neutral,neutral
1488,sentiment,positive,positive
1493,sentiment,neutral,neutral
1494,sentiment,positive,positive
1514,sentiment,neutral,negative
1517,sentiment,neutral,neutral
1523,sentiment,neutral,neutral
1530,sentiment,positive,positive
1533,sentiment,neutral,positive
1540,sentiment,neutral,neutral
1543,sentiment,negative,positive
1561,sentiment,neutral,negative
1568,sentiment,positive,negative
1594,sentiment,neutral,neutral
1604,sentiment,neutral,neutral
1622,sentiment,neutral,positive
1623,sentiment,neutral,neutral
1645,sentiment,negative,negative
1648,sentiment,positive,positive
1651,sentiment,neutral,positive
1657,sentiment,negative,negative
1661,sentiment,positive,neutral
1663,sentiment,negative,negative
1671,sentiment,negative,negative
1677,sentiment,negative,negative
1680,sentiment,positive,neutral
1681,sentiment,neutral,neutral
1700,sentiment,negative,negative
1702,sentiment,positive,positive
1706,sentiment,neutral,neutral
1715,sentiment,positive,positive
1722,sentiment,positive,positive
1728,sentiment,neutral,positive
1736,sentiment,positive,positive
1741,sentiment,positive,neutral
1742,sentiment,negative,positive
1751,sentiment,negative,negative
1753,sentiment,negative,positive
1761,sentiment,neutral,neutral
1776,sentiment,neutral,negative
1799,sentiment,positive,positive
1801,sentiment,neutral,neutral
1802,sentiment,negative,negative
1820,sentiment,neutral,positive
1822,sentiment,neutral,neutral
1823,sentiment,positive,positive
1825,sentiment,positive,positive
1827,sentiment,neutral,neutral
1849,sentiment,neutral,neutral
1860,sentiment,positive,negative
1862,sentiment,neutral,positive
1864,sentiment,neutral,neutral
1869,sentiment,neutral,positive
1887,sentiment,positive,positive
1894,sentiment,neutral,neutral
1898,sentiment,neutral,neutral
1904,sentiment,neutral,neutral
1906,sentiment,positive,positive
1928,sentiment,positive,positive
1931,sentiment,neutral,neutral
1933,sentiment,neutral,neutral
1936,sentiment,neutral,neutral
1948,sentiment,negative,negative
1956,sentiment,neutral,neutral
1959,sentiment,negative,positive
1962,sentiment,neutral,positive
1974,sentiment,neutral,negative
1980,sentiment,neutral,neutral
1987,sentiment,negative,negative
1990,sentiment,neutral,neutral
1991,sentiment,positive,negative
1993,sentiment,positive,positive
1997,sentiment,positive,positive
2000,sentiment,negative,negative
2009,sentiment,neutral,negative
2010,sentiment,positive,negative
2024,sentiment,positive,positive
2029,sentiment,neutral,neutral
2033,sentiment,positive,positive
2034,sentiment,negative,positive
2035,sentiment,neutral,positive
2037,sentiment,neutral,positive
2060,sentiment,positive,neutral
2092,sentiment,positive,positive
2101,sentiment,neutral,neutral
2102,sentiment,neutral,neutral
2126,sentiment,neutral,neutral
2129,sentiment,neutral,negative
2133,sentiment,positive,positive
2134,sentiment,positive,neutral
2136,sentiment,positive,negative
2147,sentiment,positive,positive
2161,sentiment,neutral,positive
2165,sentiment,neutral,neutral
2172,sentiment,positive,positive
2176,sentiment,neutral,neutral
2194,sentiment,negative,negative
2195,sentiment,positive,neutral
2223,sentiment,negative,positive
2224,sentiment,negative,neutral
2228,sentiment,neutral,neutral
2236,sentiment,neutral,positive
2241,sentiment,positive,neutral
2247,sentiment,negative,negative
2257,sentiment,positive,positive
2260,sentiment,neutral,neutral
2269,sentiment,neutral,neutral
2293,sentiment,neutral,neutral
2308,sentiment,negative,negative
2311,sentiment,negative,neutral
2328,sentiment,positive,positive
2337,sentiment,neutral,positive
2340,sentiment,neutral,neutral
2342,sentiment,neutral,positive
2350,sentiment,neutral,neutral
2368,sentiment,negative,positive
2374,sentiment,neutral,neutral
2383,sentiment,neutral,negative
2396,sentiment,neutral,neutral
2408,sentiment,positive,neutral
2419,sentiment,negative,negative
2420,sentiment,negative,negative
2431,sentiment,positive,positive
2450,sentiment,positive,positive
2462,sentiment,positive,positive
2466,sentiment,negative,neutral
2471,sentiment,positive,positive
2481,sentiment,neutral,positive
2489,sentiment,positive,neutral
2492,sentiment,positive,positive
2498,sentiment,neutral,neutral
2499,sentiment,positive,positive
2503,sentiment,negative,negative
2513,sentiment,positive,positive
2526,sentiment,positive,positive
2529,sentiment,positive,positive
2535,sentiment,neutral,neutral
2536,sentiment,neutral,neutral
2548,sentiment,positive,positive
2557,sentiment,neutral,neutral
2558,sentiment,positive,neutral
2564,sentiment,neutral,neutral
2568,sentiment,positive,positive
2572,sentiment,positive,positive
2573,sentiment,positive,positive
2586,sentiment,neutral,neutral
2596,sentiment,negative,negative
2599,sentiment,positive,positive
2603,sentiment,neutral,neutral
2606,sentiment,negative,negative
2609,sentiment,neutral,neutral
2615,sentiment,neutral,neutral
2627,sentiment,negative,negative
2630,sentiment,neutral,positive
2633,sentiment,neutral,neutral
2644,sentiment,positive,positive
2645,sentiment,positive,positive
2646,sentiment,negative,negative
2649,sentiment,positive,neutral
2655,sentiment,negative,negative
2657,sentiment,neutral,positive
2682,sentiment,positive,positive
2688,sentiment,neutral,neutral
2693,sentiment,negative,negative
2701,sentiment,neutral,neutral
2708,sentiment,positive,neutral
2718,sentiment,negative,negative
2738,sentiment,positive,positive
2741,sentiment,neutral,positive
2742,sentiment,neutral,neutral
2743,sentiment,positive,positive
2753,sentiment,neutral,neutral
2755,sentiment,neutral,neutral
2757,sentiment,positive,positive
2774,sentiment,neutral,neutral
2775,sentiment,neutral,positive
2801,sentiment,positive,positive
2813,sentiment,positive,neutral
2815,sentiment,positive,positive
2819,sentiment,positive,positive
2827,sentiment,neutral,positive
2863,sentiment,neutral,neutral
2870,sentiment,neutral,positive
2877,sentiment,positive,negative
2879,sentiment,negative,negative
2889,sentiment,positive,positive
2896,sentiment,neutral,neutral
2897,sentiment,neutral,negative
2901,sentiment,neutral,neutral
2934,sentiment,positive,positive
2936,sentiment,positive,neutral
2938,sentiment,neutral,neutral
2941,sentiment,neutral,negative
2950,sentiment,positive,negative
2954,sentiment,positive,negative
2973,sentiment,negative,negative
2979,sentiment,positive,neutral
2983,sentiment,positive,positive
2985,sentiment,negative,negative
2990,sentiment,positive,positive
2995,sentiment,negative,negative
3013,sentiment,positive,positive
3016,sentiment,neutral,neutral
3019,sentiment,neutral,positive
3021,sentiment,neutral,positive
3026,sentiment,positive,positive
3028,sentiment,positive,positive
3035,sentiment,neutral,neutral
3039,sentiment,neutral,neutral
3041,sentiment,neutral,neutral
3048,sentiment,neutral,negative
3052,sentiment,negative,negative
3062,sentiment,neutral,negative
3065,sentiment,neutral,positive
3066,sentiment,neutral,neutral
3074,sentiment,positive,positive
3075,sentiment,positive,positive
3080,sentiment,neutral,neutral
3094,sentiment,neutral,neutral
3097,sentiment,neutral,neutral
3100,sentiment,negative,positive
3141,sentiment,neutral,positive
3149,sentiment,positive,positive
3152,sentiment,positive,positive
3165,sentiment,neutral,neutral
3171,sentiment,positive,positive
3172,sentiment,positive,positive
3180,sentiment,positive,positive
3182,sentiment,positive,positive
3185,sentiment,positive,positive
3189,sentiment,neutral,positive
3200,sentiment,positive,positive
3209,sentiment,positive,neutral
3215,sentiment,positive,positive
3219,sentiment,neutral,neutral
3224,sentiment,neutral,neutral
3227,sentiment,neutral,neutral
3228,sentiment,negative,negative
3236,sentiment,neutral,neutral
3240,sentiment,neutral,neutral
3242,sentiment,positive,positive
3243,sentiment,neutral,neutral
3251,sentiment,neutral,neutral
3259,sentiment,neutral,neutral
3263,sentiment,neutral,neutral
3264,sentiment,positive,positive
3280,sentiment,neutral,neutral
3296,sentiment,neutral,neutral
3341,sentiment,positive,positive
3346,sentiment,neutral,negative
3353,sentiment,neutral,neutral
3360,sentiment,positive,positive
3361,sentiment,positive,negative
3364,sentiment,neutral,negative
3369,sentiment,positive,positive
3371,sentiment,negative,negative
3377,sentiment,positive,positive
3381,sentiment,positive,positive
3382,sentiment,negative,negative
3384,sentiment,neutral,neutral
3392,sentiment,neutral,neutral
3393,sentiment,positive,positive
3411,sentiment,neutral,neutral
3419,sentiment,neutral,neutral
3421,sentiment,negative,positive
3422,sentiment,negative,negative
3428,sentiment,negative,neutral
3432,sentiment,positive,neutral
3438,sentiment,neutral,neutral
3444,sentiment,positive,positive
3445,sentiment,positive,positive
3447,sentiment,neutral,neutral
3458,sentiment,neutral,positive
3607,sentiment,negative,negative
3620,sentiment,positive,positive
3640,sentiment,positive,positive
3647,sentiment,neutral,neutral
3648,sentiment,positive,positive
3656,sentiment,positive,positive
3666,sentiment,positive,positive
3675,sentiment,neutral,neutral
3688,sentiment,positive,positive
3690,sentiment,neutral,neutral
3695,sentiment,neutral,neutral
3708,sentiment,neutral,positive
3712,sentiment,positive,positive
3721,sentiment,positive,positive
3740,sentiment,positive,positive
3741,sentiment,positive,positive
3752,sentiment,neutral,positive
3754,sentiment,positive,positive
3757,sentiment,neutral,positive
3766,sentiment,neutral,neutral
3770,sentiment,neutral,neutral
3791,sentiment,positive,neutral
3803,sentiment,negative,negative
3821,sentiment,positive,neutral
3825,sentiment,positive,positive
3837,sentiment,neutral,positive
3867,sentiment,negative,negative
3870,sentiment,neutral,negative
3894,sentiment,positive,positive
3908,sentiment,negative,positive
3912,sentiment,neutral,positive
3920,sentiment,neutral,positive
3924,sentiment,positive,positive
3926,sentiment,negative,negative
3928,sentiment,neutral,negative
3937,sentiment,neutral,neutral
3949,sentiment,neutral,neutral
3952,sentiment,negative,negative
3964,sentiment,neutral,neutral
3978,sentiment,negative,positive
3980,sentiment,positive,positive
3987,sentiment,neutral,neutral
3989,sentiment,positive,positive
3992,sentiment,positive,positive
4006,sentiment,neutral,neutral
4015,sentiment,neutral,neutral
4016,sentiment,neutral,positive
4026,sentiment,neutral,neutral
4027,sentiment,neutral,neutral
4035,sentiment,neutral,neutral
4065,sentiment,positive,positive
4075,sentiment,neutral,neutral
4081,sentiment,positive,positive
4091,sentiment,neutral,negative
4092,sentiment,neutral,neutral
4102,sentiment,positive,positive
4112,sentiment,positive,positive
4119,sentiment,negative,negative
4122,sentiment,positive,positive
4126,sentiment,negative,negative
4127,sentiment,positive,positive
4133,sentiment,negative,negative
4139,sentiment,neutral,positive
4158,sentiment,negative,negative
4166,sentiment,negative,negative
4172,sentiment,negative,negative
4176,sentiment,negative,neutral
4181,sentiment,neutral,negative
4185,sentiment,neutral,neutral
4190,sentiment,positive,positive
4194,sentiment,negative,negative
4201,sentiment,negative,negative
4208,sentiment,neutral,negative
4211,sentiment,positive,positive
4214,sentiment,neutral,positive
4221,sentiment,negative,negative
4227,sentiment,negative,neutral
4228,sentiment,neutral,neutral
4236,sentiment,positive,neutral
4240,sentiment,neutral,neutral
4245,sentiment,neutral,neutral
4249,sentiment,neutral,neutral
4250,sentiment,positive,neutral
4253,sentiment,neutral,neutral
4255,sentiment,neutral,negative
4262,sentiment,neutral,negative
4265,sentiment,positive,positive
4268,sentiment,neutral,neutral
4269,sentiment,neutral,neutral
4273,sentiment,neutral,neutral
4275,sentiment,negative,negative
4276,sentiment,neutral,negative
4292,sentiment,neutral,neutral
4303,sentiment,neutral,neutral
4316,sentiment,neutral,neutral
4326,sentiment,positive,positive
4346,sentiment,positive,positive
4350,sentiment,positive,positive
4358,sentiment,positive,positive
4359,sentiment,positive,positive
4367,sentiment,neutral,negative
4368,sentiment,positive,positive
4378,sentiment,positive,positive
4379,sentiment,positive,positive
4387,sentiment,neutral,neutral
4388,sentiment,positive,positive
4402,sentiment,positive,positive
4408,sentiment,positive,positive
4409,sentiment,positive,positive
4410,sentiment,positive,positive
4414,sentiment,neutral,neutral
4417,sentiment,neutral,neutral
4430,sentiment,negative,negative
4438,sentiment,neutral,neutral
4447,sentiment,positive,positive
4465,sentiment,positive,positive
4470,sentiment,positive,positive
4476,sentiment,neutral,neutral
4500,sentiment,positive,positive
4503,sentiment,neutral,neutral
4507,sentiment,positive,positive
4509,sentiment,positive,positive
4510,sentiment,positive,positive
4514,sentiment,positive,neutral
4515,sentiment,negative,positive
4516,sentiment,neutral,positive
4520,sentiment,neutral,neutral
4522,sentiment,neutral,negative
4524,sentiment,neutral,negative
4529,sentiment,neutral,neutral
4549,sentiment,neutral,neutral
4550,sentiment,neutral,positive
4555,sentiment,neutral,neutral
4560,sentiment,positive,positive
4561,sentiment,negative,negative
4575,sentiment,neutral,neutral
4616,sentiment,positive,neutral
4629,sentiment,positive,negative
4634,sentiment,neutral,negative
4642,sentiment,negative,negative
4656,sentiment,positive,positive
4660,sentiment,positive,positive
4663,sentiment,neutral,positive
4683,sentiment,positive,positive
4686,sentiment,positive,positive
4696,sentiment,positive,positive
4698,sentiment,neutral,positive
4699,sentiment,neutral,positive
4700,sentiment,positive,negative
4729,sentiment,neutral,positive
4732,sentiment,neutral,neutral
4742,sentiment,neutral,neutral
4743,sentiment,neutral,neutral
4761,sentiment,positive,positive
4765,sentiment,positive,positive
4778,sentiment,neutral,negative
4791,sentiment,neutral,neutral
4792,sentiment,neutral,negative
4800,sentiment,positive,positive
4811,sentiment,neutral,neutral
4815,sentiment,neutral,neutral
4817,sentiment,neutral,neutral
4821,sentiment,neutral,neutral
4830,sentiment,neutral,positive
4836,sentiment,neutral,neutral
4838,sentiment,neutral,neutral
4843,sentiment,neutral,neutral
4855,sentiment,neutral,negative
4860,sentiment,neutral,negative
4867,sentiment,neutral,neutral
4869,sentiment,neutral,negative
4878,sentiment,neutral,negative
4880,sentiment,neutral,neutral
4917,sentiment,neutral,neutral
4920,sentiment,neutral,neutral
4922,sentiment,neutral,positive
4927,sentiment,neutral,positive
4934,sentiment,neutral,negative
4936,sentiment,neutral,neutral
4946,sentiment,neutral,neutral
4949,sentiment,neutral,neutral
4951,sentiment,positive,positive
4960,sentiment,neutral,neutral
4962,sentiment,positive,positive
4963,sentiment,positive,positive
4973,sentiment,neutral,negative
4974,sentiment,neutral,positive
4990,sentiment,positive,positive
4991,sentiment,neutral,neutral
5004,sentiment,neutral,negative
5007,sentiment,positive,positive
5009,sentiment,neutral,neutral
5039,sentiment,neutral,neutral
5051,sentiment,positive,positive
5069,sentiment,neutral,neutral
5072,sentiment,neutral,neutral
5081,sentiment,neutral,neutral
5094,sentiment,positive,positive
5095,sentiment,neutral,positive
5099,sentiment,positive,positive
5102,sentiment,neutral,neutral
5108,sentiment,positive,positive
5119,sentiment,neutral,neutral
5125,sentiment,neutral,negative
5132,sentiment,neutral,neutral
5134,sentiment,neutral,neutral
5152,sentiment,neutral,neutral
5161,sentiment,neutral,positive
5174,sentiment,positive,positive
5194,sentiment,positive,positive
5197,sentiment,positive,positive
5199,sentiment,neutral,neutral
5210,sentiment,neutral,neutral
5211,sentiment,neutral,neutral
5216,sentiment,positive,positive
5218,sentiment,positive,positive
5224,sentiment,positive,positive
5231,sentiment,positive,positive
5251,sentiment,positive,positive
5254,sentiment,positive,positive
5270,sentiment,positive,positive
5278,sentiment,positive,positive
5285,sentiment,positive,positive
5305,sentiment,positive,positive
5308,sentiment,neutral,negative
5311,sentiment,positive,positive
5321,sentiment,neutral,negative
5324,sentiment,neutral,neutral
5325,sentiment,neutral,neutral
5328,sentiment,neutral,positive
5342,sentiment,neutral,neutral
5346,sentiment,positive,positive
5355,sentiment,positive,positive
5358,sentiment,positive,positive
5360,sentiment,positive,positive
5362,sentiment,negative,negative
5365,sentiment,positive,positive
5382,sentiment,neutral,neutral
5395,sentiment,positive,positive
5396,sentiment,positive,positive
5399,sentiment,neutral,neutral
5409,sentiment,positive,positive
5410,sentiment,neutral,neutral
5417,sentiment,positive,positive
5419,sentiment,neutral,neutral
5423,sentiment,positive,positive
5433,sentiment,positive,positive
5440,sentiment,positive,positive
5441,sentiment,positive,positive
5453,sentiment,neutral,neutral
5456,sentiment,neutral,neutral
5471,sentiment,neutral,neutral
5488,sentiment,positive,positive
5494,sentiment,neutral,neutral
5500,sentiment,positive,positive
5501,sentiment,positive,positive
5504,sentiment,neutral,positive
5511,sentiment,positive,positive
5524,sentiment,neutral,positive
5533,sentiment,neutral,neutral
5536,sentiment,neutral,neutral
5558,sentiment,positive,positive
5560,sentiment,positive,positive
5563,sentiment,negative,negative
5594,sentiment,positive,positive
5599,sentiment,positive,positive
5605,sentiment,positive,positive
5619,sentiment,positive,positive
5632,sentiment,positive,positive
5638,sentiment,negative,negative
5639,sentiment,neutral,positive
5645,sentiment,positive,positive
5649,sentiment,neutral,neutral
5650,sentiment,positive,positive
5653,sentiment,positive,positive
5658,sentiment,positive,positive
5661,sentiment,positive,neutral
5663,sentiment,neutral,neutral
5666,sentiment,positive,positive
5670,sentiment,positive,positive
5671,sentiment,neutral,neutral
5672,sentiment,neutral,neutral
5680,sentiment,neutral,neutral
5687,sentiment,neutral,neutral
5691,sentiment,positive,positive
5697,sentiment,neutral,neutral
5705,sentiment,positive,positive
5708,sentiment,positive,positive
5710,sentiment,positive,positive
5714,sentiment,negative,negative
5719,sentiment,positive,positive
5721,sentiment,positive,positive
5744,sentiment,positive,positive
5745,sentiment,neutral,neutral
5747,sentiment,positive,positive
5766,sentiment,positive,positive
5767,sentiment,negative,negative
5786,sentiment,positive,positive
5790,sentiment,neutral,neutral
5795,sentiment,positive,positive
5797,sentiment,neutral,negative
5801,sentiment,positive,positive
5811,sentiment,positive,positive
5822,sentiment,positive,positive
5848,sentiment,positive,positive
5852,sentiment,positive,positive
5858,sentiment,neutral,neutral
5860,sentiment,positive,positive
5866,sentiment,neutral,neutral
5876,sentiment,positive,positive
5883,sentiment,negative,negative
5885,sentiment,positive,positive
5898,sentiment,positive,positive
5899,sentiment,neutral,neutral
5922,sentiment,positive,positive
5937,sentiment,positive,positive
5941,sentiment,positive,positive
5942,sentiment,positive,positive
5945,sentiment,positive,positive
5962,sentiment,positive,positive
5963,sentiment,positive,positive
5964,sentiment,positive,positive
5968,sentiment,neutral,neutral
5969,sentiment,neutral,neutral
5982,sentiment,positive,positive
5985,sentiment,positive,positive
5998,sentiment,positive,positive
6004,sentiment,neutral,neutral
6011,sentiment,positive,positive
6017,sentiment,positive,positive
6018,sentiment,positive,positive
6027,sentiment,positive,positive
6037,sentiment,neutral,neutral
6038,sentiment,positive,positive
6045,sentiment,positive,positive
6048,sentiment,positive,positive
6050,sentiment,positive,positive
6051,sentiment,positive,positive
6053,sentiment,positive,positive
6056,sentiment,positive,positive
6076,sentiment,positive,positive
6103,sentiment,positive,positive
6110,sentiment,positive,positive
6124,sentiment,neutral,neutral
6125,sentiment,positive,neutral
6126,sentiment,positive,positive
6127,sentiment,neutral,neutral
6132,sentiment,neutral,neutral
6140,sentiment,positive,positive
6142,sentiment,positive,positive
6148,sentiment,neutral,neutral
6152,sentiment,neutral,neutral
6157,sentiment,neutral,neutral
6161,sentiment,positive,positive
6169,sentiment,negative,negative
6191,sentiment,neutral,neutral
6197,sentiment,neutral,neutral
6204,sentiment,neutral,neutral
6205,sentiment,neutral,neutral
6214,sentiment,positive,positive
6218,sentiment,neutral,neutral
6219,sentiment,neutral,neutral
6222,sentiment,neutral,neutral
6232,sentiment,positive,positive
6233,sentiment,positive,positive
6236,sentiment,positive,positive
6237,sentiment,neutral,neutral
6238,sentiment,positive,positive
6241,sentiment,neutral,neutral
6250,sentiment,neutral,neutral
6279,sentiment,neutral,neutral
6287,sentiment,neutral,neutral
6311,sentiment,positive,negative
6313,sentiment,neutral,neutral
6323,sentiment,positive,positive
6351,sentiment,positive,positive
6359,sentiment,positive,neutral
6366,sentiment,neutral,neutral
6369,sentiment,positive,positive
6375,sentiment,neutral,neutral
6379,sentiment,neutral,neutral
6381,sentiment,negative,negative
6402,sentiment,neutral,neutral
6416,sentiment,neutral,neutral
6419,sentiment,neutral,neutral
6421,sentiment,neutral,neutral
6426,sentiment,neutral,neutral
6431,sentiment,neutral,neutral
6432,sentiment,neutral,neutral
6441,sentiment,neutral,neutral
6443,sentiment,neutral,neutral
6446,sentiment,neutral,neutral
6458,sentiment,neutral,neutral
6461,sentiment,positive,positive
6478,sentiment,neutral,neutral
6493,sentiment,neutral,neutral
6508,sentiment,neutral,neutral
6517,sentiment,neutral,neutral
6519,sentiment,positive,positive
6547,sentiment,positive,positive
6549,sentiment,neutral,neutral
6554,sentiment,neutral,neutral
6559,sentiment,neutral,neutral
6561,sentiment,neutral,neutral
6564,sentiment,neutral,neutral
6573,sentiment,negative,negative
6581,sentiment,neutral,neutral
6582,sentiment,positive,neutral
6585,sentiment,neutral,neutral
6596,sentiment,neutral,neutral
6600,sentiment,neutral,neutral
6602,sentiment,positive,positive
6606,sentiment,neutral,neutral
6614,sentiment,positive,positive
6627,sentiment,neutral,positive
6630,sentiment,neutral,neutral
6631,sentiment,neutral,neutral
6639,sentiment,neutral,neutral
6652,sentiment,neutral,neutral
6657,sentiment,neutral,neutral
6694,sentiment,neutral,positive
6696,sentiment,neutral,neutral
6712,sentiment,positive,positive
6721,sentiment,neutral,neutral
6730,sentiment,neutral,neutral
6732,sentiment,neutral,neutral
6747,sentiment,positive,positive
6749,sentiment,neutral,neutral
6751,sentiment,neutral,neutral
6759,sentiment,neutral,neutral
6768,sentiment,neutral,neutral
6771,sentiment,neutral,neutral
6772,sentiment,neutral,neutral
6780,sentiment,neutral,neutral
6793,sentiment,positive,positive
6797,sentiment,positive,positive
6807,sentiment,neutral,neutral
6814,sentiment,neutral,neutral
6820,sentiment,positive,positive
6837,sentiment,neutral,neutral
6852,sentiment,neutral,neutral
6855,sentiment,positive,positive
6869,sentiment,neutral,neutral
6872,sentiment,neutral,neutral
6874,sentiment,neutral,neutral
6894,sentiment,positive,positive
6896,sentiment,positive,neutral
6905,sentiment,neutral,neutral
6906,sentiment,neutral,neutral
6911,sentiment,neutral,neutral
6913,sentiment,neutral,neutral
6918,sentiment,neutral,neutral
6924,sentiment,neutral,neutral
6928,sentiment,neutral,neutral
6930,sentiment,neutral,neutral
6934,sentiment,neutral,neutral
6935,sentiment,negative,negative
6949,sentiment,neutral,neutral
6963,sentiment,neutral,neutral
6964,sentiment,neutral,neutral
6986,sentiment,neutral,neutral
6995,sentiment,neutral,neutral
7007,sentiment,neutral,neutral
7019,sentiment,neutral,neutral
7036,sentiment,neutral,neutral
7037,sentiment,neutral,neutral
7045,sentiment,neutral,neutral
7063,sentiment,positive,positive
7066,sentiment,neutral,neutral
7082,sentiment,neutral,neutral
7094,sentiment,neutral,neutral
7095,sentiment,neutral,neutral
7105,sentiment,neutral,neutral
7109,sentiment,neutral,neutral
7110,sentiment,neutral,neutral
7114,sentiment,neutral,neutral
7119,sentiment,neutral,neutral
7120,sentiment,neutral,neutral
7124,sentiment,positive,positive
7131,sentiment,positive,positive
7141,sentiment,neutral,neutral
7151,sentiment,neutral,neutral
7177,sentiment,neutral,neutral
7185,sentiment,neutral,neutral
7203,sentiment,positive,positive
7207,sentiment,neutral,neutral
7215,sentiment,positive,positive
7225,sentiment,neutral,neutral
7232,sentiment,positive,positive
7243,sentiment,positive,neutral
7244,sentiment,neutral,neutral
7248,sentiment,neutral,positive
7262,sentiment,positive,positive
7275,sentiment,positive,positive
7291,sentiment,neutral,neutral
7298,sentiment,neutral,neutral
7301,sentiment,neutral,neutral
7305,sentiment,neutral,neutral
7307,sentiment,positive,positive
7313,sentiment,neutral,neutral
7319,sentiment,neutral,neutral
7320,sentiment,neutral,neutral
7332,sentiment,positive,positive
7345,sentiment,neutral,neutral
7347,sentiment,neutral,neutral
7350,sentiment,neutral,neutral
7376,sentiment,neutral,neutral
7379,sentiment,neutral,neutral
7380,sentiment,negative,positive
7389,sentiment,positive,positive
7391,sentiment,neutral,neutral
7400,sentiment,neutral,neutral
7403,sentiment,positive,positive
7404,sentiment,neutral,neutral
7411,sentiment,positive,positive
7419,sentiment,neutral,positive
7420,sentiment,positive,positive
7421,sentiment,positive,positive
7429,sentiment,neutral,neutral
7438,sentiment,neutral,neutral
7445,sentiment,neutral,neutral
7447,sentiment,neutral,neutral
7452,sentiment,positive,positive
7454,sentiment,neutral,neutral
7461,sentiment,positive,positive
7469,sentiment,neutral,neutral
7472,sentiment,neutral,neutral
7493,sentiment,neutral,neutral
7495,sentiment,neutral,neutral
7501,sentiment,neutral,neutral
7508,sentiment,neutral,neutral
7522,sentiment,positive,positive
7545,sentiment,neutral,neutral
7546,sentiment,neutral,neutral
7549,sentiment,neutral,neutral
7551,sentiment,positive,positive
7562,sentiment,neutral,neutral
7563,sentiment,neutral,neutral
7570,sentiment,negative,negative
7573,sentiment,neutral,positive
7586,sentiment,neutral,neutral
7591,sentiment,positive,positive
7594,sentiment,neutral,neutral
7597,sentiment,neutral,neutral
7609,sentiment,neutral,neutral
7611,sentiment,neutral,neutral
7613,sentiment,positive,positive
7616,sentiment,neutral,neutral
7635,sentiment,neutral,neutral
7636,sentiment,neutral,neutral
7641,sentiment,neutral,neutral
7654,sentiment,neutral,neutral
7658,sentiment,positive,positive
7660,sentiment,neutral,neutral
7664,sentiment,neutral,neutral
7674,sentiment,neutral,neutral
7681,sentiment,neutral,neutral
7686,sentiment,neutral,neutral
7688,sentiment,positive,positive
7689,sentiment,neutral,neutral
7717,sentiment,neutral,neutral
7721,sentiment,neutral,neutral
7737,sentiment,positive,positive
7738,sentiment,neutral,neutral
7740,sentiment,neutral,neutral
7745,sentiment,positive,positive
10275,sentiment,positive,neutral
10280,sentiment,positive,neutral
10288,sentiment,neutral,positive
10302,sentiment,neutral,neutral
10306,sentiment,neutral,neutral
10327,sentiment,positive,neutral
10342,sentiment,neutral,neutral
10343,sentiment,positive,positive
10357,sentiment,neutral,neutral
10370,sentiment,positive,positive
10390,sentiment,positive,neutral
10398,sentiment,positive,neutral
10401,sentiment,neutral,neutral
10405,sentiment,positive,neutral
10452,sentiment,neutral,neutral
10458,sentiment,positive,neutral
10464,sentiment,neutral,positive
10480,sentiment,negative,negative
10488,sentiment,neutral,neutral
10495,sentiment,neutral,neutral
10507,sentiment,neutral,neutral
10521,sentiment,positive,neutral
10527,sentiment,neutral,neutral
10537,sentiment,neutral,neutral
10572,sentiment,positive,positive
10585,sentiment,neutral,neutral
10619,sentiment,neutral,neutral
10635,sentiment,positive,positive
10650,sentiment,neutral,neutral
10660,sentiment,neutral,neutral
10672,sentiment,neutral,neutral
10689,sentiment,neutral,neutral
10691,sentiment,neutral,neutral
10694,sentiment,neutral,neutral
10706,sentiment,neutral,neutral
10718,sentiment,neutral,neutral
10736,sentiment,neutral,neutral
10754,sentiment,neutral,neutral
10763,sentiment,neutral,neutral
10765,sentiment,neutral,neutral
10766,sentiment,positive,positive
10802,sentiment,neutral,neutral
10810,sentiment,neutral,neutral
10818,sentiment,neutral,neutral
10844,sentiment,positive,positive
10856,sentiment,neutral,neutral
10869,sentiment,positive,positive
10892,sentiment,neutral,neutral
10897,sentiment,positive,neutral
10903,sentiment,positive,positive
10926,sentiment,neutral,neutral
10941,sentiment,positive,positive
10945,sentiment,positive,neutral
10954,sentiment,neutral,neutral
10955,sentiment,neutral,neutral
10963,sentiment,neutral,neutral
10966,sentiment,positive,positive
10969,sentiment,neutral,neutral
10977,sentiment,neutral,negative
10984,sentiment,neutral,neutral
10988,sentiment,neutral,neutral
11008,sentiment,positive,positive
11010,sentiment,neutral,neutral
11060,sentiment,positive,positive
11064,sentiment,positive,positive
11067,sentiment,neutral,positive
11071,sentiment,positive,positive
11098,sentiment,neutral,neutral
11127,sentiment,positive,positive
11131,sentiment,neutral,neutral
11135,sentiment,neutral,neutral
11143,sentiment,neutral,neutral
11167,sentiment,positive,positive
11180,sentiment,neutral,neutral
11186,sentiment,neutral,neutral
11189,sentiment,neutral,neutral
11202,sentiment,positive,positive
11242,sentiment,positive,positive
11246,sentiment,neutral,neutral
11253,sentiment,neutral,negative
11254,sentiment,neutral,neutral
11255,sentiment,positive,positive
11263,sentiment,positive,positive
11278,sentiment,neutral,neutral
11301,sentiment,neutral,neutral
11304,sentiment,positive,positive
11319,sentiment,neutral,neutral
11322,sentiment,neutral,positive
11331,sentiment,neutral,neutral
11335,sentiment,neutral,neutral
11338,sentiment,neutral,neutral
11350,sentiment,neutral,neutral
11366,sentiment,neutral,neutral
11395,sentiment,neutral,neutral
11407,sentiment,neutral,neutral
11428,sentiment,neutral,neutral
11441,sentiment,positive,neutral
11460,sentiment,positive,positive
11461,sentiment,neutral,neutral
11477,sentiment,neutral,neutral
11488,sentiment,neutral,neutral
11490,sentiment,positive,positive
11500,sentiment,neutral,neutral
11505,sentiment,neutral,neutral
11515,sentiment,positive,positive
11542,sentiment,positive,positive
11547,sentiment,neutral,neutral
11550,sentiment,neutral,neutral
11551,sentiment,neutral,neutral
11553,sentiment,neutral,neutral
11560,sentiment,neutral,neutral
11566,sentiment,neutral,neutral
11587,sentiment,neutral,neutral
11602,sentiment,neutral,positive
11606,sentiment,neutral,positive
11623,sentiment,neutral,neutral
11638,sentiment,neutral,neutral
11640,sentiment,neutral,neutral
11659,sentiment,neutral,neutral
11662,sentiment,neutral,neutral
11664,sentiment,neutral,positive
11668,sentiment,neutral,positive
11670,sentiment,neutral,neutral
11673,sentiment,neutral,neutral
11675,sentiment,neutral,neutral
11685,sentiment,neutral,neutral
11690,sentiment,neutral,neutral
11710,sentiment,positive,positive
11712,sentiment,positive,positive
11715,sentiment,neutral,neutral
11737,sentiment,positive,positive
11758,sentiment,neutral,neutral
11773,sentiment,positive,positive
11785,sentiment,neutral,neutral
11793,sentiment,neutral,neutral
11794,sentiment,positive,positive
11796,sentiment,neutral,neutral
11803,sentiment,positive,positive
11805,sentiment,neutral,neutral
11818,sentiment,neutral,neutral
11829,sentiment,neutral,neutral
11836,sentiment,neutral,neutral
11852,sentiment,neutral,neutral
11855,sentiment,neutral,neutral
11862,sentiment,positive,positive
11870,sentiment,neutral,neutral
11889,sentiment,positive,positive
11890,sentiment,neutral,neutral
11898,sentiment,positive,positive
11899,sentiment,positive,positive
11905,sentiment,neutral,neutral
11908,sentiment,neutral,neutral
11910,sentiment,neutral,positive
11911,sentiment,neutral,neutral
11917,sentiment,neutral,neutral
11921,sentiment,neutral,neutral
11930,sentiment,neutral,negative
11931,sentiment,positive,positive
11934,sentiment,neutral,positive
11944,sentiment,neutral,neutral
11959,sentiment,neutral,positive
11960,sentiment,positive,positive
11962,sentiment,positive,positive
11970,sentiment,neutral,neutral
11981,sentiment,neutral,neutral
11999,sentiment,neutral,neutral
12006,sentiment,neutral,neutral
12008,sentiment,positive,positive
12021,sentiment,neutral,positive
12034,sentiment,neutral,neutral
12046,sentiment,neutral,neutral
12052,sentiment,positive,positive
12079,sentiment,neutral,neutral
12083,sentiment,neutral,neutral
12106,sentiment,neutral,neutral
12111,sentiment,neutral,neutral
12114,sentiment,positive,positive
12120,sentiment,neutral,neutral
12124,sentiment,positive,positive
12129,sentiment,neutral,positive
12144,sentiment,positive,positive
12146,sentiment,neutral,neutral
12171,sentiment,neutral,neutral
12179,sentiment,neutral,neutral
12196,sentiment,neutral,neutral
12201,sentiment,neutral,neutral
12214,sentiment,neutral,neutral
12218,sentiment,positive,positive
12221,sentiment,neutral,neutral
12228,sentiment,neutral,neutral
12233,sentiment,neutral,neutral
12306,sentiment,neutral,neutral
12309,sentiment,neutral,neutral
12312,sentiment,neutral,neutral
12331,sentiment,neutral,positive
12343,sentiment,neutral,positive
12344,sentiment,neutral,neutral
12361,sentiment,neutral,neutral
12370,sentiment,neutral,neutral
12371,sentiment,neutral,neutral
12373,sentiment,neutral,neutral
12376,sentiment,neutral,neutral
12392,sentiment,neutral,neutral
12405,sentiment,positive,positive
12407,sentiment,neutral,neutral
12413,sentiment,neutral,neutral
12417,sentiment,neutral,neutral
12427,sentiment,neutral,neutral
12432,sentiment,neutral,neutral
12438,sentiment,neutral,neutral
12444,sentiment,positive,positive
12500,sentiment,neutral,neutral
12503,sentiment,neutral,positive
12510,sentiment,neutral,neutral
12516,sentiment,neutral,neutral
12523,sentiment,neutral,neutral
12525,sentiment,neutral,neutral
12526,sentiment,neutral,neutral
12530,sentiment,positive,positive
12561,sentiment,neutral,neutral
12567,sentiment,positive,positive
12570,sentiment,neutral,neutral
12579,sentiment,neutral,neutral
12589,sentiment,neutral,neutral
12598,sentiment,neutral,neutral
12612,sentiment,neutral,neutral
12616,sentiment,neutral,neutral
12624,sentiment,positive,positive
12650,sentiment,neutral,neutral
12653,sentiment,neutral,neutral
12659,sentiment,neutral,positive
12667,sentiment,neutral,neutral
12688,sentiment,neutral,neutral
12703,sentiment,neutral,neutral
12704,sentiment,positive,neutral
12708,sentiment,neutral,neutral
12732,sentiment,neutral,neutral
12736,sentiment,neutral,neutral
12741,sentiment,neutral,neutral
12757,sentiment,neutral,neutral
12758,sentiment,positive,positive
12763,sentiment,neutral,neutral
12773,sentiment,neutral,neutral
12786,sentiment,positive,positive
12787,sentiment,positive,positive
12791,sentiment,positive,positive
12806,sentiment,neutral,neutral
12827,sentiment,neutral,neutral
12831,sentiment,neutral,neutral
12839,sentiment,neutral,neutral
12869,sentiment,neutral,neutral
12883,sentiment,positive,positive
12888,sentiment,neutral,neutral
12900,sentiment,neutral,neutral
12910,sentiment,positive,positive
12919,sentiment,neutral,neutral
12921,sentiment,neutral,neutral
12923,sentiment,neutral,neutral
12927,sentiment,positive,positive
12959,sentiment,positive,positive
12960,sentiment,neutral,neutral
12968,sentiment,neutral,neutral
12979,sentiment,neutral,neutral
12999,sentiment,positive,positive
13010,sentiment,neutral,neutral
13012,sentiment,neutral,neutral
13031,sentiment,neutral,neutral
13035,sentiment,neutral,neutral
13044,sentiment,neutral,neutral
13052,sentiment,neutral,neutral
13057,sentiment,neutral,neutral
13077,sentiment,neutral,neutral
13083,sentiment,neutral,neutral
13092,sentiment,negative,negative
13095,sentiment,neutral,neutral
13101,sentiment,positive,positive
13117,sentiment,neutral,positive
13128,sentiment,neutral,neutral
13167,sentiment,positive,positive
13176,sentiment,neutral,neutral
13181,sentiment,neutral,neutral
13199,sentiment,neutral,neutral
13203,sentiment,neutral,neutral
13207,sentiment,neutral,neutral
13227,sentiment,neutral,positive
13248,sentiment,positive,positive
13256,sentiment,positive,positive
13262,sentiment,neutral,neutral
13263,sentiment,neutral,neutral
13284,sentiment,neutral,neutral
13311,sentiment,positive,positive
13314,sentiment,neutral,neutral
13319,sentiment,positive,positive
13322,sentiment,neutral,neutral
13332,sentiment,neutral,neutral
13339,sentiment,neutral,neutral
13346,sentiment,neutral,neutral
13352,sentiment,neutral,positive
13373,sentiment,neutral,neutral
13375,sentiment,neutral,neutral
13400,sentiment,neutral,neutral
13407,sentiment,neutral,neutral
13422,sentiment,positive,positive
13430,sentiment,positive,positive
13447,sentiment,positive,positive
13457,sentiment,neutral,neutral
13481,sentiment,neutral,neutral
13489,sentiment,neutral,neutral
13517,sentiment,neutral,neutral
13522,sentiment,neutral,neutral
13524,sentiment,neutral,neutral
13530,sentiment,neutral,neutral
13541,sentiment,neutral,neutral
13542,sentiment,neutral,neutral
13566,sentiment,neutral,neutral
13569,sentiment,positive,positive
13571,sentiment,neutral,neutral
13591,sentiment,neutral,neutral
13622,sentiment,neutral,neutral
13642,sentiment,neutral,neutral
13646,sentiment,positive,positive
13648,sentiment,positive,positive
13666,sentiment,neutral,neutral
13668,sentiment,neutral,neutral
13674,sentiment,neutral,neutral
13677,sentiment,neutral,neutral
13683,sentiment,neutral,neutral
13697,sentiment,positive,positive
13705,sentiment,neutral,neutral
13711,sentiment,neutral,neutral
13734,sentiment,neutral,neutral
13749,sentiment,neutral,neutral
13772,sentiment,neutral,neutral
13782,sentiment,neutral,neutral
13783,sentiment,neutral,neutral
13803,sentiment,positive,positive
13813,sentiment,neutral,neutral
13814,sentiment,neutral,neutral
13826,sentiment,neutral,neutral
13837,sentiment,positive,neutral
13840,sentiment,positive,positive
13851,sentiment,neutral,neutral
13855,sentiment,neutral,neutral
13864,sentiment,neutral,positive
13869,sentiment,neutral,neutral
13871,sentiment,neutral,neutral
13879,sentiment,neutral,neutral
13882,sentiment,positive,positive
13884,sentiment,positive,positive
13892,sentiment,neutral,neutral
13893,sentiment,neutral,neutral
13928,sentiment,negative,negative
13935,sentiment,neutral,neutral
13938,sentiment,neutral,neutral
13939,sentiment,neutral,neutral
13977,sentiment,neutral,neutral
13978,sentiment,neutral,neutral
13984,sentiment,negative,negative
13992,sentiment,positive,positive
14060,sentiment,positive,positive
14063,sentiment,neutral,neutral
14075,sentiment,neutral,neutral
14104,sentiment,neutral,neutral
14125,sentiment,neutral,neutral
14132,sentiment,neutral,neutral
14138,sentiment,neutral,neutral
14155,sentiment,neutral,positive
14217,sentiment,negative,negative
14221,sentiment,positive,positive
14240,sentiment,neutral,neutral
14257,sentiment,neutral,neutral
14260,sentiment,neutral,neutral
14268,sentiment,neutral,neutral
14271,sentiment,neutral,neutral
14302,sentiment,neutral,neutral
14307,sentiment,neutral,neutral
14318,sentiment,positive,positive
14327,sentiment,neutral,neutral
14328,sentiment,neutral,neutral
14330,sentiment,positive,positive
14352,sentiment,neutral,neutral
14353,sentiment,neutral,neutral
14356,sentiment,positive,positive
14382,sentiment,neutral,neutral
14387,sentiment,neutral,positive
14400,sentiment,neutral,neutral
14403,sentiment,neutral,neutral
14405,sentiment,positive,positive
14447,sentiment,neutral,neutral
14463,sentiment,neutral,positive
14476,sentiment,neutral,neutral
14508,sentiment,neutral,neutral
14521,sentiment,neutral,neutral
14527,sentiment,positive,positive
14531,sentiment,neutral,neutral
14536,sentiment,neutral,neutral
14557,sentiment,positive,positive
14564,sentiment,neutral,neutral
14566,sentiment,neutral,neutral
14572,sentiment,neutral,neutral
14585,sentiment,neutral,neutral
14595,sentiment,neutral,neutral
14607,sentiment,positive,positive
14624,sentiment,neutral,neutral
14629,sentiment,neutral,neutral
14631,sentiment,neutral,positive
14642,sentiment,neutral,neutral
14650,sentiment,neutral,positive
14657,sentiment,neutral,neutral
14671,sentiment,neutral,neutral
14693,sentiment,neutral,neutral
14713,sentiment,neutral,neutral
14721,sentiment,neutral,neutral
14751,sentiment,neutral,neutral
14755,sentiment,neutral,neutral
14758,sentiment,neutral,neutral
14765,sentiment,neutral,neutral
14777,sentiment,negative,negative
14783,sentiment,neutral,negative
14793,sentiment,neutral,negative
14794,sentiment,neutral,neutral
14811,sentiment,positive,positive
14827,sentiment,neutral,neutral
14829,sentiment,neutral,neutral
14833,sentiment,positive,positive
14836,sentiment,neutral,positive
14841,sentiment,positive,positive
14843,sentiment,neutral,neutral
14848,sentiment,positive,positive
14853,sentiment,neutral,neutral
14881,sentiment,negative,negative
14886,sentiment,negative,negative
14893,sentiment,neutral,neutral
14895,sentiment,neutral,neutral
14900,sentiment,neutral,neutral
14909,sentiment,neutral,neutral
14923,sentiment,neutral,neutral
14929,sentiment,neutral,neutral
14939,sentiment,negative,neutral
14940,sentiment,neutral,neutral
14953,sentiment,neutral,neutral
14959,sentiment,neutral,neutral
14962,sentiment,neutral,positive
14969,sentiment,neutral,neutral
14981,sentiment,neutral,neutral
14985,sentiment,neutral,neutral
14986,sentiment,negative,negative
15013,sentiment,positive,positive
15029,sentiment,neutral,neutral
15032,sentiment,neutral,neutral
15052,sentiment,neutral,neutral
15058,sentiment,neutral,neutral
15071,sentiment,neutral,neutral
15072,sentiment,neutral,neutral
15073,sentiment,positive,positive
15075,sentiment,neutral,neutral
15080,sentiment,neutral,neutral
15115,sentiment,positive,positive
15135,sentiment,neutral,neutral
15137,sentiment,neutral,neutral
15151,sentiment,neutral,neutral
15158,sentiment,positive,neutral
15178,sentiment,neutral,neutral
15188,sentiment,positive,positive
15209,sentiment,neutral,neutral
15212,sentiment,negative,neutral
15213,sentiment,positive,positive
15221,sentiment,neutral,neutral
15233,sentiment,neutral,negative
15247,sentiment,positive,positive
15273,sentiment,positive,positive
15281,sentiment,neutral,neutral
15290,sentiment,positive,positive
15296,sentiment,neutral,neutral
15299,sentiment,neutral,neutral
15305,sentiment,neutral,neutral
15310,sentiment,neutral,neutral
15320,sentiment,positive,positive
15322,sentiment,positive,positive
15346,sentiment,positive,positive
15364,sentiment,neutral,neutral
15370,sentiment,neutral,neutral
15379,sentiment,neutral,neutral
15411,sentiment,neutral,neutral
15443,sentiment,neutral,neutral
15452,sentiment,neutral,neutral
15463,sentiment,neutral,neutral
15474,sentiment,positive,neutral
15481,sentiment,neutral,neutral
15501,sentiment,neutral,neutral
15517,sentiment,neutral,neutral
15526,sentiment,neutral,neutral
15542,sentiment,neutral,neutral
15548,sentiment,positive,positive
15554,sentiment,neutral,neutral
15558,sentiment,neutral,neutral
15559,sentiment,neutral,neutral
15575,sentiment,neutral,neutral
15582,sentiment,neutral,neutral
15602,sentiment,neutral,neutral
15604,sentiment,positive,positive
15609,sentiment,positive,positive
15616,sentiment,positive,positive
15618,sentiment,neutral,positive
15623,sentiment,neutral,neutral
15626,sentiment,neutral,neutral
15636,sentiment,neutral,neutral
15644,sentiment,neutral,neutral
15645,sentiment,neutral,neutral
15654,sentiment,neutral,neutral
15657,sentiment,neutral,neutral
15659,sentiment,negative,negative
15673,sentiment,neutral,neutral
15687,sentiment,neutral,neutral
15690,sentiment,neutral,neutral
15700,sentiment,positive,positive
15721,sentiment,positive,positive
15733,sentiment,neutral,neutral
15739,sentiment,neutral,neutral
15740,sentiment,neutral,neutral
15762,sentiment,positive,positive
15771,sentiment,positive,positive
15804,sentiment,neutral,neutral
15817,sentiment,positive,positive
15818,sentiment,neutral,neutral
15864,sentiment,positive,positive
15872,sentiment,neutral,negative
15875,sentiment,neutral,neutral
15911,sentiment,neutral,neutral
15919,sentiment,neutral,neutral
15920,sentiment,neutral,neutral
15943,sentiment,neutral,neutral
15955,sentiment,neutral,neutral
16007,sentiment,neutral,neutral
16050,sentiment,neutral,neutral
16060,sentiment,neutral,neutral
16100,sentiment,negative,negative
16133,sentiment,positive,positive
16137,sentiment,neutral,neutral
16143,sentiment,neutral,neutral
16168,sentiment,neutral,neutral
16206,sentiment,neutral,neutral
16207,sentiment,neutral,neutral
16219,sentiment,positive,positive
16233,sentiment,neutral,neutral
16239,sentiment,neutral,neutral
16246,sentiment,neutral,neutral
16257,sentiment,neutral,neutral
16266,sentiment,neutral,neutral
16270,sentiment,neutral,neutral
16321,sentiment,neutral,neutral
16350,sentiment,neutral,neutral
16372,sentiment,neutral,neutral
16376,sentiment,neutral,neutral
16402,sentiment,neutral,neutral
16405,sentiment,neutral,neutral
16411,sentiment,neutral,neutral
16413,sentiment,positive,positive
16421,sentiment,neutral,neutral
16442,sentiment,neutral,neutral
16455,sentiment,neutral,neutral
16464,sentiment,neutral,neutral
16468,sentiment,neutral,neutral
16493,sentiment,neutral,neutral
16497,sentiment,neutral,neutral
16514,sentiment,neutral,neutral
16535,sentiment,negative,negative
16577,sentiment,positive,positive
16594,sentiment,neutral,negative
16671,sentiment,neutral,neutral
16707,sentiment,positive,positive
16736,sentiment,neutral,neutral
16760,sentiment,neutral,neutral
16762,sentiment,positive,positive
16765,sentiment,neutral,neutral
16770,sentiment,neutral,neutral
16778,sentiment,neutral,neutral
16782,sentiment,neutral,neutral
16786,sentiment,neutral,neutral
16800,sentiment,neutral,positive
16811,sentiment,neutral,neutral
16851,sentiment,neutral,neutral
16865,sentiment,neutral,positive
16870,sentiment,neutral,neutral
16879,sentiment,positive,positive
16929,sentiment,positive,positive
16933,sentiment,neutral,neutral
16956,sentiment,neutral,neutral
16960,sentiment,positive,positive
16968,sentiment,neutral,neutral
16972,sentiment,neutral,neutral
16989,sentiment,positive,positive
17000,sentiment,neutral,neutral
17036,sentiment,neutral,neutral
17063,sentiment,neutral,neutral
17069,sentiment,neutral,negative
17076,sentiment,positive,positive
17092,sentiment,neutral,neutral
17105,sentiment,neutral,positive
17145,sentiment,neutral,positive
17171,sentiment,positive,positive
17220,sentiment,neutral,negative
17222,sentiment,neutral,neutral
17231,sentiment,neutral,neutral
17239,sentiment,positive,positive
17250,sentiment,neutral,neutral
17278,sentiment,neutral,neutral
17285,sentiment,neutral,neutral
17288,sentiment,positive,positive
17294,sentiment,neutral,neutral
17295,sentiment,neutral,neutral
17303,sentiment,positive,positive
17312,sentiment,positive,positive
17316,sentiment,neutral,neutral
17330,sentiment,neutral,neutral
17331,sentiment,neutral,neutral
17332,sentiment,neutral,neutral
17340,sentiment,positive,positive
17341,sentiment,neutral,neutral
17361,sentiment,neutral,neutral
17370,sentiment,neutral,neutral
17385,sentiment,neutral,neutral
17396,sentiment,neutral,neutral
17410,sentiment,positive,positive
17431,sentiment,neutral,neutral
17449,sentiment,neutral,neutral
17475,sentiment,neutral,neutral
17486,sentiment,positive,positive
17495,sentiment,neutral,neutral
17508,sentiment,positive,positive
17511,sentiment,neutral,neutral
17515,sentiment,neutral,neutral
17523,sentiment,neutral,neutral
17525,sentiment,positive,positive
17535,sentiment,neutral,neutral
17540,sentiment,neutral,neutral
17564,sentiment,positive,positive
17570,sentiment,neutral,neutral
17589,sentiment,neutral,negative
17591,sentiment,neutral,neutral
17599,sentiment,neutral,neutral
17600,sentiment,neutral,neutral
17602,sentiment,positive,positive
17612,sentiment,neutral,neutral
17615,sentiment,neutral,neutral
17631,sentiment,neutral,neutral
17659,sentiment,neutral,neutral
17662,sentiment,neutral,positive
17711,sentiment,positive,positive
17721,sentiment,neutral,neutral
17728,sentiment,neutral,neutral
17730,sentiment,neutral,neutral
17732,sentiment,neutral,neutral
17755,sentiment,neutral,neutral
17758,sentiment,neutral,neutral
17760,sentiment,neutral,neutral
17770,sentiment,neutral,neutral
17775,sentiment,neutral,neutral
17801,sentiment,neutral,positive
17804,sentiment,neutral,neutral
17826,sentiment,neutral,neutral
17831,sentiment,neutral,neutral
17834,sentiment,neutral,neutral
17861,sentiment,neutral,neutral
17874,sentiment,positive,positive
17876,sentiment,positive,positive
17880,sentiment,neutral,neutral
17891,sentiment,neutral,neutral
17893,sentiment,neutral,neutral
17915,sentiment,negative,negative
17935,sentiment,neutral,neutral
17966,sentiment,positive,positive
17974,sentiment,neutral,neutral
17975,sentiment,neutral,neutral
17985,sentiment,positive,positive
18016,sentiment,neutral,neutral
18019,sentiment,positive,positive
18033,sentiment,negative,neutral
18036,sentiment,neutral,neutral
18049,sentiment,positive,positive
18050,sentiment,neutral,neutral
18055,sentiment,positive,positive
18061,sentiment,neutral,neutral
18074,sentiment,neutral,neutral
18081,sentiment,neutral,neutral
18093,sentiment,neutral,positive
18095,sentiment,positive,neutral
18106,sentiment,neutral,neutral
18118,sentiment,neutral,neutral
18125,sentiment,positive,positive
18138,sentiment,neutral,neutral
18155,sentiment,neutral,neutral
18167,sentiment,neutral,neutral
18168,sentiment,neutral,neutral
18174,sentiment,negative,negative
18187,sentiment,neutral,neutral
18196,sentiment,neutral,neutral
18197,sentiment,neutral,neutral
18206,sentiment,neutral,neutral
18213,sentiment,positive,positive
18227,sentiment,neutral,neutral
18230,sentiment,neutral,positive
18245,sentiment,neutral,neutral
18247,sentiment,positive,positive
18252,sentiment,neutral,neutral
18267,sentiment,neutral,neutral
18285,sentiment,neutral,neutral
18291,sentiment,neutral,neutral
18295,sentiment,neutral,neutral
18297,sentiment,neutral,neutral
18298,sentiment,positive,positive
18303,sentiment,neutral,neutral
18304,sentiment,neutral,neutral
18305,sentiment,neutral,neutral
18314,sentiment,neutral,neutral
18319,sentiment,neutral,neutral
18369,sentiment,neutral,neutral
18380,sentiment,neutral,positive
18395,sentiment,neutral,neutral
18407,sentiment,neutral,neutral
18409,sentiment,positive,neutral
18421,sentiment,neutral,neutral
18422,sentiment,neutral,neutral
18439,sentiment,neutral,neutral
18444,sentiment,positive,positive
18452,sentiment,neutral,neutral
18466,sentiment,neutral,neutral
18486,sentiment,positive,positive
18487,sentiment,positive,positive
18526,sentiment,neutral,neutral
18546,sentiment,neutral,neutral
18550,sentiment,neutral,neutral
18567,sentiment,positive,positive
18568,sentiment,neutral,neutral
18574,sentiment,positive,positive
18579,sentiment,neutral,neutral
18580,sentiment,neutral,neutral
18601,sentiment,neutral,neutral
18605,sentiment,neutral,neutral
18608,sentiment,neutral,neutral
18623,sentiment,neutral,neutral
18635,sentiment,neutral,neutral
18641,sentiment,neutral,neutral
18644,sentiment,positive,positive
18651,sentiment,positive,positive
18653,sentiment,positive,positive
18664,sentiment,neutral,neutral
18665,sentiment,positive,positive
18669,sentiment,neutral,neutral
18682,sentiment,neutral,negative
18710,sentiment,neutral,neutral
18727,sentiment,negative,negative
18733,sentiment,positive,neutral
18753,sentiment,neutral,neutral
18762,sentiment,neutral,neutral
18778,sentiment,neutral,neutral
18824,sentiment,neutral,neutral
18853,sentiment,neutral,neutral
18856,sentiment,neutral,neutral
18868,sentiment,neutral,neutral
18890,sentiment,neutral,neutral
18903,sentiment,positive,positive
18916,sentiment,positive,positive
18928,sentiment,neutral,neutral
18931,sentiment,neutral,neutral
18932,sentiment,neutral,neutral
18951,sentiment,positive,positive
18959,sentiment,neutral,neutral
18964,sentiment,neutral,neutral
18976,sentiment,positive,positive
18984,sentiment,positive,positive
18985,sentiment,neutral,neutral
18989,sentiment,neutral,neutral
18995,sentiment,positive,positive
18997,sentiment,neutral,neutral
19000,sentiment,neutral,neutral
19003,sentiment,neutral,neutral
19030,sentiment,neutral,neutral
19033,sentiment,neutral,positive
19041,sentiment,neutral,neutral
19047,sentiment,positive,positive
19053,sentiment,neutral,neutral
19056,sentiment,neutral,neutral
19069,sentiment,neutral,neutral
19078,sentiment,neutral,neutral
19128,sentiment,positive,positive
19138,sentiment,positive,positive
19143,sentiment,neutral,neutral
19151,sentiment,neutral,neutral
19154,sentiment,positive,positive
19178,sentiment,neutral,neutral
19194,sentiment,positive,positive
19338,sentiment,negative,negative
19346,sentiment,neutral,neutral
19357,sentiment,neutral,neutral
19362,sentiment,neutral,neutral
19381,sentiment,neutral,neutral
19393,sentiment,positive,positive
19432,sentiment,neutral,neutral
19441,sentiment,positive,neutral
19455,sentiment,positive,positive
19458,sentiment,neutral,neutral
19459,sentiment,neutral,neutral
19463,sentiment,positive,positive
19472,sentiment,neutral,positive
19474,sentiment,positive,positive
19478,sentiment,neutral,neutral
19511,sentiment,neutral,neutral
19517,sentiment,neutral,neutral
19523,sentiment,positive,positive
19538,sentiment,neutral,neutral
19542,sentiment,neutral,neutral
19545,sentiment,neutral,neutral
19615,sentiment,neutral,neutral
19634,sentiment,neutral,neutral
19649,sentiment,neutral,neutral
19650,sentiment,positive,positive
19656,sentiment,neutral,neutral
19659,sentiment,neutral,neutral
19668,sentiment,neutral,neutral
19691,sentiment,neutral,neutral
19712,sentiment,neutral,negative
19716,sentiment,neutral,neutral
19723,sentiment,neutral,neutral
19724,sentiment,positive,positive
19731,sentiment,neutral,neutral
19749,sentiment,neutral,neutral
19780,sentiment,neutral,neutral
19928,sentiment,neutral,negative
20052,sentiment,positive,neutral
20080,sentiment,positive,positive
20084,sentiment,positive,neutral
20092,sentiment,neutral,neutral
20106,sentiment,neutral,neutral
20128,sentiment,positive,positive
20153,sentiment,positive,positive
20160,sentiment,neutral,positive
20200,sentiment,negative,negative
20223,sentiment,positive,positive
20227,sentiment,neutral,positive
20241,sentiment,positive,neutral
20244,sentiment,positive,positive
20262,sentiment,neutral,neutral
20285,sentiment,neutral,neutral
20310,sentiment,neutral,neutral
20324,sentiment,neutral,neutral
20347,sentiment,neutral,neutral
20348,sentiment,neutral,neutral
20355,sentiment,neutral,neutral
20428,sentiment,neutral,positive
20435,sentiment,negative,positive
20441,sentiment,neutral,negative
20442,sentiment,positive,neutral
20452,sentiment,negative,negative
20460,sentiment,neutral,neutral
20469,sentiment,negative,negative
20475,sentiment,positive,positive
20484,sentiment,positive,positive
20489,sentiment,positive,positive
20492,sentiment,positive,positive
20495,sentiment,negative,negative
20507,sentiment,negative,negative
20533,sentiment,neutral,positive
20548,sentiment,neutral,negative
20552,sentiment,negative,positive
20558,sentiment,neutral,positive
20561,sentiment,positive,positive
20562,sentiment,neutral,neutral
20563,sentiment,neutral,neutral
20564,sentiment,neutral,neutral
20578,sentiment,positive,positive
20580,sentiment,positive,positive
20585,sentiment,neutral,neutral
20586,sentiment,negative,negative
20590,sentiment,positive,negative
20591,sentiment,positive,positive
20597,sentiment,negative,negative
20599,sentiment,positive,positive
20605,sentiment,neutral,positive
20612,sentiment,neutral,negative
20614,sentiment,negative,negative
20618,sentiment,negative,negative
20624,sentiment,positive,neutral
20625,sentiment,positive,positive
20640,sentiment,neutral,neutral
20647,sentiment,positive,positive
20653,sentiment,negative,positive
20659,sentiment,negative,negative
20661,sentiment,negative,neutral
20684,sentiment,positive,neutral
20695,sentiment,neutral,positive
20699,sentiment,negative,negative
20701,sentiment,neutral,negative
20703,sentiment,neutral,negative
20712,sentiment,negative,negative
20713,sentiment,negative,negative
20736,sentiment,neutral,neutral
20746,sentiment,negative,negative
20768,sentiment,negative,negative
20771,sentiment,positive,negative
20772,sentiment,neutral,neutral
20776,sentiment,neutral,negative
20778,sentiment,negative,negative
20779,sentiment,negative,negative
20787,sentiment,positive,neutral
20794,sentiment,negative,positive
20805,sentiment,positive,positive
20811,sentiment,positive,positive
20818,sentiment,neutral,positive
20833,sentiment,positive,positive
20835,sentiment,neutral,positive
20838,sentiment,positive,positive
20845,sentiment,positive,neutral
20849,sentiment,positive,neutral
20855,sentiment,neutral,positive
20880,sentiment,negative,negative
20882,sentiment,positive,positive
20886,sentiment,negative,negative
20893,sentiment,negative,negative
20909,sentiment,positive,neutral
20915,sentiment,positive,neutral
20919,sentiment,neutral,neutral
20920,sentiment,negative,negative
20921,sentiment,neutral,neutral
20926,sentiment,positive,neutral
20932,sentiment,neutral,neutral
20938,sentiment,neutral,neutral
20950,sentiment,positive,neutral
20955,sentiment,positive,positive
20959,sentiment,neutral,neutral
20985,sentiment,positive,neutral
20996,sentiment,neutral,negative
21009,sentiment,negative,negative
21012,sentiment,negative,negative
21022,sentiment,neutral,neutral
21024,sentiment,negative,negative
21030,sentiment,neutral,negative
21040,sentiment,neutral,neutral
21045,sentiment,negative,negative
21049,sentiment,neutral,neutral
21050,sentiment,positive,neutral
21059,sentiment,neutral,neutral
21075,sentiment,positive,positive
21082,sentiment,negative,neutral
21096,sentiment,neutral,neutral
21123,sentiment,positive,negative
21129,sentiment,neutral,negative
21148,sentiment,neutral,neutral
21149,sentiment,neutral,neutral
21153,sentiment,positive,positive
21154,sentiment,neutral,positive
21167,sentiment,neutral,neutral
21169,sentiment,neutral,neutral
21172,sentiment,positive,neutral
21185,sentiment,neutral,neutral
21186,sentiment,neutral,positive
21196,sentiment,negative,negative
21198,sentiment,negative,negative
21202,sentiment,negative,negative
21208,sentiment,positive,neutral
21215,sentiment,negative,negative
21217,sentiment,neutral,negative
21221,sentiment,neutral,neutral
21229,sentiment,neutral,positive
21238,sentiment,negative,negative
21242,sentiment,neutral,positive
21247,sentiment,neutral,neutral
21252,sentiment,neutral,neutral
21264,sentiment,positive,positive
21268,sentiment,neutral,neutral
21270,sentiment,neutral,neutral
21281,sentiment,neutral,positive
21283,sentiment,positive,negative
21286,sentiment,positive,positive
21291,sentiment,neutral,positive
21292,sentiment,neutral,neutral
21306,sentiment,negative,neutral
21308,sentiment,neutral,negative
21312,sentiment,neutral,positive
21315,sentiment,neutral,positive
21316,sentiment,neutral,neutral
21327,sentiment,neutral,positive
21331,sentiment,positive,positive
21334,sentiment,neutral,positive
21336,sentiment,neutral,positive
21338,sentiment,neutral,neutral
21347,sentiment,negative,neutral
21365,sentiment,negative,negative
21368,sentiment,positive,negative
21372,sentiment,neutral,negative
21373,sentiment,negative,negative
21387,sentiment,positive,positive
21395,sentiment,positive,positive
21403,sentiment,positive,positive
21407,sentiment,neutral,negative
21416,sentiment,neutral,negative
21424,sentiment,positive,positive
21437,sentiment,negative,negative
21453,sentiment,neutral,positive
21473,sentiment,positive,positive
21481,sentiment,positive,positive
21495,sentiment,negative,negative
21498,sentiment,neutral,neutral
21502,sentiment,positive,positive
21515,sentiment,negative,negative
21517,sentiment,positive,positive
21554,sentiment,negative,positive
21563,sentiment,neutral,neutral
21570,sentiment,neutral,negative
21581,sentiment,neutral,positive
21612,sentiment,neutral,negative
21622,sentiment,negative,negative
21625,sentiment,positive,positive
21627,sentiment,negative,negative
21632,sentiment,neutral,positive
21640,sentiment,positive,positive
21641,sentiment,positive,positive
21643,sentiment,positive,positive
21647,sentiment,negative,negative
21650,sentiment,neutral,neutral
21657,sentiment,negative,negative
21667,sentiment,negative,positive
21717,sentiment,negative,positive
21730,sentiment,neutral,positive
21731,sentiment,neutral,negative
21734,sentiment,neutral,negative
21736,sentiment,neutral,positive
21737,sentiment,neutral,neutral
21743,sentiment,positive,positive
21745,sentiment,positive,positive
21759,sentiment,neutral,positive
21760,sentiment,positive,positive
21765,sentiment,negative,negative
21766,sentiment,neutral,negative
21780,sentiment,neutral,neutral
21781,sentiment,neutral,negative
21785,sentiment,negative,negative
21794,sentiment,negative,negative
21795,sentiment,neutral,positive
21800,sentiment,negative,negative
21803,sentiment,positive,positive
21805,sentiment,neutral,neutral
21811,sentiment,negative,negative
21812,sentiment,positive,negative
21832,sentiment,neutral,neutral
21835,sentiment,neutral,neutral
21843,sentiment,neutral,neutral
21847,sentiment,neutral,negative
21862,sentiment,neutral,positive
21866,sentiment,neutral,neutral
21870,sentiment,positive,positive
21884,sentiment,neutral,positive
21885,sentiment,neutral,negative
21886,sentiment,neutral,positive
21890,sentiment,negative,negative
21892,sentiment,neutral,positive
21930,sentiment,neutral,positive
21936,sentiment,neutral,positive
21941,sentiment,neutral,negative
21963,sentiment,neutral,positive
21966,sentiment,neutral,positive
21969,sentiment,neutral,neutral
21976,sentiment,positive,positive
22000,sentiment,positive,positive
22009,sentiment,positive,positive
22014,sentiment,neutral,negative
22022,sentiment,neutral,neutral
22027,sentiment,neutral,neutral
22040,sentiment,neutral,negative
22041,sentiment,positive,positive
22049,sentiment,negative,negative
22051,sentiment,positive,neutral
22077,sentiment,positive,positive
22079,sentiment,neutral,neutral
22082,sentiment,neutral,positive
22123,sentiment,neutral,neutral
22132,sentiment,positive,positive
22156,sentiment,positive,neutral
22157,sentiment,neutral,neutral
22171,sentiment,neutral,negative
22177,sentiment,neutral,neutral
22178,sentiment,neutral,neutral
22179,sentiment,negative,neutral
22183,sentiment,neutral,negative
22189,sentiment,negative,negative
22195,sentiment,neutral,positive
22196,sentiment,neutral,negative
22214,sentiment,neutral,neutral
22222,sentiment,positive,negative
22225,sentiment,negative,negative
22240,sentiment,negative,negative
22246,sentiment,positive,positive
22247,sentiment,neutral,positive
22263,sentiment,positive,positive
22274,sentiment,negative,positive
22279,sentiment,neutral,positive
22287,sentiment,neutral,neutral
22291,sentiment,neutral,neutral
22292,sentiment,positive,positive
22295,sentiment,neutral,neutral
22306,sentiment,positive,positive
22321,sentiment,negative,neutral
22333,sentiment,negative,negative
22336,sentiment,neutral,positive
22338,sentiment,neutral,neutral
22341,sentiment,positive,negative
22351,sentiment,neutral,positive
22359,sentiment,negative,negative
22360,sentiment,neutral,neutral
22361,sentiment,neutral,neutral
22376,sentiment,neutral,positive
22377,sentiment,neutral,neutral
22378,sentiment,positive,neutral
22380,sentiment,neutral,negative
22419,sentiment,positive,positive
22426,sentiment,neutral,neutral
22433,sentiment,neutral,positive
22435,sentiment,positive,positive
22442,sentiment,positive,positive
22448,sentiment,neutral,neutral
22449,sentiment,neutral,neutral
22459,sentiment,neutral,neutral
22463,sentiment,negative,negative
22474,sentiment,positive,positive
22477,sentiment,positive,positive
22497,sentiment,positive,positive
22506,sentiment,neutral,negative
22508,sentiment,neutral,neutral
22515,sentiment,positive,positive
22517,sentiment,neutral,neutral
22524,sentiment,negative,positive
22527,sentiment,neutral,neutral
22532,sentiment,positive,positive
22548,sentiment,neutral,positive
22565,sentiment,neutral,neutral
22566,sentiment,neutral,neutral
22575,sentiment,neutral,negative
22577,sentiment,neutral,negative
22589,sentiment,negative,negative
22603,sentiment,negative,negative
22609,sentiment,positive,positive
22613,sentiment,negative,negative
22614,sentiment,neutral,neutral
22619,sentiment,positive,positive
22620,sentiment,neutral,neutral
22622,sentiment,neutral,neutral
22627,sentiment,negative,negative
22630,sentiment,negative,negative
22634,sentiment,neutral,neutral
22638,sentiment,neutral,negative
22642,sentiment,negative,negative
22652,sentiment,neutral,neutral
22656,sentiment,neutral,neutral
22658,sentiment,neutral,neutral
22663,sentiment,positive,positive
22671,sentiment,neutral,positive
22672,sentiment,negative,negative
22673,sentiment,negative,negative
22674,sentiment,neutral,neutral
22678,sentiment,neutral,positive
22683,sentiment,neutral,negative
22689,sentiment,positive,positive
22692,sentiment,negative,neutral
22718,sentiment,neutral,positive
22720,sentiment,neutral,neutral
22724,sentiment,neutral,neutral
22733,sentiment,negative,negative
22736,sentiment,neutral,neutral
22739,sentiment,neutral,neutral
22747,sentiment,neutral,negative
22761,sentiment,neutral,negative
22769,sentiment,neutral,negative
22789,sentiment,positive,negative
22796,sentiment,positive,positive
22799,sentiment,neutral,neutral
22800,sentiment,neutral,neutral
22802,sentiment,neutral,positive
22804,sentiment,positive,positive
22820,sentiment,negative,negative
22822,sentiment,neutral,neutral
22823,sentiment,positive,positive
22824,sentiment,neutral,neutral
22825,sentiment,neutral,negative
22826,sentiment,negative,negative
22833,sentiment,negative,negative
22837,sentiment,positive,positive
22838,sentiment,neutral,negative
22840,sentiment,neutral,positive
22843,sentiment,neutral,negative
22846,sentiment,positive,positive
22847,sentiment,neutral,negative
22858,sentiment,neutral,negative
22860,sentiment,positive,positive
22861,sentiment,neutral,positive
22876,sentiment,neutral,positive
22878,sentiment,positive,positive
22880,sentiment,positive,positive
22884,sentiment,neutral,positive
22892,sentiment,negative,negative
22896,sentiment,neutral,positive
22899,sentiment,positive,positive
22906,sentiment,neutral,neutral
22908,sentiment,neutral,positive
22911,sentiment,neutral,neutral
22918,sentiment,neutral,positive
22923,sentiment,neutral,neutral
22927,sentiment,positive,positive
22928,sentiment,positive,positive
22929,sentiment,neutral,positive
22933,sentiment,negative,positive
22934,sentiment,negative,negative
22936,sentiment,positive,neutral
22944,sentiment,neutral,negative
22951,sentiment,neutral,neutral
22972,sentiment,positive,positive
22984,sentiment,negative,negative
22991,sentiment,neutral,positive
22996,sentiment,neutral,positive
22997,sentiment,positive,positive
23011,sentiment,positive,positive
23013,sentiment,positive,positive
23020,sentiment,neutral,positive
23024,sentiment,neutral,neutral
23033,sentiment,neutral,positive
23036,sentiment,negative,negative
23041,sentiment,neutral,negative
23056,sentiment,neutral,neutral
23061,sentiment,negative,positive
23066,sentiment,negative,negative
23070,sentiment,negative,negative
23077,sentiment,neutral,positive
23078,sentiment,neutral,positive
23090,sentiment,neutral,positive
23099,sentiment,neutral,neutral
23105,sentiment,neutral,negative
23108,sentiment,negative,negative
23116,sentiment,neutral,neutral
23121,sentiment,neutral,neutral
23133,sentiment,neutral,neutral
23135,sentiment,neutral,negative
23137,sentiment,neutral,neutral
23141,sentiment,neutral,positive
23185,sentiment,negative,negative
23188,sentiment,positive,positive
23191,sentiment,neutral,positive
23193,sentiment,positive,neutral
23197,sentiment,negative,neutral
23203,sentiment,neutral,neutral
23206,sentiment,positive,positive
23207,sentiment,negative,negative
23210,sentiment,neutral,negative
23214,sentiment,neutral,positive
23215,sentiment,neutral,positive
23225,sentiment,neutral,positive
23227,sentiment,neutral,positive
23243,sentiment,neutral,neutral
23257,sentiment,neutral,positive
23265,sentiment,neutral,positive
23272,sentiment,neutral,negative
23278,sentiment,negative,positive
23288,sentiment,negative,negative
23289,sentiment,neutral,neutral
23301,sentiment,negative,negative
23313,sentiment,neutral,neutral
23319,sentiment,negative,negative
23325,sentiment,neutral,negative
23330,sentiment,neutral,positive
23335,sentiment,positive,positive
23339,sentiment,negative,positive
23355,sentiment,negative,negative
23357,sentiment,neutral,positive
23374,sentiment,neutral,negative
23386,sentiment,neutral,neutral
23388,sentiment,neutral,positive
23389,sentiment,neutral,positive
23394,sentiment,positive,positive
23397,sentiment,positive,positive
23403,sentiment,negative,negative
23414,sentiment,neutral,positive
23420,sentiment,negative,neutral
23426,sentiment,neutral,positive
23429,sentiment,positive,negative
23440,sentiment,neutral,positive
23448,sentiment,neutral,positive
23466,sentiment,negative,negative
23471,sentiment,neutral,negative
23497,sentiment,neutral,negative
23498,sentiment,positive,positive
23501,sentiment,negative,positive
23503,sentiment,neutral,positive
23514,sentiment,neutral,neutral
23517,sentiment,positive,positive
23530,sentiment,positive,positive
23531,sentiment,neutral,negative
23536,sentiment,neutral,neutral
23539,sentiment,neutral,negative
23540,sentiment,negative,negative
23544,sentiment,positive,positive
23562,sentiment,negative,neutral
23563,sentiment,neutral,neutral
23567,sentiment,negative,negative
23582,sentiment,negative,negative
23586,sentiment,neutral,neutral
23587,sentiment,neutral,positive
23590,sentiment,positive,positive
23593,sentiment,positive,neutral
23610,sentiment,neutral,negative
23621,sentiment,neutral,positive
23631,sentiment,negative,neutral
23638,sentiment,neutral,negative
23643,sentiment,positive,positive
23646,sentiment,neutral,negative
23651,sentiment,neutral,neutral
23668,sentiment,negative,negative
23674,sentiment,neutral,neutral
23682,sentiment,neutral,negative
23683,sentiment,negative,negative
23686,sentiment,neutral,neutral
23688,sentiment,negative,positive
23698,sentiment,neutral,neutral
23699,sentiment,positive,negative
23701,sentiment,positive,positive
23703,sentiment,negative,negative
23720,sentiment,neutral,neutral
23728,sentiment,negative,negative
23737,sentiment,negative,neutral
23742,sentiment,negative,negative
23743,sentiment,positive,positive
23744,sentiment,positive,positive
23754,sentiment,negative,neutral
23755,sentiment,neutral,positive
23760,sentiment,positive,positive
23772,sentiment,neutral,positive
23773,sentiment,positive,positive
23775,sentiment,neutral,negative
23785,sentiment,positive,negative
23794,sentiment,positive,neutral
23796,sentiment,positive,positive
23799,sentiment,neutral,negative
23806,sentiment,neutral,neutral
23807,sentiment,neutral,positive
23816,sentiment,positive,positive
23821,sentiment,neutral,neutral
23822,sentiment,negative,negative
23826,sentiment,positive,negative
23827,sentiment,neutral,positive
23836,sentiment,neutral,neutral
23840,sentiment,positive,positive
23843,sentiment,positive,negative
23848,sentiment,negative,negative
23849,sentiment,positive,positive
23850,sentiment,negative,negative
23854,sentiment,neutral,neutral
23857,sentiment,neutral,positive
23858,sentiment,negative,negative
23869,sentiment,neutral,negative
23875,sentiment,neutral,positive
23882,sentiment,neutral,neutral
23895,sentiment,neutral,negative
23896,sentiment,neutral,negative
23898,sentiment,negative,neutral
23899,sentiment,neutral,positive
23902,sentiment,positive,positive
23907,sentiment,positive,positive
23910,sentiment,neutral,positive
23925,sentiment,neutral,positive
23928,sentiment,positive,negative
23931,sentiment,negative,positive
23935,sentiment,neutral,negative
23939,sentiment,positive,neutral
23950,sentiment,neutral,negative
23959,sentiment,neutral,neutral
23962,sentiment,neutral,neutral
23970,sentiment,negative,positive
23971,sentiment,positive,positive
23980,sentiment,positive,neutral
24000,sentiment,neutral,negative
24002,sentiment,neutral,positive
24004,sentiment,positive,negative
24007,sentiment,positive,positive
24014,sentiment,negative,neutral
24026,sentiment,negative,positive
24028,sentiment,negative,negative
24033,sentiment,neutral,negative
24042,sentiment,negative,positive
24047,sentiment,neutral,positive
24056,sentiment,negative,positive
24062,sentiment,positive,positive
24077,sentiment,positive,positive
24088,sentiment,negative,negative
24089,sentiment,neutral,positive
24091,sentiment,neutral,neutral
24096,sentiment,negative,negative
24109,sentiment,neutral,negative
24115,sentiment,negative,positive
24116,sentiment,positive,neutral
24118,sentiment,negative,negative
24119,sentiment,neutral,negative
24120,sentiment,negative,negative
24146,sentiment,positive,positive
24160,sentiment,neutral,neutral
24167,sentiment,neutral,negative
24188,sentiment,neutral,neutral
24195,sentiment,neutral,positive
24202,sentiment,negative,negative
24204,sentiment,neutral,negative
24210,sentiment,negative,positive
24211,sentiment,neutral,positive
24226,sentiment,negative,positive
24237,sentiment,neutral,negative
24242,sentiment,negative,negative
24262,sentiment,positive,positive
24276,sentiment,negative,negative
24300,sentiment,negative,negative
24303,sentiment,neutral,negative
24306,sentiment,negative,neutral
24317,sentiment,neutral,neutral
24329,sentiment,negative,negative
24335,sentiment,negative,neutral
24336,sentiment,negative,negative
24341,sentiment,negative,negative
24347,sentiment,negative,neutral
24351,sentiment,negative,negative
24354,sentiment,neutral,positive
24371,sentiment,neutral,positive
24377,sentiment,neutral,positive
24390,sentiment,neutral,positive
24405,sentiment,negative,positive
24412,sentiment,neutral,neutral
24426,sentiment,neutral,neutral
24431,sentiment,negative,negative
24433,sentiment,negative,neutral
24445,sentiment,neutral,negative
24447,sentiment,neutral,neutral
24455,sentiment,negative,positive
24462,sentiment,positive,positive
24482,sentiment,negative,positive
24483,sentiment,positive,positive
24484,sentiment,positive,positive
24491,sentiment,negative,negative
24494,sentiment,positive,positive
24498,sentiment,neutral,neutral
24499,sentiment,negative,positive
24505,sentiment,positive,positive
24512,sentiment,negative,neutral
24514,sentiment,positive,neutral
24516,sentiment,neutral,positive
24524,sentiment,positive,neutral
24535,sentiment,neutral,negative
24543,sentiment,negative,negative
24552,sentiment,negative,negative
24561,sentiment,neutral,neutral
24563,sentiment,neutral,negative
24566,sentiment,negative,negative
24569,sentiment,negative,negative
24573,sentiment,negative,neutral
24581,sentiment,negative,negative
24588,sentiment,positive,positive
24600,sentiment,negative,positive
24601,sentiment,neutral,positive
24603,sentiment,positive,negative
24605,sentiment,negative,negative
24607,sentiment,neutral,negative
24610,sentiment,negative,negative
24620,sentiment,positive,positive
24622,sentiment,negative,negative
24623,sentiment,positive,negative
24638,sentiment,neutral,neutral
24639,sentiment,negative,negative
24640,sentiment,negative,negative
24642,sentiment,neutral,negative
24658,sentiment,neutral,neutral
24663,sentiment,neutral,negative
24670,sentiment,positive,positive
24672,sentiment,neutral,neutral
24674,sentiment,positive,neutral
24702,sentiment,neutral,neutral
24717,sentiment,negative,neutral
24718,sentiment,positive,negative
24726,sentiment,positive,positive
24734,sentiment,neutral,neutral
24735,sentiment,positive,positive
24739,sentiment,neutral,positive
24740,sentiment,negative,negative
24746,sentiment,positive,positive
24752,sentiment,neutral,positive
24757,sentiment,positive,negative
24761,sentiment,neutral,neutral
24764,sentiment,negative,negative
24774,sentiment,negative,negative
24786,sentiment,negative,negative
24789,sentiment,neutral,negative
24790,sentiment,positive,positive
24792,sentiment,negative,negative
24796,sentiment,positive,positive
24801,sentiment,neutral,neutral
24806,sentiment,neutral,positive
24811,sentiment,neutral,positive
24823,sentiment,negative,negative
24839,sentiment,positive,negative
24842,sentiment,negative,negative
24860,sentiment,neutral,negative
24864,sentiment,positive,positive
24865,sentiment,negative,negative
24869,sentiment,negative,negative
24870,sentiment,neutral,negative
24871,sentiment,positive,positive
24881,sentiment,positive,positive
24882,sentiment,neutral,positive
24884,sentiment,positive,positive
24888,sentiment,neutral,negative
24903,sentiment,neutral,positive
24905,sentiment,negative,negative
24909,sentiment,neutral,positive
24916,sentiment,positive,neutral
24924,sentiment,positive,positive
24929,sentiment,neutral,neutral
24930,sentiment,positive,positive
24946,sentiment,positive,positive
24947,sentiment,positive,positive
24950,sentiment,negative,negative
24951,sentiment,neutral,negative
24964,sentiment,neutral,negative
24969,sentiment,neutral,neutral
24970,sentiment,negative,negative
24986,sentiment,neutral,negative
24993,sentiment,positive,positive
24996,sentiment,neutral,positive
25005,sentiment,positive,positive
25008,sentiment,neutral,negative
25015,sentiment,negative,negative
25021,sentiment,negative,negative
25027,sentiment,neutral,neutral
25030,sentiment,positive,positive
25035,sentiment,positive,positive
25044,sentiment,negative,negative
25046,sentiment,positive,positive
25048,sentiment,negative,negative
25051,sentiment,negative,negative
25054,sentiment,neutral,positive
25058,sentiment,negative,positive
25066,sentiment,neutral,negative
25072,sentiment,neutral,negative
25079,sentiment,positive,neutral
25080,sentiment,neutral,positive
25082,sentiment,negative,negative
25106,sentiment,neutral,positive
25110,sentiment,negative,negative
25112,sentiment,neutral,positive
25115,sentiment,neutral,neutral
25116,sentiment,neutral,neutral
25124,sentiment,neutral,neutral
25125,sentiment,positive,positive
25129,sentiment,negative,positive
25141,sentiment,negative,negative
25142,sentiment,negative,negative
25145,sentiment,positive,positive
25149,sentiment,positive,positive
25150,sentiment,positive,negative
25154,sentiment,neutral,positive
25183,sentiment,neutral,positive
25211,sentiment,negative,negative
25222,sentiment,positive,positive
25224,sentiment,neutral,positive
25235,sentiment,neutral,positive
25243,sentiment,negative,neutral
25252,sentiment,neutral,neutral
25257,sentiment,positive,positive
25280,sentiment,negative,negative
25288,sentiment,positive,positive
25289,sentiment,negative,neutral
25302,sentiment,positive,positive
25307,sentiment,positive,positive
25310,sentiment,negative,negative
25312,sentiment,neutral,negative
25321,sentiment,neutral,positive
25323,sentiment,positive,negative
25338,sentiment,neutral,negative
25383,sentiment,neutral,negative
25396,sentiment,positive,negative
25400,sentiment,neutral,positive
25403,sentiment,positive,positive
25425,sentiment,neutral,positive
25429,sentiment,neutral,positive
25438,sentiment,positive,positive
25442,sentiment,neutral,positive
25448,sentiment,neutral,positive
25452,sentiment,neutral,positive
25460,sentiment,positive,positive
25463,sentiment,neutral,neutral
25466,sentiment,negative,negative
25481,sentiment,neutral,positive
25491,sentiment,positive,neutral
25511,sentiment,neutral,positive
25517,sentiment,positive,negative
25519,sentiment,negative,negative
25521,sentiment,positive,positive
25523,sentiment,positive,neutral
25525,sentiment,neutral,positive
25526,sentiment,neutral,neutral
25528,sentiment,positive,positive
25538,sentiment,neutral,neutral
25549,sentiment,positive,positive
25576,sentiment,neutral,negative
25603,sentiment,neutral,neutral
25610,sentiment,neutral,negative
25625,sentiment,neutral,neutral
25634,sentiment,negative,positive
25644,sentiment,neutral,neutral
25647,sentiment,positive,positive
25650,sentiment,neutral,neutral
25654,sentiment,neutral,neutral
25663,sentiment,neutral,neutral
25666,sentiment,neutral,negative
25667,sentiment,negative,negative
25682,sentiment,positive,positive
25688,sentiment,neutral,neutral
25703,sentiment,negative,negative
25705,sentiment,neutral,positive
25715,sentiment,positive,positive
25717,sentiment,neutral,negative
25726,sentiment,positive,positive
25744,sentiment,negative,negative
25749,sentiment,positive,positive
25750,sentiment,neutral,neutral
25759,sentiment,negative,negative
25762,sentiment,negative,negative
25779,sentiment,neutral,neutral
25798,sentiment,negative,negative
25808,sentiment,neutral,neutral
25810,sentiment,neutral,neutral
25820,sentiment,negative,negative
25851,sentiment,negative,negative
25858,sentiment,negative,negative
25863,sentiment,neutral,neutral
25866,sentiment,positive,negative
25872,sentiment,negative,positive
25882,sentiment,positive,positive
25896,sentiment,negative,positive
25914,sentiment,neutral,negative
25921,sentiment,neutral,neutral
25925,sentiment,positive,positive
25928,sentiment,positive,positive
25933,sentiment,neutral,negative
25942,sentiment,negative,negative
25951,sentiment,positive,positive
25956,sentiment,neutral,neutral
25963,sentiment,positive,positive
25966,sentiment,neutral,positive
25980,sentiment,neutral,neutral
25983,sentiment,negative,negative
25999,sentiment,neutral,positive
26003,sentiment,negative,negative
26007,sentiment,neutral,negative
26018,sentiment,neutral,neutral
26027,sentiment,neutral,negative
26053,sentiment,positive,positive
26058,sentiment,negative,negative
26062,sentiment,neutral,positive
26080,sentiment,neutral,positive
26092,sentiment,neutral,positive
26096,sentiment,neutral,negative
26106,sentiment,neutral,neutral
26126,sentiment,neutral,negative
26130,sentiment,negative,neutral
26133,sentiment,positive,positive
26148,sentiment,neutral,neutral
26155,sentiment,neutral,negative
26161,sentiment,neutral,negative
26165,sentiment,positive,positive
26173,sentiment,positive,positive
26195,sentiment,positive,negative
26202,sentiment,positive,positive
26204,sentiment,negative,positive
26208,sentiment,neutral,neutral
26209,sentiment,positive,negative
26212,sentiment,neutral,positive
26223,sentiment,negative,negative
26229,sentiment,neutral,neutral
26238,sentiment,positive,positive
26243,sentiment,neutral,neutral
26244,sentiment,negative,negative
26245,sentiment,negative,negative
26258,sentiment,positive,positive
26259,sentiment,positive,positive
26268,sentiment,negative,negative
26284,sentiment,neutral,negative
26306,sentiment,negative,negative
26328,sentiment,neutral,neutral
26335,sentiment,positive,positive
26337,sentiment,negative,negative
26338,sentiment,neutral,positive
26344,sentiment,neutral,neutral
26351,sentiment,negative,negative
26355,sentiment,neutral,positive
26377,sentiment,neutral,positive
26382,sentiment,negative,negative
26384,sentiment,negative,negative
26389,sentiment,neutral,positive
26394,sentiment,positive,positive
26403,sentiment,neutral,neutral
26405,sentiment,neutral,positive
26407,sentiment,neutral,positive
26419,sentiment,neutral,positive
26436,sentiment,neutral,positive
26451,sentiment,neutral,negative
26454,sentiment,positive,positive
26459,sentiment,negative,negative
26462,sentiment,neutral,positive
26467,sentiment,positive,neutral
26476,sentiment,negative,negative
26479,sentiment,positive,neutral
26480,sentiment,neutral,positive
26492,sentiment,neutral,positive
26494,sentiment,neutral,neutral
26497,sentiment,positive,neutral
26498,sentiment,neutral,positive
26499,sentiment,neutral,neutral
26504,sentiment,neutral,negative
26510,sentiment,positive,neutral
26513,sentiment,negative,positive
26518,sentiment,negative,negative
26522,sentiment,neutral,positive
26529,sentiment,neutral,neutral
26530,sentiment,neutral,positive
26540,sentiment,neutral,negative
26548,sentiment,positive,positive
26552,sentiment,neutral,neutral
26568,sentiment,negative,negative
26576,sentiment,neutral,positive
26584,sentiment,negative,negative
26586,sentiment,neutral,negative
26602,sentiment,negative,positive
26606,sentiment,neutral,positive
26612,sentiment,positive,negative
26616,sentiment,neutral,negative
26630,sentiment,positive,negative
26641,sentiment,positive,positive
26643,sentiment,neutral,positive
26651,sentiment,positive,positive
26653,sentiment,neutral,positive
26664,sentiment,negative,negative
26671,sentiment,positive,positive
26676,sentiment,positive,positive
26696,sentiment,neutral,positive
26703,sentiment,neutral,neutral
26709,sentiment,negative,negative
26715,sentiment,neutral,neutral
26721,sentiment,neutral,positive
26734,sentiment,neutral,negative
26737,sentiment,neutral,negative
26748,sentiment,negative,neutral
26755,sentiment,neutral,neutral
26761,sentiment,positive,positive
26764,sentiment,positive,neutral
26766,sentiment,neutral,negative
26768,sentiment,neutral,negative
26777,sentiment,neutral,neutral
26778,sentiment,positive,positive
26793,sentiment,negative,negative
26794,sentiment,neutral,negative
26798,sentiment,positive,positive
26802,sentiment,neutral,neutral
26803,sentiment,positive,negative
26807,sentiment,neutral,positive
26817,sentiment,positive,positive
26819,sentiment,negative,negative
26828,sentiment,negative,negative
26832,sentiment,negative,negative
26833,sentiment,negative,neutral
26842,sentiment,negative,positive
26851,sentiment,neutral,negative
26855,sentiment,neutral,positive
26866,sentiment,neutral,neutral
26867,sentiment,neutral,negative
26881,sentiment,negative,negative
26890,sentiment,negative,negative
26904,sentiment,neutral,neutral
26906,sentiment,neutral,neutral
26907,sentiment,neutral,negative
26913,sentiment,neutral,positive
26915,sentiment,neutral,negative
26918,sentiment,positive,neutral
26921,sentiment,neutral,positive
26926,sentiment,negative,negative
26928,sentiment,negative,negative
26929,sentiment,neutral,positive
26930,sentiment,negative,negative
26939,sentiment,neutral,neutral
26947,sentiment,negative,negative
26949,sentiment,neutral,positive
26965,sentiment,neutral,negative
26971,sentiment,positive,neutral
26996,sentiment,negative,negative
27034,sentiment,neutral,negative
27037,sentiment,negative,negative
27073,sentiment,neutral,neutral
27099,sentiment,neutral,neutral
27101,sentiment,neutral,negative
27104,sentiment,negative,negative
27115,sentiment,neutral,negative
27117,sentiment,negative,negative
27132,sentiment,negative,negative
27140,sentiment,neutral,positive
27145,sentiment,positive,positive
27148,sentiment,positive,positive
27165,sentiment,negative,negative
27171,sentiment,positive,positive
27182,sentiment,positive,positive
27184,sentiment,negative,negative
27189,sentiment,neutral,neutral
27191,sentiment,negative,negative
27207,sentiment,negative,negative
27224,sentiment,negative,negative
27225,sentiment,neutral,positive
27232,sentiment,negative,negative
27238,sentiment,neutral,neutral
27245,sentiment,neutral,negative
27246,sentiment,neutral,negative
27247,sentiment,negative,negative
27257,sentiment,negative,negative
27258,sentiment,negative,negative
27264,sentiment,neutral,neutral
27282,sentiment,negative,negative
27283,sentiment,negative,negative
27287,sentiment,positive,neutral
27289,sentiment,positive,negative
27290,sentiment,negative,negative
27296,sentiment,neutral,neutral
27298,sentiment,negative,negative
27305,sentiment,negative,negative
27321,sentiment,neutral,neutral
27327,sentiment,negative,negative
27338,sentiment,neutral,negative
27357,sentiment,negative,negative
27359,sentiment,neutral,neutral
27363,sentiment,neutral,negative
27369,sentiment,negative,negative
27373,sentiment,negative,negative
27375,sentiment,negative,neutral
27378,sentiment,neutral,negative
27382,sentiment,positive,positive
27384,sentiment,negative,negative
27385,sentiment,neutral,neutral
27388,sentiment,negative,negative
27398,sentiment,neutral,negative
27403,sentiment,neutral,neutral
27410,sentiment,positive,positive
27412,sentiment,negative,negative
27418,sentiment,positive,negative
27432,sentiment,negative,negative
27442,sentiment,negative,negative
27450,sentiment,positive,positive
27452,sentiment,negative,positive
27454,sentiment,negative,negative
27455,sentiment,neutral,negative
27456,sentiment,negative,negative
27457,sentiment,positive,positive
27468,sentiment,negative,negative
27475,sentiment,positive,positive
27478,sentiment,neutral,positive
27485,sentiment,negative,negative
27489,sentiment,neutral,negative
27492,sentiment,neutral,positive
27502,sentiment,negative,negative
27509,sentiment,neutral,neutral
27510,sentiment,neutral,negative
27520,sentiment,neutral,negative
27530,sentiment,negative,negative
27535,sentiment,negative,neutral
27537,sentiment,neutral,negative
27543,sentiment,neutral,negative
27545,sentiment,neutral,neutral
27558,sentiment,negative,negative
27562,sentiment,negative,negative
27600,sentiment,neutral,neutral
27605,sentiment,neutral,neutral
27606,sentiment,negative,negative
27623,sentiment,neutral,neutral
27628,sentiment,negative,neutral
27643,sentiment,neutral,positive
27653,sentiment,negative,negative
27657,sentiment,neutral,negative
27658,sentiment,negative,negative
27662,sentiment,negative,negative
27672,sentiment,negative,negative
27674,sentiment,negative,negative
27683,sentiment,negative,neutral
27688,sentiment,negative,negative
27708,sentiment,negative,negative
27720,sentiment,neutral,neutral
27721,sentiment,negative,neutral
27730,sentiment,negative,negative
27738,sentiment,negative,neutral
27742,sentiment,neutral,neutral
27743,sentiment,negative,negative
27746,sentiment,negative,negative
27766,sentiment,neutral,negative
27787,sentiment,negative,negative
27789,sentiment,negative,negative
27793,sentiment,negative,negative
27798,sentiment,negative,negative
27801,sentiment,neutral,negative
27812,sentiment,neutral,negative
27820,sentiment,negative,negative
27821,sentiment,positive,positive
27852,sentiment,neutral,negative
27855,sentiment,neutral,positive
27861,sentiment,negative,negative
27865,sentiment,negative,negative
27874,sentiment,neutral,negative
27875,sentiment,neutral,negative
27876,sentiment,neutral,negative
27902,sentiment,positive,positive
27910,sentiment,negative,negative
27913,sentiment,positive,positive
27916,sentiment,neutral,negative
27917,sentiment,positive,positive
27923,sentiment,neutral,positive
27925,sentiment,negative,negative
27927,sentiment,negative,negative
27929,sentiment,negative,negative
27932,sentiment,negative,negative
27946,sentiment,neutral,neutral
27953,sentiment,neutral,negative
27955,sentiment,negative,negative
27961,sentiment,neutral,negative
27964,sentiment,neutral,negative
27966,sentiment,neutral,negative
27975,sentiment,positive,positive
27979,sentiment,negative,positive
27981,sentiment,negative,negative
27989,sentiment,neutral,negative
27991,sentiment,positive,neutral
28006,sentiment,negative,negative
28013,sentiment,neutral,neutral
28018,sentiment,negative,negative
28033,sentiment,positive,positive
28049,sentiment,negative,negative
28051,sentiment,positive,positive
28056,sentiment,negative,negative
28069,sentiment,negative,negative
28070,sentiment,neutral,negative
28073,sentiment,negative,negative
28083,sentiment,positive,positive
28088,sentiment,neutral,negative
28095,sentiment,positive,positive
28102,sentiment,neutral,neutral
28118,sentiment,negative,negative
28119,sentiment,negative,negative
28123,sentiment,negative,negative
28131,sentiment,neutral,negative
28135,sentiment,positive,neutral
28140,sentiment,negative,negative
28141,sentiment,negative,neutral
28145,sentiment,negative,negative
28151,sentiment,neutral,positive
28153,sentiment,neutral,negative
28168,sentiment,negative,negative
28171,sentiment,negative,negative
28177,sentiment,negative,negative
28178,sentiment,neutral,negative
28189,sentiment,positive,negative
28212,sentiment,negative,negative
28223,sentiment,neutral,negative
28230,sentiment,negative,negative
28233,sentiment,negative,negative
28241,sentiment,negative,negative
28248,sentiment,neutral,negative
28255,sentiment,negative,negative
28260,sentiment,neutral,negative
28276,sentiment,negative,negative
28277,sentiment,negative,negative
28280,sentiment,neutral,negative
28285,sentiment,negative,positive
28287,sentiment,neutral,neutral
28288,sentiment,neutral,negative
28311,sentiment,negative,negative
28324,sentiment,negative,negative
28327,sentiment,negative,negative
28329,sentiment,positive,neutral
28337,sentiment,negative,negative
28349,sentiment,negative,negative
28350,sentiment,negative,negative
28355,sentiment,neutral,negative
28385,sentiment,positive,positive
28387,sentiment,negative,negative
28398,sentiment,neutral,neutral
28420,sentiment,negative,negative
28423,sentiment,negative,negative
28428,sentiment,negative,negative
28432,sentiment,negative,negative
28435,sentiment,neutral,negative
28440,sentiment,negative,negative
28447,sentiment,neutral,negative
28453,sentiment,neutral,negative
28454,sentiment,neutral,negative
28463,sentiment,negative,negative
28464,sentiment,neutral,positive
28465,sentiment,neutral,negative
28474,sentiment,neutral,negative
28475,sentiment,negative,negative
28490,sentiment,neutral,negative
28497,sentiment,neutral,positive
28503,sentiment,negative,positive
28510,sentiment,negative,negative
28511,sentiment,negative,negative
28567,sentiment,neutral,negative
28573,sentiment,neutral,neutral
28576,sentiment,negative,neutral
28606,sentiment,negative,negative
28608,sentiment,negative,negative
28623,sentiment,negative,negative
28626,sentiment,negative,negative
28642,sentiment,neutral,positive
28658,sentiment,neutral,neutral
28674,sentiment,negative,negative
28680,sentiment,negative,negative
28681,sentiment,negative,negative
28683,sentiment,negative,negative
28689,sentiment,neutral,negative
28692,sentiment,negative,negative
28696,sentiment,negative,negative
28705,sentiment,negative,negative
28715,sentiment,neutral,negative
28729,sentiment,neutral,negative
28741,sentiment,negative,negative
28745,sentiment,neutral,negative
28759,sentiment,negative,negative
28767,sentiment,negative,negative
28769,sentiment,neutral,negative
28773,sentiment,negative,negative
28780,sentiment,negative,negative
28799,sentiment,neutral,negative
28822,sentiment,negative,negative
28825,sentiment,neutral,negative
28826,sentiment,negative,negative
28830,sentiment,neutral,negative
28839,sentiment,neutral,positive
28845,sentiment,negative,negative
28857,sentiment,negative,negative
28863,sentiment,negative,negative
28865,sentiment,negative,negative
28883,sentiment,neutral,neutral
28895,sentiment,positive,positive
28897,sentiment,negative,positive
28898,sentiment,neutral,negative
28904,sentiment,negative,negative
28913,sentiment,negative,negative
28918,sentiment,negative,negative
28925,sentiment,negative,negative
28930,sentiment,negative,negative
28931,sentiment,negative,negative
28936,sentiment,negative,negative
28938,sentiment,negative,negative
28943,sentiment,neutral,negative
28947,sentiment,negative,negative
28978,sentiment,negative,positive
28988,sentiment,negative,negative
28989,sentiment,negative,negative
28997,sentiment,negative,negative
28998,sentiment,neutral,negative
29012,sentiment,positive,positive
29017,sentiment,neutral,negative
29021,sentiment,negative,neutral
29025,sentiment,positive,negative
29028,sentiment,negative,negative
29033,sentiment,negative,negative
29037,sentiment,neutral,negative
29058,sentiment,negative,positive
29062,sentiment,neutral,neutral
29065,sentiment,neutral,negative
29066,sentiment,negative,negative
29068,sentiment,negative,negative
29072,sentiment,neutral,positive
29075,sentiment,neutral,negative
29077,sentiment,neutral,negative
29085,sentiment,negative,negative
29089,sentiment,negative,negative
29095,sentiment,negative,negative
29096,sentiment,negative,negative
29100,sentiment,negative,negative
29112,sentiment,negative,negative
29113,sentiment,neutral,negative
29120,sentiment,negative,negative
29132,sentiment,neutral,negative
29138,sentiment,neutral,negative
29140,sentiment,negative,negative
29142,sentiment,negative,negative
29152,sentiment,neutral,negative
29153,sentiment,neutral,neutral
29156,sentiment,negative,negative
29160,sentiment,negative,negative
29185,sentiment,neutral,positive
29197,sentiment,negative,negative
29204,sentiment,negative,negative
29222,sentiment,negative,negative
29231,sentiment,negative,negative
29238,sentiment,negative,negative
29242,sentiment,negative,neutral
29245,sentiment,negative,negative
29250,sentiment,neutral,negative
29254,sentiment,negative,negative
29266,sentiment,neutral,negative
29280,sentiment,negative,positive
29281,sentiment,neutral,neutral
29288,sentiment,negative,negative
29295,sentiment,neutral,negative
29307,sentiment,neutral,neutral
29310,sentiment,negative,negative
29314,sentiment,negative,negative
29315,sentiment,negative,negative
29317,sentiment,negative,positive
29321,sentiment,neutral,negative
29323,sentiment,neutral,positive
29325,sentiment,neutral,negative
29326,sentiment,neutral,neutral
29331,sentiment,negative,negative
29336,sentiment,neutral,negative
29338,sentiment,neutral,neutral
29341,sentiment,negative,negative
29346,sentiment,neutral,negative
29353,sentiment,negative,negative
29358,sentiment,negative,negative
29361,sentiment,neutral,negative
29366,sentiment,neutral,negative
29369,sentiment,negative,negative
29373,sentiment,negative,negative
29377,sentiment,negative,negative
29378,sentiment,neutral,negative
29384,sentiment,negative,negative
29405,sentiment,neutral,negative
29414,sentiment,negative,negative
29418,sentiment,negative,positive
29448,sentiment,negative,negative
29451,sentiment,neutral,negative
29461,sentiment,neutral,negative
29474,sentiment,negative,negative
29478,sentiment,negative,negative
29480,sentiment,neutral,negative
29488,sentiment,negative,negative
29489,sentiment,negative,negative
29495,sentiment,negative,negative
29496,sentiment,neutral,neutral
29497,sentiment,neutral,negative
29505,sentiment,negative,negative
29510,sentiment,neutral,negative
29513,sentiment,neutral,positive
29522,sentiment,negative,neutral
29531,sentiment,neutral,neutral
29532,sentiment,negative,negative
29548,sentiment,negative,neutral
29558,sentiment,neutral,negative
29559,sentiment,negative,negative
29569,sentiment,neutral,neutral
29574,sentiment,negative,negative
29576,sentiment,negative,negative
29578,sentiment,negative,negative
29581,sentiment,negative,negative
29584,sentiment,negative,negative
29595,sentiment,negative,negative
29601,sentiment,negative,negative
29603,sentiment,neutral,negative
29622,sentiment,neutral,neutral
29631,sentiment,neutral,negative
29636,sentiment,neutral,neutral
29639,sentiment,neutral,positive
29642,sentiment,neutral,positive
29647,sentiment,neutral,negative
29657,sentiment,neutral,neutral
29668,sentiment,negative,negative
29672,sentiment,positive,negative
29685,sentiment,neutral,positive
29689,sentiment,neutral,positive
29705,sentiment,neutral,negative
29718,sentiment,neutral,negative
29719,sentiment,negative,negative
29729,sentiment,neutral,negative
29740,sentiment,neutral,positive
29741,sentiment,neutral,negative
29752,sentiment,neutral,neutral
29758,sentiment,neutral,positive
29774,sentiment,neutral,negative
29781,sentiment,neutral,negative
29790,sentiment,neutral,negative
29791,sentiment,negative,negative
29800,sentiment,neutral,negative
29804,sentiment,neutral,negative
29824,sentiment,neutral,negative
29832,sentiment,neutral,negative
29833,sentiment,neutral,negative
29838,sentiment,neutral,negative
29840,sentiment,neutral,negative
29842,sentiment,neutral,negative
29847,sentiment,positive,negative
29860,sentiment,neutral,negative
29865,sentiment,neutral,neutral
29869,sentiment,negative,negative
29875,sentiment,positive,negative
29883,sentiment,neutral,neutral
29893,sentiment,neutral,negative
29903,sentiment,neutral,positive
29908,sentiment,neutral,negative
29915,sentiment,neutral,negative
29918,sentiment,neutral,neutral
29926,sentiment,neutral,negative
29930,sentiment,negative,negative
29937,sentiment,neutral,neutral
29940,sentiment,neutral,positive
29943,sentiment,neutral,negative
29944,sentiment,neutral,negative
29945,sentiment,neutral,positive
29956,sentiment,neutral,negative
29961,sentiment,neutral,neutral
29967,sentiment,negative,negative
29984,sentiment,negative,negative
29997,sentiment,neutral,negative
30005,sentiment,negative,negative
30021,sentiment,negative,negative
30028,sentiment,negative,negative
30034,sentiment,positive,positive
30038,sentiment,neutral,positive
30039,sentiment,neutral,negative
30042,sentiment,neutral,negative
30046,sentiment,negative,negative
30049,sentiment,neutral,positive
30052,sentiment,negative,positive
30056,sentiment,negative,negative
30057,sentiment,positive,positive
30058,sentiment,positive,positive
30066,sentiment,negative,negative
30072,sentiment,neutral,positive
30081,sentiment,negative,positive
30094,sentiment,negative,negative
30096,sentiment,positive,positive
30100,sentiment,negative,negative
30103,sentiment,positive,positive
30106,sentiment,neutral,negative
30122,sentiment,positive,neutral
30134,sentiment,neutral,negative
30136,sentiment,negative,negative
30145,sentiment,neutral,neutral
30146,sentiment,negative,negative
30150,sentiment,neutral,neutral
30158,sentiment,negative,negative
30159,sentiment,positive,positive
30160,sentiment,neutral,positive
30166,sentiment,negative,negative
30171,sentiment,positive,positive
30186,sentiment,neutral,negative
30199,sentiment,negative,negative
30207,sentiment,neutral,neutral
30216,sentiment,negative,negative
30217,sentiment,negative,negative
30224,sentiment,negative,negative
30226,sentiment,negative,negative
30234,sentiment,negative,negative
30236,sentiment,positive,positive
30242,sentiment,negative,negative
30259,sentiment,negative,negative
30270,sentiment,positive,neutral
30298,sentiment,neutral,negative
30302,sentiment,positive,positive
30314,sentiment,positive,positive
30315,sentiment,neutral,negative
30316,sentiment,negative,negative
30317,sentiment,negative,negative
30331,sentiment,neutral,neutral
30344,sentiment,positive,positive
30348,sentiment,positive,negative
30349,sentiment,negative,negative
30353,sentiment,positive,positive
30359,sentiment,neutral,negative
30401,sentiment,positive,positive
30403,sentiment,neutral,negative
30404,sentiment,positive,positive
30408,sentiment,negative,neutral
30409,sentiment,neutral,negative
30417,sentiment,positive,positive
30418,sentiment,positive,positive
30432,sentiment,positive,positive
30436,sentiment,negative,negative
30462,sentiment,neutral,positive
30468,sentiment,positive,positive
30481,sentiment,positive,positive
30499,sentiment,neutral,neutral
30502,sentiment,positive,positive
30505,sentiment,neutral,positive
30514,sentiment,positive,positive
30528,sentiment,neutral,neutral
30532,sentiment,neutral,positive
30533,sentiment,positive,positive
30534,sentiment,positive,positive
30537,sentiment,positive,neutral
30539,sentiment,positive,positive
30544,sentiment,neutral,positive
30545,sentiment,positive,positive
30548,sentiment,negative,negative
30557,sentiment,positive,positive
30570,sentiment,neutral,neutral
30571,sentiment,neutral,positive
30573,sentiment,positive,positive
30579,sentiment,positive,positive
30580,sentiment,neutral,positive
30605,sentiment,positive,negative
30606,sentiment,neutral,neutral
30609,sentiment,neutral,neutral
30619,sentiment,neutral,neutral
30621,sentiment,neutral,positive
30623,sentiment,neutral,neutral
30624,sentiment,negative,positive
30631,sentiment,neutral,negative
30636,sentiment,positive,positive
30638,sentiment,neutral,neutral
30649,sentiment,positive,positive
30662,sentiment,neutral,positive
30663,sentiment,neutral,neutral
30669,sentiment,neutral,positive
30679,sentiment,positive,positive
30687,sentiment,positive,negative
30694,sentiment,neutral,neutral
30708,sentiment,neutral,neutral
30711,sentiment,neutral,positive
30714,sentiment,neutral,neutral
30735,sentiment,negative,negative
30736,sentiment,negative,positive
30753,sentiment,positive,negative
30759,sentiment,neutral,neutral
30763,sentiment,neutral,neutral
30770,sentiment,neutral,neutral
30777,sentiment,negative,negative
30780,sentiment,positive,positive
30795,sentiment,neutral,neutral
30800,sentiment,neutral,negative
30811,sentiment,positive,positive
30814,sentiment,neutral,neutral
30823,sentiment,neutral,positive
30832,sentiment,positive,positive
30850,sentiment,positive,positive
30858,sentiment,neutral,negative
30864,sentiment,neutral,neutral
30882,sentiment,neutral,neutral
30886,sentiment,neutral,negative
30888,sentiment,positive,positive
30893,sentiment,positive,negative
30898,sentiment,neutral,negative
30899,sentiment,neutral,neutral
30908,sentiment,positive,positive
30920,sentiment,negative,negative
30928,sentiment,neutral,neutral
30941,sentiment,neutral,positive
30959,sentiment,neutral,neutral
30965,sentiment,neutral,neutral
30977,sentiment,negative,negative
30980,sentiment,neutral,neutral
30986,sentiment,neutral,neutral
30994,sentiment,neutral,positive
31002,sentiment,neutral,neutral
31007,sentiment,neutral,neutral
31024,sentiment,negative,neutral
31026,sentiment,neutral,neutral
31042,sentiment,neutral,positive
31059,sentiment,neutral,neutral
31065,sentiment,neutral,negative
31069,sentiment,negative,negative
31071,sentiment,negative,negative
31095,sentiment,negative,negative
31113,sentiment,negative,positive
31115,sentiment,positive,neutral
31129,sentiment,positive,positive
31130,sentiment,neutral,neutral
31135,sentiment,neutral,positive
31152,sentiment,positive,positive
31165,sentiment,negative,neutral
31187,sentiment,positive,neutral
31200,sentiment,negative,neutral
31216,sentiment,positive,positive
31228,sentiment,neutral,positive
31232,sentiment,positive,positive
31236,sentiment,negative,negative
31249,sentiment,negative,neutral
31269,sentiment,neutral,neutral
31272,sentiment,neutral,neutral
31274,sentiment,negative,negative
31290,sentiment,neutral,neutral
31294,sentiment,positive,positive
31301,sentiment,neutral,neutral
31318,sentiment,positive,positive
31321,sentiment,positive,positive
31325,sentiment,negative,negative
31328,sentiment,positive,positive
31329,sentiment,neutral,neutral
31334,sentiment,positive,positive
31348,sentiment,positive,positive
31353,sentiment,negative,negative
31361,sentiment,positive,positive
31362,sentiment,neutral,neutral
31376,sentiment,positive,positive
31394,sentiment,negative,negative
31404,sentiment,positive,positive
31412,sentiment,positive,positive
31426,sentiment,neutral,neutral
31440,sentiment,negative,negative
31441,sentiment,positive,positive
31464,sentiment,neutral,neutral
31468,sentiment,positive,positive
31472,sentiment,positive,positive
31473,sentiment,positive,positive
31481,sentiment,positive,positive
31514,sentiment,positive,positive
31526,sentiment,neutral,neutral
31529,sentiment,negative,negative
31535,sentiment,negative,negative
31545,sentiment,neutral,neutral
31554,sentiment,neutral,positive
31562,sentiment,positive,positive
31572,sentiment,neutral,neutral
31593,sentiment,negative,negative
31598,sentiment,positive,positive
31603,sentiment,positive,positive
31607,sentiment,positive,positive
31614,sentiment,neutral,neutral
31647,sentiment,neutral,positive
31672,sentiment,positive,positive
31674,sentiment,positive,positive
31687,sentiment,neutral,neutral
31705,sentiment,neutral,neutral
31707,sentiment,negative,negative
31718,sentiment,positive,positive
31727,sentiment,positive,positive
31729,sentiment,positive,positive
31744,sentiment,positive,positive
31756,sentiment,positive,positive
31773,sentiment,negative,negative
31774,sentiment,neutral,neutral
31777,sentiment,neutral,positive
31822,sentiment,neutral,neutral
31829,sentiment,neutral,positive
31832,sentiment,negative,neutral
31836,sentiment,neutral,neutral
31843,sentiment,neutral,neutral
31846,sentiment,neutral,positive
31851,sentiment,neutral,neutral
31864,sentiment,neutral,positive
31869,sentiment,neutral,neutral
31870,sentiment,neutral,negative
31907,sentiment,positive,positive
31909,sentiment,neutral,neutral
31911,sentiment,neutral,positive
31935,sentiment,neutral,neutral
31937,sentiment,neutral,neutral
31942,sentiment,positive,positive
31947,sentiment,neutral,neutral
31948,sentiment,neutral,neutral
31950,sentiment,positive,positive
31961,sentiment,positive,positive
31979,sentiment,positive,positive
31999,sentiment,positive,positive
32001,sentiment,negative,negative
32004,sentiment,neutral,neutral
32011,sentiment,neutral,neutral
32013,sentiment,negative,negative
32024,sentiment,negative,negative
32048,sentiment,negative,negative
32055,sentiment,positive,positive
32063,sentiment,positive,positive
32073,sentiment,neutral,positive
32087,sentiment,negative,negative
32089,sentiment,negative,positive
32112,sentiment,neutral,neutral
32114,sentiment,neutral,neutral
32140,sentiment,neutral,neutral
32147,sentiment,neutral,positive
32153,sentiment,negative,negative
32168,sentiment,positive,positive
32171,sentiment,neutral,negative
32173,sentiment,neutral,neutral
32186,sentiment,positive,positive
32193,sentiment,neutral,positive
32196,sentiment,positive,positive
32207,sentiment,neutral,positive
32209,sentiment,neutral,neutral
32228,sentiment,positive,positive
32240,sentiment,negative,negative
32245,sentiment,neutral,positive
32246,sentiment,neutral,neutral
32252,sentiment,negative,negative
32261,sentiment,neutral,neutral
32267,sentiment,neutral,neutral
32293,sentiment,negative,negative
32308,sentiment,neutral,neutral
32320,sentiment,positive,positive
32330,sentiment,neutral,neutral
32338,sentiment,negative,negative
32373,sentiment,positive,positive
32401,sentiment,negative,negative
32404,sentiment,neutral,neutral
32414,sentiment,negative,neutral
32423,sentiment,negative,negative
32432,sentiment,neutral,neutral
32435,sentiment,neutral,neutral
32439,sentiment,neutral,negative
32445,sentiment,neutral,neutral
32449,sentiment,neutral,neutral
32456,sentiment,neutral,neutral
32475,sentiment,neutral,neutral
32544,sentiment,positive,positive
32546,sentiment,neutral,neutral
32554,sentiment,neutral,neutral
32562,sentiment,negative,negative
32580,sentiment,negative,negative
32586,sentiment,neutral,neutral
32594,sentiment,negative,negative
32596,sentiment,positive,neutral
32601,sentiment,neutral,positive
32609,sentiment,neutral,neutral
32631,sentiment,negative,negative
32634,sentiment,positive,positive
32636,sentiment,negative,negative
32698,sentiment,neutral,positive
32707,sentiment,negative,negative
32721,sentiment,positive,neutral
32730,sentiment,positive,positive
32746,sentiment,neutral,neutral
32764,sentiment,neutral,neutral
32773,sentiment,negative,negative
32775,sentiment,negative,neutral
32783,sentiment,negative,positive
32789,sentiment,neutral,negative
32790,sentiment,negative,positive
32796,sentiment,neutral,positive
32799,sentiment,neutral,negative
32806,sentiment,negative,negative
32809,sentiment,negative,negative
32816,sentiment,positive,negative
32826,sentiment,positive,positive
32851,sentiment,neutral,neutral
32857,sentiment,negative,negative
32866,sentiment,negative,negative
32895,sentiment,neutral,positive
32901,sentiment,negative,positive
32902,sentiment,negative,negative
32924,sentiment,neutral,neutral
32925,sentiment,negative,negative
32926,sentiment,positive,positive
32932,sentiment,positive,positive
32943,sentiment,neutral,positive
32949,sentiment,neutral,neutral
32951,sentiment,neutral,negative
32958,sentiment,negative,negative
32969,sentiment,positive,positive
32992,sentiment,neutral,negative
33014,sentiment,positive,positive
33024,sentiment,neutral,neutral
33058,sentiment,neutral,neutral
33067,sentiment,negative,negative
33076,sentiment,neutral,positive
33077,sentiment,neutral,neutral
33096,sentiment,positive,positive
33101,sentiment,neutral,positive
33104,sentiment,negative,neutral
33108,sentiment,neutral,neutral
33109,sentiment,positive,positive
33111,sentiment,neutral,positive
33115,sentiment,negative,negative
33116,sentiment,negative,negative
33119,sentiment,neutral,neutral
33139,sentiment,neutral,neutral
33145,sentiment,positive,positive
33180,sentiment,neutral,neutral
33185,sentiment,neutral,neutral
33220,sentiment,positive,positive
33232,sentiment,neutral,neutral
33261,sentiment,neutral,neutral
33277,sentiment,neutral,positive
33282,sentiment,neutral,positive
33288,sentiment,neutral,neutral
33294,sentiment,neutral,neutral
33296,sentiment,neutral,neutral
33328,sentiment,neutral,positive
33332,sentiment,neutral,positive
33337,sentiment,positive,positive
33339,sentiment,positive,positive
33349,sentiment,positive,positive
33370,sentiment,neutral,neutral
33373,sentiment,positive,neutral
33377,sentiment,positive,positive
33385,sentiment,positive,positive
33388,sentiment,neutral,positive
33390,sentiment,positive,positive
33431,sentiment,neutral,positive
33439,sentiment,positive,positive
33454,sentiment,negative,positive
33459,sentiment,positive,positive
33490,sentiment,positive,positive
33491,sentiment,neutral,neutral
33495,sentiment,positive,positive
33496,sentiment,neutral,neutral
33504,sentiment,positive,positive
33534,sentiment,neutral,neutral
33558,sentiment,neutral,neutral
33569,sentiment,neutral,neutral
33573,sentiment,negative,positive
33578,sentiment,positive,neutral
33601,sentiment,neutral,positive
33611,sentiment,positive,positive
33636,sentiment,positive,positive
33637,sentiment,positive,positive
33670,sentiment,positive,positive
33694,sentiment,neutral,neutral
33713,sentiment,neutral,neutral
33725,sentiment,neutral,neutral
33730,sentiment,neutral,neutral
33731,sentiment,neutral,negative
33733,sentiment,positive,positive
33736,sentiment,neutral,neutral
33737,sentiment,neutral,neutral
33744,sentiment,neutral,neutral
33748,sentiment,positive,positive
33756,sentiment,neutral,neutral
33786,sentiment,positive,positive
33788,sentiment,positive,neutral
33791,sentiment,neutral,neutral
33795,sentiment,positive,positive
33812,sentiment,positive,positive
33823,sentiment,neutral,negative
33824,sentiment,neutral,positive
33832,sentiment,neutral,positive
33833,sentiment,neutral,neutral
33862,sentiment,positive,positive
33887,sentiment,neutral,neutral
33903,sentiment,neutral,neutral
33917,sentiment,neutral,neutral
33921,sentiment,neutral,neutral
33926,sentiment,positive,neutral
33956,sentiment,positive,positive
33959,sentiment,positive,positive
33967,sentiment,neutral,neutral
33969,sentiment,positive,neutral
33970,sentiment,neutral,positive
33978,sentiment,neutral,neutral
33982,sentiment,neutral,neutral
33985,sentiment,neutral,neutral
34004,sentiment,positive,positive
34009,sentiment,neutral,neutral
34039,sentiment,neutral,neutral
34058,sentiment,positive,neutral
34064,sentiment,neutral,neutral
34099,sentiment,positive,positive
34102,sentiment,positive,positive
34105,sentiment,negative,positive
34107,sentiment,neutral,negative
34114,sentiment,positive,positive
34120,sentiment,neutral,positive
34130,sentiment,positive,neutral
34167,sentiment,positive,positive
34171,sentiment,positive,positive
34183,sentiment,neutral,neutral
34185,sentiment,positive,positive
34197,sentiment,positive,negative
34218,sentiment,neutral,neutral
34219,sentiment,positive,positive
34236,sentiment,neutral,neutral
34269,sentiment,positive,positive
34272,sentiment,positive,positive
34306,sentiment,positive,positive
34307,sentiment,positive,positive
34308,sentiment,neutral,neutral
34316,sentiment,neutral,neutral
34323,sentiment,positive,positive
34325,sentiment,positive,positive
34326,sentiment,positive,positive
34335,sentiment,neutral,neutral
34362,sentiment,positive,positive
34439,sentiment,positive,positive
34450,sentiment,neutral,neutral
34459,sentiment,positive,positive
34468,sentiment,neutral,neutral
34482,sentiment,neutral,neutral
34535,sentiment,neutral,positive
34575,sentiment,positive,positive
34584,sentiment,negative,negative
34601,sentiment,positive,positive
34625,sentiment,neutral,neutral
34633,sentiment,positive,positive
34653,sentiment,neutral,neutral
34665,sentiment,positive,positive
34666,sentiment,positive,positive
34671,sentiment,neutral,neutral
34714,sentiment,positive,positive
34740,sentiment,positive,positive
34757,sentiment,negative,negative
34765,sentiment,positive,positive
34770,sentiment,positive,positive
34778,sentiment,positive,positive
34812,sentiment,neutral,positive
34831,sentiment,positive,positive
34836,sentiment,neutral,neutral
34842,sentiment,positive,positive
34852,sentiment,neutral,positive
34860,sentiment,positive,positive
34893,sentiment,positive,positive
34899,sentiment,neutral,positive
34907,sentiment,positive,positive
34923,sentiment,positive,positive
34928,sentiment,neutral,neutral
34942,sentiment,neutral,neutral
34961,sentiment,neutral,neutral
34966,sentiment,negative,positive
34996,sentiment,positive,neutral
35015,sentiment,positive,positive
35031,sentiment,neutral,neutral
35079,sentiment,neutral,neutral
35095,sentiment,negative,negative
35136,sentiment,neutral,negative
35184,sentiment,positive,neutral
35214,sentiment,negative,negative
35216,sentiment,positive,positive
35232,sentiment,neutral,negative
35234,sentiment,negative,positive
35263,sentiment,positive,positive
35264,sentiment,neutral,neutral
35321,sentiment,positive,neutral
35359,sentiment,neutral,neutral
35396,sentiment,positive,positive
35445,sentiment,negative,negative
35450,sentiment,neutral,neutral
35499,sentiment,neutral,neutral
35576,sentiment,positive,positive
35624,sentiment,neutral,neutral
35631,sentiment,positive,positive
35668,sentiment,positive,neutral
35673,sentiment,neutral,neutral
35689,sentiment,neutral,neutral
35691,sentiment,neutral,neutral
35701,sentiment,neutral,neutral
35702,sentiment,neutral,positive
35704,sentiment,neutral,neutral
35732,sentiment,negative,negative
35756,sentiment,neutral,neutral
35861,sentiment,neutral,neutral
35887,sentiment,neutral,positive
35912,sentiment,positive,positive
35953,sentiment,positive,positive
35963,sentiment,negative,neutral
35967,sentiment,neutral,neutral
36022,sentiment,neutral,neutral
36030,sentiment,positive,positive
36086,sentiment,neutral,negative
36119,sentiment,positive,positive
36135,sentiment,positive,positive
36140,sentiment,positive,positive
36211,sentiment,positive,positive
36250,sentiment,neutral,positive
36272,sentiment,negative,positive
36288,sentiment,positive,positive
36289,sentiment,positive,positive
36313,sentiment,positive,positive
36352,sentiment,neutral,negative
36377,sentiment,neutral,neutral
36384,sentiment,neutral,neutral
36403,sentiment,positive,positive
36437,sentiment,neutral,neutral
36454,sentiment,positive,positive
36465,sentiment,positive,positive
36490,sentiment,neutral,neutral
36498,sentiment,positive,positive
36522,sentiment,positive,positive
36550,sentiment,positive,positive
36562,sentiment,positive,neutral
36570,sentiment,neutral,neutral
36591,sentiment,negative,negative
36596,sentiment,neutral,neutral
36599,sentiment,positive,positive
36638,sentiment,neutral,neutral
36642,sentiment,positive,positive
36660,sentiment,neutral,neutral
36667,sentiment,neutral,positive
36684,sentiment,negative,negative
36686,sentiment,negative,negative
36687,sentiment,positive,positive
36688,sentiment,positive,positive
36712,sentiment,neutral,neutral
36714,sentiment,positive,positive
36723,sentiment,neutral,negative
36731,sentiment,negative,negative
36756,sentiment,positive,positive
36778,sentiment,positive,neutral
36785,sentiment,positive,positive
36787,sentiment,neutral,neutral
36796,sentiment,neutral,neutral
36803,sentiment,neutral,neutral
36823,sentiment,positive,neutral
36836,sentiment,neutral,neutral
36891,sentiment,neutral,neutral
36892,sentiment,positive,positive
36916,sentiment,positive,positive
36921,sentiment,positive,positive
36934,sentiment,neutral,positive
36954,sentiment,positive,positive
36977,sentiment,neutral,neutral
36979,sentiment,negative,negative
36981,sentiment,positive,positive
37034,sentiment,positive,positive
37042,sentiment,neutral,neutral
37061,sentiment,positive,positive
37091,sentiment,neutral,neutral
37099,sentiment,neutral,positive
37100,sentiment,neutral,positive
37105,sentiment,neutral,neutral
37116,sentiment,positive,positive
37118,sentiment,neutral,neutral
37120,sentiment,positive,positive
37141,sentiment,positive,neutral
37154,sentiment,neutral,neutral
37209,sentiment,positive,positive
37223,sentiment,negative,negative
37226,sentiment,neutral,positive
37233,sentiment,neutral,neutral
37242,sentiment,neutral,neutral
37266,sentiment,neutral,neutral
37275,sentiment,neutral,neutral
37278,sentiment,neutral,positive
37280,sentiment,positive,neutral
37285,sentiment,neutral,neutral
37292,sentiment,positive,positive
37312,sentiment,neutral,neutral
37317,sentiment,neutral,neutral
37318,sentiment,neutral,negative
37324,sentiment,negative,positive
37344,sentiment,neutral,neutral
37362,sentiment,positive,positive
37377,sentiment,positive,positive
37395,sentiment,neutral,positive
37403,sentiment,positive,positive
37440,sentiment,positive,positive
37488,sentiment,neutral,neutral
37489,sentiment,negative,negative
37491,sentiment,neutral,neutral
37492,sentiment,neutral,neutral
37506,sentiment,positive,positive
37518,sentiment,positive,positive
37528,sentiment,positive,positive
37531,sentiment,neutral,neutral
37539,sentiment,neutral,positive
37561,sentiment,negative,positive
37564,sentiment,negative,negative
37582,sentiment,positive,positive
37589,sentiment,positive,positive
37606,sentiment,positive,positive
37617,sentiment,negative,negative
37634,sentiment,neutral,neutral
37639,sentiment,neutral,neutral
37651,sentiment,neutral,neutral
37662,sentiment,positive,positive
37674,sentiment,negative,positive
37678,sentiment,neutral,neutral
37685,sentiment,neutral,neutral
37690,sentiment,neutral,neutral
37716,sentiment,neutral,neutral
37726,sentiment,positive,positive
37728,sentiment,negative,negative
37732,sentiment,positive,positive
37747,sentiment,neutral,positive
37789,sentiment,neutral,neutral
37794,sentiment,neutral,neutral
37843,sentiment,positive,positive
37852,sentiment,positive,positive
37853,sentiment,positive,neutral
37891,sentiment,neutral,neutral
37894,sentiment,positive,positive
37902,sentiment,positive,positive
37915,sentiment,neutral,positive
37917,sentiment,positive,positive
37921,sentiment,positive,positive
37938,sentiment,positive,positive
37944,sentiment,positive,positive
37957,sentiment,positive,positive
37959,sentiment,neutral,neutral
37964,sentiment,neutral,neutral
37978,sentiment,negative,negative
37981,sentiment,neutral,neutral
37983,sentiment,negative,neutral
38002,sentiment,neutral,neutral
38006,sentiment,neutral,neutral
38020,sentiment,neutral,positive
38025,sentiment,neutral,positive
38058,sentiment,positive,positive
38077,sentiment,positive,positive
38099,sentiment,positive,positive
38103,sentiment,negative,positive
38122,sentiment,negative,negative
38130,sentiment,neutral,neutral
38144,sentiment,positive,positive
38158,sentiment,neutral,neutral
38175,sentiment,negative,positive
38177,sentiment,positive,positive
38217,sentiment,neutral,neutral
38223,sentiment,negative,negative
38248,sentiment,negative,negative
38255,sentiment,positive,positive
38263,sentiment,positive,positive
38271,sentiment,neutral,neutral
38301,sentiment,positive,positive
38302,sentiment,positive,positive
38316,sentiment,positive,positive
38347,sentiment,positive,positive
38366,sentiment,neutral,positive
38387,sentiment,positive,neutral
38391,sentiment,neutral,neutral
38396,sentiment,neutral,neutral
38397,sentiment,neutral,neutral
38401,sentiment,neutral,neutral
38427,sentiment,neutral,positive
38428,sentiment,neutral,neutral
38434,sentiment,neutral,neutral
38437,sentiment,neutral,neutral
38442,sentiment,positive,positive
38457,sentiment,neutral,neutral
38472,sentiment,negative,positive
38486,sentiment,neutral,neutral
38491,sentiment,positive,positive
38534,sentiment,neutral,positive
38537,sentiment,positive,positive
38552,sentiment,neutral,neutral
38553,sentiment,neutral,neutral
38556,sentiment,neutral,neutral
38562,sentiment,neutral,positive
38573,sentiment,positive,positive
38601,sentiment,neutral,neutral
38622,sentiment,neutral,positive
38627,sentiment,neutral,neutral
38635,sentiment,neutral,neutral
38639,sentiment,neutral,neutral
38647,sentiment,neutral,neutral
38651,sentiment,neutral,neutral
38656,sentiment,neutral,neutral
38707,sentiment,neutral,positive
38711,sentiment,positive,positive
38715,sentiment,neutral,positive
38725,sentiment,negative,negative
38726,sentiment,neutral,neutral
38754,sentiment,neutral,positive
38800,sentiment,neutral,neutral
38803,sentiment,positive,positive
38815,sentiment,positive,positive
38816,sentiment,positive,positive
38825,sentiment,neutral,positive
38831,sentiment,positive,positive
38834,sentiment,negative,negative
38851,sentiment,positive,positive
38852,sentiment,neutral,positive
38868,sentiment,neutral,positive
38881,sentiment,positive,positive
38886,sentiment,positive,positive
38890,sentiment,positive,positive
38897,sentiment,positive,positive
38938,sentiment,positive,positive
38970,sentiment,positive,positive
38972,sentiment,positive,positive
38975,sentiment,neutral,neutral
38985,sentiment,neutral,neutral
38991,sentiment,negative,negative
38998,sentiment,positive,positive
39005,sentiment,positive,positive
39007,sentiment,negative,negative
39013,sentiment,positive,neutral
39078,sentiment,positive,positive
39095,sentiment,positive,positive
39109,sentiment,neutral,neutral
39111,sentiment,neutral,positive
39182,sentiment,neutral,neutral
39191,sentiment,positive,positive
39196,sentiment,negative,negative
39199,sentiment,neutral,neutral
39211,sentiment,positive,positive
39233,sentiment,positive,positive
39244,sentiment,neutral,positive
39253,sentiment,positive,positive
39277,sentiment,positive,positive
39301,sentiment,positive,neutral
39303,sentiment,positive,positive
39304,sentiment,positive,positive
39312,sentiment,negative,negative
39315,sentiment,positive,positive
39316,sentiment,neutral,positive
39324,sentiment,neutral,neutral
39332,sentiment,positive,positive
39336,sentiment,positive,positive
39337,sentiment,positive,positive
39358,sentiment,neutral,neutral
39363,sentiment,neutral,neutral
39382,sentiment,positive,positive
39391,sentiment,neutral,neutral
39446,sentiment,neutral,neutral
39460,sentiment,positive,positive
39469,sentiment,positive,positive
39472,sentiment,positive,positive
39480,sentiment,neutral,neutral
39481,sentiment,positive,positive
39490,sentiment,positive,positive
39499,sentiment,positive,positive
39503,sentiment,neutral,positive
39513,sentiment,neutral,neutral
39529,sentiment,neutral,positive
39532,sentiment,neutral,neutral
39536,sentiment,positive,positive
39547,sentiment,positive,positive
39593,sentiment,neutral,neutral
39601,sentiment,positive,positive
39609,sentiment,positive,positive
39610,sentiment,negative,negative
39620,sentiment,negative,positive
39627,sentiment,positive,positive
39631,sentiment,neutral,neutral
39641,sentiment,neutral,neutral
39646,sentiment,negative,negative
39657,sentiment,negative,negative
39673,sentiment,neutral,neutral
39714,sentiment,negative,neutral
39740,sentiment,positive,positive
39821,sentiment,neutral,neutral
39827,sentiment,neutral,positive
39869,sentiment,neutral,positive
39936,sentiment,negative,negative
39991,sentiment,positive,positive
40020,sentiment,negative,negative
40042,sentiment,positive,positive
40043,sentiment,negative,negative
40044,sentiment,negative,negative
40056,sentiment,positive,positive
40066,sentiment,neutral,neutral
40087,sentiment,positive,positive
40102,sentiment,neutral,neutral
40122,sentiment,positive,positive
40163,sentiment,positive,positive
40166,sentiment,negative,neutral
40170,sentiment,positive,positive
40208,sentiment,positive,neutral
40214,sentiment,neutral,positive
40225,sentiment,positive,positive
40247,sentiment,positive,neutral
40269,sentiment,negative,negative
40270,sentiment,positive,positive
40276,sentiment,positive,positive
40279,sentiment,positive,positive
40303,sentiment,positive,positive
40313,sentiment,positive,positive
40319,sentiment,positive,positive
40352,sentiment,neutral,negative
40401,sentiment,positive,positive
40429,sentiment,positive,positive
40438,sentiment,negative,negative
40464,sentiment,positive,positive
40465,sentiment,positive,positive
40504,sentiment,neutral,positive
40506,sentiment,positive,positive
40557,sentiment,positive,positive
40606,sentiment,neutral,neutral
40621,sentiment,positive,positive
40624,sentiment,positive,positive
40625,sentiment,positive,positive
40639,sentiment,neutral,neutral
40640,sentiment,positive,positive
40660,sentiment,neutral,neutral
40667,sentiment,positive,positive
40696,sentiment,positive,positive
40713,sentiment,positive,positive
40724,sentiment,positive,positive
40728,sentiment,positive,positive
40730,sentiment,positive,positive
40749,sentiment,neutral,neutral
40766,sentiment,neutral,neutral
40775,sentiment,positive,positive
40810,sentiment,neutral,neutral
40823,sentiment,positive,positive
40832,sentiment,positive,positive
40847,sentiment,positive,positive
40876,sentiment,neutral,neutral
40883,sentiment,positive,positive
40937,sentiment,neutral,negative
40950,sentiment,positive,positive
40963,sentiment,positive,positive
40968,sentiment,positive,positive
41011,sentiment,neutral,neutral
41015,sentiment,positive,neutral
41018,sentiment,positive,positive
41049,sentiment,neutral,positive
41050,sentiment,positive,positive
41053,sentiment,negative,positive
41068,sentiment,positive,positive
4,emotion,joy,joy
41,emotion,joy,joy
59,emotion,joy,joy
66,emotion,joy,joy
69,emotion,neutral,joy
83,emotion,joy,joy
94,emotion,neutral,joy
115,emotion,neutral,neutral
119,emotion,neutral,joy
137,emotion,neutral,joy
139,emotion,joy,joy
143,emotion,neutral,joy
150,emotion,joy,joy
164,emotion,joy,joy
187,emotion,joy,joy
195,emotion,joy,joy
208,emotion,joy,joy
215,emotion,joy,joy
218,emotion,disgust,sadness
222,emotion,neutral,sadness
230,emotion,joy,joy
232,emotion,joy,joy
239,emotion,disgust,disgust
240,emotion,joy,joy
252,emotion,joy,joy
253,emotion,joy,joy
262,emotion,joy,joy
265,emotion,joy,joy
269,emotion,joy,fear
271,emotion,neutral,sadness
274,emotion,neutral,neutral
283,emotion,neutral,neutral
289,emotion,neutral,joy
290,emotion,neutral,neutral
291,emotion,joy,joy
299,emotion,fear,fear
304,emotion,neutral,neutral
309,emotion,neutral,neutral
317,emotion,joy,joy
339,emotion,neutral,neutral
343,emotion,sadness,sadness
344,emotion,neutral,joy
345,emotion,neutral,neutral
347,emotion,neutral,neutral
348,emotion,neutral,neutral
356,emotion,joy,joy
359,emotion,joy,neutral
360,emotion,neutral,neutral
369,emotion,joy,joy
375,emotion,joy,joy
378,emotion,joy,joy
379,emotion,neutral,neutral
383,emotion,joy,neutral
385,emotion,neutral,joy
396,emotion,joy,joy
403,emotion,joy,sadness
405,emotion,joy,joy
410,emotion,neutral,neutral
418,emotion,sadness,sadness
420,emotion,neutral,joy
423,emotion,joy,neutral
435,emotion,neutral,neutral
436,emotion,disgust,joy
440,emotion,joy,joy
448,emotion,neutral,neutral
449,emotion,joy,joy
450,emotion,joy,joy
451,emotion,anger,anger
473,emotion,neutral,neutral
477,emotion,joy,joy
482,emotion,neutral,neutral
483,emotion,neutral,neutral
495,emotion,neutral,fear
516,emotion,neutral,joy
521,emotion,neutral,joy
525,emotion,neutral,neutral
527,emotion,neutral,neutral
529,emotion,joy,joy
532,emotion,joy,surprise
550,emotion,joy,sadness
555,emotion,disgust,disgust
570,emotion,joy,joy
574,emotion,joy,joy
585,emotion,neutral,neutral
590,emotion,disgust,disgust
608,emotion,joy,joy
613,emotion,neutral,joy
654,emotion,neutral,neutral
671,emotion,joy,fear
674,emotion,neutral,neutral
676,emotion,neutral,neutral
680,emotion,joy,neutral
688,emotion,neutral,neutral
695,emotion,neutral,joy
697,emotion,joy,joy
702,emotion,neutral,joy
706,emotion,neutral,joy
710,emotion,neutral,neutral
713,emotion,sadness,joy
716,emotion,neutral,joy
717,emotion,anger,fear
723,emotion,neutral,joy
725,emotion,fear,fear
729,emotion,neutral,neutral
739,emotion,neutral,neutral
749,emotion,sadness,sadness
757,emotion,sadness,sadness
765,emotion,joy,joy
772,emotion,joy,joy
774,emotion,neutral,neutral
778,emotion,neutral,neutral
791,emotion,joy,joy
796,emotion,sadness,joy
809,emotion,joy,joy
811,emotion,joy,joy
816,emotion,joy,joy
820,emotion,neutral,neutral
821,emotion,neutral,neutral
823,emotion,joy,joy
828,emotion,neutral,joy
829,emotion,anger,anger
832,emotion,neutral,neutral
837,emotion,neutral,joy
841,emotion,sadness,sadness
855,emotion,neutral,joy
865,emotion,joy,joy
907,emotion,joy,sadness
908,emotion,neutral,joy
910,emotion,joy,neutral
917,emotion,sadness,fear
920,emotion,joy,anger
922,emotion,neutral,neutral
938,emotion,sadness,neutral
940,emotion,sadness,fear
943,emotion,joy,neutral
975,emotion,joy,joy
987,emotion,neutral,neutral
995,emotion,neutral,fear
1007,emotion,joy,joy
1013,emotion,sadness,anger
1018,emotion,sadness,sadness
1026,emotion,sadness,sadness
1033,emotion,joy,joy
1064,emotion,neutral,joy
1072,emotion,joy,joy
1082,emotion,neutral,joy
1088,emotion,joy,joy
1091,emotion,neutral,joy
1094,emotion,joy,joy
1103,emotion,joy,joy
1130,emotion,joy,joy
1131,emotion,neutral,neutral
1151,emotion,neutral,neutral
1165,emotion,joy,joy
1168,emotion,joy,joy
1169,emotion,surprise,neutral
1178,emotion,neutral,neutral
1180,emotion,neutral,neutral
1185,emotion,neutral,joy
1187,emotion,neutral,neutral
1193,emotion,joy,joy
1200,emotion,surprise,joy
1206,emotion,joy,surprise
1212,emotion,neutral,neutral
1218,emotion,neutral,neutral
1220,emotion,anger,fear
1223,emotion,sadness,sadness
1237,emotion,neutral,joy
1243,emotion,neutral,joy
1245,emotion,surprise,sadness
1249,emotion,joy,fear
1251,emotion,sadness,neutral
1257,emotion,sadness,joy
1268,emotion,sadness,joy
1273,emotion,joy,sadness
1274,emotion,neutral,joy
1292,emotion,joy,disgust
1294,emotion,neutral,joy
1308,emotion,neutral,sadness
1312,emotion,joy,sadness
1319,emotion,fear,sadness
1325,emotion,sadness,sadness
1332,emotion,sadness,sadness
1336,emotion,neutral,joy
1348,emotion,sadness,sadness
1362,emotion,disgust,sadness
1365,emotion,joy,joy
1367,emotion,sadness,surprise
1369,emotion,sadness,sadness
1374,emotion,neutral,surprise
1380,emotion,sadness,disgust
1403,emotion,surprise,surprise
1408,emotion,surprise,neutral
1411,emotion,joy,neutral
1425,emotion,surprise,sadness
1428,emotion,sadness,sadness
1429,emotion,surprise,surprise
1437,emotion,joy,disgust
1442,emotion,joy,joy
1445,emotion,neutral,sadness
1468,emotion,neutral,neutral
1488,emotion,joy,joy
1493,emotion,neutral,neutral
1494,emotion,joy,joy
1514,emotion,neutral,fear
1517,emotion,neutral,neutral
1523,emotion,neutral,neutral
1530,emotion,joy,joy
1533,emotion,neutral,joy
1540,emotion,neutral,joy
1543,emotion,sadness,joy
1561,emotion,neutral,sadness
1568,emotion,joy,disgust
1594,emotion,neutral,neutral
1604,emotion,neutral,neutral
1622,emotion,neutral,joy
1623,emotion,neutral,sadness
1645,emotion,anger,anger
1648,emotion,joy,joy
1651,emotion,neutral,sadness
1657,emotion,anger,anger
1661,emotion,joy,neutral
1663,emotion,fear,fear
1671,emotion,anger,disgust
1677,emotion,sadness,sadness
1680,emotion,joy,neutral
1681,emotion,neutral,neutral
1700,emotion,anger,anger
1702,emotion,joy,joy
1706,emotion,neutral,neutral
1715,emotion,joy,joy
1722,emotion,joy,joy
1728,emotion,neutral,joy
1736,emotion,joy,joy
1741,emotion,joy,neutral
1742,emotion,disgust,joy
1751,emotion,sadness,sadness
1753,emotion,sadness,joy
1761,emotion,neutral,neutral
1776,emotion,neutral,sadness
1799,emotion,joy,joy
1801,emotion,neutral,neutral
1802,emotion,sadness,sadness
1820,emotion,neutral,joy
1822,emotion,neutral,neutral
1823,emotion,joy,joy
1825,emotion,joy,joy
1827,emotion,neutral,joy
1849,emotion,neutral,neutral
1860,emotion,joy,fear
1862,emotion,neutral,joy
1864,emotion,neutral,neutral
1869,emotion,neutral,joy
1887,emotion,joy,joy
1894,emotion,neutral,neutral
1898,emotion,neutral,neutral
1904,emotion,neutral,neutral
1906,emotion,joy,joy
1928,emotion,joy,joy
1931,emotion,neutral,joy
1933,emotion,neutral,neutral
1936,emotion,neutral,neutral
1948,emotion,sadness,sadness
1956,emotion,neutral,neutral
1959,emotion,fear,joy
1962,emotion,neutral,joy
1974,emotion,neutral,fear
1980,emotion,neutral,neutral
1987,emotion,sadness,sadness
1990,emotion,neutral,neutral
1991,emotion,joy,sadness
1993,emotion,joy,joy
1997,emotion,joy,joy
2000,emotion,fear,sadness
2009,emotion,neutral,sadness
2010,emotion,joy,sadness
2024,emotion,joy,joy
2029,emotion,neutral,neutral
2033,emotion,joy,joy
2034,emotion,sadness,joy
2035,emotion,neutral,joy
2037,emotion,neutral,joy
2060,emotion,joy,neutral
2092,emotion,joy,joy
2101,emotion,neutral,neutral
2102,emotion,neutral,neutral
2126,emotion,neutral,neutral
2129,emotion,neutral,surprise
2133,emotion,joy,joy
2134,emotion,joy,joy
2136,emotion,joy,sadness
2147,emotion,joy,joy
2161,emotion,neutral,joy
2165,emotion,neutral,neutral
2172,emotion,joy,joy
2176,emotion,neutral,neutral
2194,emotion,sadness,anger
2195,emotion,joy,joy
2223,emotion,disgust,joy
2224,emotion,sadness,neutral
2228,emotion,neutral,neutral
2236,emotion,neutral,joy
2241,emotion,joy,neutral
2247,emotion,anger,anger
2257,emotion,joy,joy
2260,emotion,neutral,neutral
2269,emotion,neutral,neutral
2293,emotion,neutral,neutral
2308,emotion,anger,disgust
2311,emotion,sadness,neutral
2328,emotion,joy,joy
2337,emotion,neutral,joy
2340,emotion,neutral,neutral
2342,emotion,neutral,joy
2350,emotion,neutral,neutral
2368,emotion,sadness,joy
2374,emotion,neutral,neutral
2383,emotion,neutral,sadness
2396,emotion,neutral,neutral
2408,emotion,joy,neutral
2419,emotion,sadness,sadness
2420,emotion,fear,fear
2431,emotion,joy,joy
2450,emotion,joy,joy
2462,emotion,joy,joy
2466,emotion,sadness,neutral
2471,emotion,joy,joy
2481,emotion,neutral,joy
2489,emotion,joy,neutral
2492,emotion,joy,joy
2498,emotion,neutral,neutral
2499,emotion,joy,joy
2503,emotion,sadness,sadness
2513,emotion,joy,joy
2526,emotion,joy,joy
2529,emotion,joy,joy
2535,emotion,neutral,neutral
2536,emotion,neutral,neutral
2548,emotion,joy,joy
2557,emotion,neutral,neutral
2558,emotion,joy,joy
2564,emotion,neutral,neutral
2568,emotion,joy,joy
2572,emotion,joy,sadness
2573,emotion,joy,joy
2586,emotion,neutral,neutral
2596,emotion,sadness,sadness
2599,emotion,joy,joy
2603,emotion,neutral,neutral
2606,emotion,anger,anger
2609,emotion,neutral,neutral
2615,emotion,neutral,neutral
2627,emotion,disgust,disgust
2630,emotion,neutral,joy
2633,emotion,neutral,neutral
2644,emotion,joy,joy
2645,emotion,joy,joy
2646,emotion,anger,sadness
2649,emotion,joy,neutral
2655,emotion,anger,anger
2657,emotion,neutral,joy
2682,emotion,joy,joy
2688,emotion,neutral,neutral
2693,emotion,sadness,sadness
2701,emotion,neutral,sadness
2708,emotion,joy,joy
2718,emotion,sadness,disgust
2738,emotion,joy,joy
2741,emotion,neutral,joy
2742,emotion,neutral,neutral
2743,emotion,joy,fear
2753,emotion,neutral,neutral
2755,emotion,neutral,neutral
2757,emotion,joy,joy
2774,emotion,neutral,neutral
2775,emotion,neutral,joy
2801,emotion,joy,joy
2813,emotion,joy,neutral
2815,emotion,joy,joy
2819,emotion,joy,joy
2827,emotion,neutral,joy
2863,emotion,neutral,neutral
2870,emotion,neutral,joy
2877,emotion,joy,sadness
2879,emotion,anger,anger
2889,emotion,joy,joy
2896,emotion,neutral,neutral
2897,emotion,neutral,anger
2901,emotion,neutral,neutral
2934,emotion,joy,surprise
2936,emotion,joy,fear
2938,emotion,neutral,neutral
2941,emotion,neutral,sadness
2950,emotion,joy,sadness
2954,emotion,joy,anger
2973,emotion,anger,anger
2979,emotion,joy,neutral
2983,emotion,joy,joy
2985,emotion,sadness,sadness
2990,emotion,joy,joy
2995,emotion,anger,anger
3013,emotion,joy,joy
3016,emotion,neutral,neutral
3019,emotion,neutral,joy
3021,emotion,neutral,joy
3026,emotion,joy,joy
3028,emotion,joy,joy
3035,emotion,neutral,neutral
3039,emotion,neutral,neutral
3041,emotion,neutral,neutral
3048,emotion,neutral,disgust
3052,emotion,fear,fear
3062,emotion,neutral,sadness
3065,emotion,neutral,neutral
3066,emotion,neutral,neutral
3074,emotion,joy,joy
3075,emotion,joy,joy
3080,emotion,neutral,neutral
3094,emotion,neutral,neutral
3097,emotion,neutral,neutral
3100,emotion,anger,joy
3141,emotion,neutral,joy
3149,emotion,joy,joy
3152,emotion,joy,joy
3165,emotion,neutral,sadness
3171,emotion,joy,joy
3172,emotion,joy,joy
3180,emotion,joy,joy
3182,emotion,joy,joy
3185,emotion,joy,joy
3189,emotion,neutral,joy
3200,emotion,joy,joy
3209,emotion,joy,neutral
3215,emotion,joy,joy
3219,emotion,neutral,neutral
3224,emotion,neutral,neutral
3227,emotion,neutral,neutral
3228,emotion,disgust,disgust
3236,emotion,neutral,fear
3240,emotion,neutral,neutral
3242,emotion,joy,joy
3243,emotion,neutral,neutral
3251,emotion,neutral,neutral
3259,emotion,neutral,neutral
3263,emotion,neutral,neutral
3264,emotion,joy,joy
3280,emotion,neutral,neutral
3296,emotion,neutral,neutral
3341,emotion,joy,joy
3346,emotion,neutral,disgust
3353,emotion,neutral,neutral
3360,emotion,joy,joy
3361,emotion,joy,sadness
3364,emotion,neutral,disgust
3369,emotion,joy,joy
3371,emotion,fear,fear
3377,emotion,joy,joy
3381,emotion,joy,joy
3382,emotion,anger,anger
3384,emotion,neutral,neutral
3392,emotion,neutral,neutral
3393,emotion,joy,joy
3411,emotion,neutral,neutral
3419,emotion,neutral,neutral
3421,emotion,anger,disgust
3422,emotion,anger,anger
3428,emotion,sadness,sadness
3432,emotion,joy,sadness
3438,emotion,neutral,neutral
3444,emotion,joy,joy
3445,emotion,joy,joy
3447,emotion,neutral,neutral
3458,emotion,neutral,joy
3607,emotion,anger,anger
3620,emotion,joy,joy
3640,emotion,joy,joy
3647,emotion,neutral,neutral
3648,emotion,joy,joy
3656,emotion,joy,sadness
3666,emotion,joy,joy
3675,emotion,neutral,neutral
3688,emotion,joy,joy
3690,emotion,neutral,neutral
3695,emotion,neutral,neutral
3708,emotion,neutral,joy
3712,emotion,joy,joy
3721,emotion,joy,joy
3740,emotion,joy,joy
3741,emotion,joy,joy
3752,emotion,neutral,joy
3754,emotion,joy,joy
3757,emotion,neutral,joy
3766,emotion,neutral,neutral
3770,emotion,neutral,neutral
3791,emotion,joy,neutral
3803,emotion,anger,anger
3821,emotion,joy,neutral
3825,emotion,joy,joy
3837,emotion,neutral,joy
3867,emotion,disgust,disgust
3870,emotion,neutral,disgust
3894,emotion,joy,joy
3908,emotion,sadness,joy
3912,emotion,neutral,joy
3920,emotion,neutral,joy
3924,emotion,joy,joy
3926,emotion,anger,sadness
3928,emotion,neutral,disgust
3937,emotion,neutral,neutral
3949,emotion,neutral,neutral
3952,emotion,disgust,disgust
3964,emotion,neutral,neutral
3978,emotion,sadness,joy
3980,emotion,joy,joy
3987,emotion,neutral,neutral
3989,emotion,joy,joy
3992,emotion,joy,joy
4006,emotion,neutral,neutral
4015,emotion,neutral,neutral
4016,emotion,neutral,joy
4026,emotion,neutral,neutral
4027,emotion,neutral,neutral
4035,emotion,neutral,neutral
4065,emotion,joy,joy
4075,emotion,neutral,neutral
4081,emotion,joy,joy
4091,emotion,neutral,sadness
4092,emotion,neutral,neutral
4102,emotion,joy,joy
4112,emotion,joy,joy
4119,emotion,disgust,anger
4122,emotion,joy,joy
4126,emotion,anger,anger
4127,emotion,joy,joy
4133,emotion,anger,anger
4139,emotion,neutral,joy
4158,emotion,anger,anger
4166,emotion,disgust,disgust
4172,emotion,disgust,anger
4176,emotion,sadness,neutral
4181,emotion,neutral,sadness
4185,emotion,neutral,neutral
4190,emotion,joy,joy
4194,emotion,sadness,sadness
4201,emotion,sadness,sadness
4208,emotion,neutral,sadness
4211,emotion,joy,joy
4214,emotion,neutral,joy
4221,emotion,disgust,disgust
4227,emotion,sadness,neutral
4228,emotion,neutral,neutral
4236,emotion,joy,neutral
4240,emotion,neutral,neutral
4245,emotion,neutral,neutral
4249,emotion,neutral,neutral
4250,emotion,joy,joy
4253,emotion,neutral,neutral
4255,emotion,neutral,disgust
4262,emotion,neutral,sadness
4265,emotion,joy,joy
4268,emotion,neutral,neutral
4269,emotion,neutral,neutral
4273,emotion,neutral,neutral
4275,emotion,disgust,sadness
4276,emotion,neutral,sadness
4292,emotion,neutral,neutral
4303,emotion,neutral,neutral
4316,emotion,neutral,neutral
4326,emotion,joy,joy
4346,emotion,joy,joy
4350,emotion,joy,joy
4358,emotion,joy,joy
4359,emotion,joy,joy
4367,emotion,neutral,sadness
4368,emotion,joy,joy
4378,emotion,joy,joy
4379,emotion,joy,joy
4387,emotion,neutral,neutral
4388,emotion,joy,joy
4402,emotion,joy,joy
4408,emotion,joy,joy
4409,emotion,joy,joy
4410,emotion,joy,joy
4414,emotion,neutral,neutral
4417,emotion,neutral,sadness
4430,emotion,sadness,sadness
4438,emotion,neutral,neutral
4447,emotion,joy,joy
4465,emotion,joy,joy
4470,emotion,joy,joy
4476,emotion,neutral,neutral
4500,emotion,joy,joy
4503,emotion,neutral,neutral
4507,emotion,joy,joy
4509,emotion,joy,joy
4510,emotion,joy,joy
4514,emotion,joy,neutral
4515,emotion,disgust,joy
4516,emotion,neutral,joy
4520,emotion,neutral,neutral
4522,emotion,neutral,anger
4524,emotion,neutral,sadness
4529,emotion,neutral,neutral
4549,emotion,neutral,sadness
4550,emotion,neutral,joy
4555,emotion,neutral,neutral
4560,emotion,joy,surprise
4561,emotion,sadness,sadness
4575,emotion,neutral,neutral
4616,emotion,joy,neutral
4629,emotion,joy,anger
4634,emotion,neutral,disgust
4642,emotion,anger,anger
4656,emotion,joy,joy
4660,emotion,joy,joy
4663,emotion,neutral,joy
4683,emotion,joy,joy
4686,emotion,joy,fear
4696,emotion,joy,anger
4698,emotion,neutral,joy
4699,emotion,neutral,joy
4700,emotion,joy,sadness
4729,emotion,neutral,joy
4732,emotion,neutral,neutral
4742,emotion,neutral,neutral
4743,emotion,neutral,neutral
4761,emotion,joy,joy
4765,emotion,joy,joy
4778,emotion,neutral,anger
4791,emotion,neutral,neutral
4792,emotion,neutral,sadness
4800,emotion,joy,joy
4811,emotion,neutral,neutral
4815,emotion,neutral,neutral
4817,emotion,neutral,neutral
4821,emotion,neutral,neutral
4830,emotion,neutral,disgust
4836,emotion,neutral,neutral
4838,emotion,neutral,neutral
4843,emotion,neutral,neutral
4855,emotion,neutral,anger
4860,emotion,neutral,fear
4867,emotion,neutral,joy
4869,emotion,neutral,anger
4878,emotion,neutral,sadness
4880,emotion,neutral,neutral
4917,emotion,neutral,neutral
4920,emotion,neutral,neutral
4922,emotion,neutral,neutral
4927,emotion,neutral,neutral
4934,emotion,neutral,disgust
4936,emotion,neutral,joy
4946,emotion,neutral,neutral
4949,emotion,neutral,neutral
4951,emotion,joy,joy
4960,emotion,surprise,surprise
4962,emotion,joy,joy
4963,emotion,joy,joy
4973,emotion,neutral,sadness
4974,emotion,neutral,joy
4990,emotion,joy,joy
4991,emotion,neutral,neutral
5004,emotion,neutral,sadness
5007,emotion,joy,joy
5009,emotion,neutral,neutral
5039,emotion,neutral,neutral
5051,emotion,joy,joy
5069,emotion,neutral,neutral
5072,emotion,neutral,neutral
5081,emotion,neutral,neutral
5094,emotion,joy,surprise
5095,emotion,neutral,joy
5099,emotion,joy,joy
5102,emotion,neutral,neutral
5108,emotion,joy,joy
5119,emotion,neutral,neutral
5125,emotion,neutral,sadness
5132,emotion,neutral,neutral
5134,emotion,neutral,neutral
5152,emotion,neutral,neutral
5161,emotion,neutral,neutral
5174,emotion,joy,joy
5194,emotion,joy,joy
5197,emotion,joy,joy
5199,emotion,neutral,neutral
5210,emotion,neutral,neutral
5211,emotion,neutral,neutral
5216,emotion,joy,joy
5218,emotion,joy,joy
5224,emotion,joy,joy
5231,emotion,joy,joy
5251,emotion,joy,joy
5254,emotion,joy,joy
5270,emotion,joy,joy
5278,emotion,joy,joy
5285,emotion,joy,joy
5305,emotion,joy,joy
5308,emotion,neutral,sadness
5311,emotion,joy,joy
5321,emotion,neutral,sadness
5324,emotion,neutral,neutral
5325,emotion,neutral,neutral
5328,emotion,neutral,joy
5342,emotion,neutral,neutral
5346,emotion,joy,joy
5355,emotion,joy,joy
5358,emotion,joy,joy
5360,emotion,joy,joy
5362,emotion,sadness,sadness
5365,emotion,joy,joy
5382,emotion,neutral,neutral
5395,emotion,joy,joy
5396,emotion,joy,joy
5399,emotion,neutral,neutral
5409,emotion,joy,joy
5410,emotion,neutral,neutral
5417,emotion,joy,joy
5419,emotion,neutral,neutral
5423,emotion,joy,joy
5433,emotion,joy,joy
5440,emotion,joy,joy
5441,emotion,joy,joy
5453,emotion,neutral,neutral
5456,emotion,neutral,neutral
5471,emotion,neutral,neutral
5488,emotion,joy,joy
5494,emotion,neutral,neutral
5500,emotion,joy,joy
5501,emotion,joy,joy
5504,emotion,neutral,joy
5511,emotion,joy,joy
5524,emotion,neutral,joy
5533,emotion,neutral,neutral
5536,emotion,neutral,neutral
5558,emotion,joy,joy
5560,emotion,joy,joy
5563,emotion,sadness,sadness
5594,emotion,joy,joy
5599,emotion,joy,joy
5605,emotion,joy,joy
5619,emotion,joy,joy
5632,emotion,joy,joy
5638,emotion,sadness,sadness
5639,emotion,neutral,joy
5645,emotion,joy,joy
5649,emotion,neutral,neutral
5650,emotion,joy,joy
5653,emotion,joy,joy
5658,emotion,joy,joy
5661,emotion,joy,neutral
5663,emotion,neutral,neutral
5666,emotion,joy,joy
5670,emotion,joy,joy
5671,emotion,neutral,neutral
5672,emotion,neutral,neutral
5680,emotion,neutral,neutral
5687,emotion,neutral,neutral
5691,emotion,joy,joy
5697,emotion,neutral,neutral
5705,emotion,joy,joy
5708,emotion,joy,fear
5710,emotion,joy,joy
5714,emotion,sadness,sadness
5719,emotion,joy,joy
5721,emotion,joy,joy
5744,emotion,joy,joy
5745,emotion,neutral,neutral
5747,emotion,joy,joy
5766,emotion,joy,joy
5767,emotion,sadness,sadness
5786,emotion,joy,joy
5790,emotion,neutral,neutral
5795,emotion,joy,joy
5797,emotion,neutral,sadness
5801,emotion,joy,joy
5811,emotion,joy,joy
5822,emotion,joy,joy
5848,emotion,joy,joy
5852,emotion,joy,joy
5858,emotion,neutral,neutral
5860,emotion,joy,joy
5866,emotion,neutral,neutral
5876,emotion,joy,joy
5883,emotion,sadness,sadness
5885,emotion,joy,joy
5898,emotion,joy,joy
5899,emotion,neutral,neutral
5922,emotion,joy,joy
5937,emotion,joy,joy
5941,emotion,joy,joy
5942,emotion,joy,joy
5945,emotion,joy,joy
5962,emotion,joy,joy
5963,emotion,joy,joy
5964,emotion,joy,joy
5968,emotion,neutral,neutral
5969,emotion,neutral,neutral
5982,emotion,joy,joy
5985,emotion,joy,joy
5998,emotion,joy,joy
6004,emotion,neutral,neutral
6011,emotion,joy,joy
6017,emotion,joy,joy
6018,emotion,joy,joy
6027,emotion,joy,joy
6037,emotion,neutral,neutral
6038,emotion,joy,joy
6045,emotion,joy,joy
6048,emotion,joy,joy
6050,emotion,joy,joy
6051,emotion,joy,joy
6053,emotion,joy,joy
6056,emotion,joy,joy
6076,emotion,joy,joy
6103,emotion,joy,joy
6110,emotion,joy,joy
6124,emotion,neutral,neutral
6125,emotion,joy,neutral
6126,emotion,joy,joy
6127,emotion,neutral,neutral
6132,emotion,neutral,neutral
6140,emotion,joy,joy
6142,emotion,joy,joy
6148,emotion,neutral,neutral
6152,emotion,neutral,neutral
6157,emotion,neutral,neutral
6161,emotion,joy,joy
6169,emotion,sadness,sadness
6191,emotion,neutral,neutral
6197,emotion,neutral,neutral
6204,emotion,neutral,neutral
6205,emotion,neutral,neutral
6214,emotion,joy,joy
6218,emotion,neutral,neutral
6219,emotion,neutral,neutral
6222,emotion,neutral,neutral
6232,emotion,joy,joy
6233,emotion,joy,joy
6236,emotion,joy,joy
6237,emotion,neutral,neutral
6238,emotion,joy,joy
6241,emotion,neutral,fear
6250,emotion,neutral,neutral
6279,emotion,neutral,neutral
6287,emotion,neutral,neutral
6311,emotion,joy,sadness
6313,emotion,neutral,neutral
6323,emotion,joy,surprise
6351,emotion,joy,joy
6359,emotion,joy,neutral
6366,emotion,neutral,neutral
6369,emotion,joy,surprise
6375,emotion,neutral,neutral
6379,emotion,neutral,neutral
6381,emotion,sadness,sadness
6402,emotion,neutral,neutral
6416,emotion,neutral,neutral
6419,emotion,neutral,neutral
6421,emotion,neutral,fear
6426,emotion,neutral,neutral
6431,emotion,neutral,neutral
6432,emotion,neutral,neutral
6441,emotion,neutral,neutral
6443,emotion,neutral,neutral
6446,emotion,neutral,neutral
6458,emotion,neutral,neutral
6461,emotion,joy,joy
6478,emotion,neutral,neutral
6493,emotion,neutral,neutral
6508,emotion,neutral,neutral
6517,emotion,neutral,neutral
6519,emotion,joy,joy
6547,emotion,joy,joy
6549,emotion,neutral,neutral
6554,emotion,neutral,neutral
6559,emotion,neutral,neutral
6561,emotion,neutral,neutral
6564,emotion,neutral,neutral
6573,emotion,sadness,sadness
6581,emotion,neutral,neutral
6582,emotion,joy,neutral
6585,emotion,neutral,fear
6596,emotion,neutral,neutral
6600,emotion,neutral,neutral
6602,emotion,joy,joy
6606,emotion,neutral,neutral
6614,emotion,joy,joy
6627,emotion,neutral,surprise
6630,emotion,neutral,neutral
6631,emotion,neutral,neutral
6639,emotion,neutral,neutral
6652,emotion,neutral,neutral
6657,emotion,neutral,neutral
6694,emotion,neutral,joy
6696,emotion,neutral,neutral
6712,emotion,joy,joy
6721,emotion,neutral,neutral
6730,emotion,neutral,neutral
6732,emotion,neutral,neutral
6747,emotion,joy,joy
6749,emotion,neutral,neutral
6751,emotion,neutral,neutral
6759,emotion,neutral,neutral
6768,emotion,neutral,neutral
6771,emotion,neutral,neutral
6772,emotion,neutral,neutral
6780,emotion,neutral,neutral
6793,emotion,joy,joy
6797,emotion,joy,joy
6807,emotion,neutral,neutral
6814,emotion,neutral,neutral
6820,emotion,joy,joy
6837,emotion,neutral,neutral
6852,emotion,neutral,neutral
6855,emotion,joy,joy
6869,emotion,neutral,sadness
6872,emotion,neutral,neutral
6874,emotion,neutral,neutral
6894,emotion,joy,joy
6896,emotion,joy,neutral
6905,emotion,neutral,neutral
6906,emotion,neutral,neutral
6911,emotion,neutral,neutral
6913,emotion,neutral,neutral
6918,emotion,neutral,neutral
6924,emotion,surprise,surprise
6928,emotion,neutral,neutral
6930,emotion,neutral,neutral
6934,emotion,neutral,neutral
6935,emotion,fear,fear
6949,emotion,neutral,neutral
6963,emotion,neutral,neutral
6964,emotion,neutral,neutral
6986,emotion,neutral,neutral
6995,emotion,neutral,neutral
7007,emotion,neutral,neutral
7019,emotion,neutral,neutral
7036,emotion,neutral,neutral
7037,emotion,neutral,neutral
7045,emotion,neutral,neutral
7063,emotion,joy,joy
7066,emotion,neutral,neutral
7082,emotion,neutral,neutral
7094,emotion,neutral,neutral
7095,emotion,neutral,neutral
7105,emotion,neutral,neutral
7109,emotion,neutral,neutral
7110,emotion,neutral,neutral
7114,emotion,neutral,neutral
7119,emotion,neutral,neutral
7120,emotion,neutral,neutral
7124,emotion,joy,joy
7131,emotion,joy,joy
7141,emotion,neutral,neutral
7151,emotion,neutral,neutral
7177,emotion,neutral,neutral
7185,emotion,neutral,neutral
7203,emotion,joy,joy
7207,emotion,neutral,neutral
7215,emotion,joy,joy
7225,emotion,neutral,neutral
7232,emotion,joy,joy
7243,emotion,joy,neutral
7244,emotion,neutral,neutral
7248,emotion,neutral,joy
7262,emotion,joy,joy
7275,emotion,joy,joy
7291,emotion,neutral,neutral
7298,emotion,neutral,neutral
7301,emotion,neutral,neutral
7305,emotion,neutral,neutral
7307,emotion,joy,joy
7313,emotion,neutral,neutral
7319,emotion,neutral,neutral
7320,emotion,neutral,neutral
7332,emotion,joy,joy
7345,emotion,neutral,neutral
7347,emotion,neutral,neutral
7350,emotion,neutral,neutral
7376,emotion,neutral,neutral
7379,emotion,neutral,neutral
7380,emotion,sadness,joy
7389,emotion,joy,joy
7391,emotion,neutral,neutral
7400,emotion,neutral,neutral
7403,emotion,joy,joy
7404,emotion,neutral,neutral
7411,emotion,joy,joy
7419,emotion,neutral,joy
7420,emotion,joy,joy
7421,emotion,joy,joy
7429,emotion,neutral,neutral
7438,emotion,neutral,neutral
7445,emotion,neutral,neutral
7447,emotion,neutral,neutral
7452,emotion,joy,joy
7454,emotion,neutral,neutral
7461,emotion,joy,joy
7469,emotion,neutral,neutral
7472,emotion,neutral,neutral
7493,emotion,neutral,neutral
7495,emotion,neutral,neutral
7501,emotion,neutral,neutral
7508,emotion,neutral,neutral
7522,emotion,joy,joy
7545,emotion,neutral,neutral
7546,emotion,neutral,neutral
7549,emotion,neutral,neutral
7551,emotion,joy,joy
7562,emotion,neutral,neutral
7563,emotion,neutral,neutral
7570,emotion,sadness,sadness
7573,emotion,neutral,neutral
7586,emotion,neutral,neutral
7591,emotion,joy,joy
7594,emotion,neutral,neutral
7597,emotion,neutral,neutral
7609,emotion,neutral,neutral
7611,emotion,neutral,neutral
7613,emotion,joy,joy
7616,emotion,neutral,neutral
7635,emotion,neutral,surprise
7636,emotion,neutral,neutral
7641,emotion,neutral,neutral
7654,emotion,neutral,neutral
7658,emotion,joy,joy
7660,emotion,neutral,neutral
7664,emotion,neutral,neutral
7674,emotion,neutral,neutral
7681,emotion,neutral,neutral
7686,emotion,neutral,neutral
7688,emotion,joy,joy
7689,emotion,neutral,neutral
7717,emotion,neutral,neutral
7721,emotion,neutral,neutral
7737,emotion,joy,joy
7738,emotion,neutral,neutral
7740,emotion,neutral,neutral
7745,emotion,joy,joy
10275,emotion,joy,neutral
10280,emotion,joy,neutral
10288,emotion,neutral,joy
10302,emotion,neutral,neutral
10306,emotion,neutral,neutral
10327,emotion,joy,neutral
10342,emotion,neutral,neutral
10343,emotion,joy,joy
10357,emotion,neutral,neutral
10370,emotion,joy,joy
10390,emotion,joy,joy
10398,emotion,joy,neutral
10401,emotion,neutral,neutral
10405,emotion,joy,neutral
10452,emotion,neutral,neutral
10458,emotion,joy,neutral
10464,emotion,neutral,joy
10480,emotion,disgust,disgust
10488,emotion,neutral,sadness
10495,emotion,neutral,neutral
10507,emotion,neutral,neutral
10521,emotion,joy,neutral
10527,emotion,neutral,neutral
10537,emotion,neutral,neutral
10572,emotion,joy,joy
10585,emotion,neutral,neutral
10619,emotion,neutral,neutral
10635,emotion,joy,joy
10650,emotion,neutral,neutral
10660,emotion,neutral,neutral
10672,emotion,neutral,neutral
10689,emotion,neutral,neutral
10691,emotion,neutral,neutral
10694,emotion,neutral,neutral
10706,emotion,neutral,neutral
10718,emotion,neutral,anger
10736,emotion,neutral,neutral
10754,emotion,neutral,neutral
10763,emotion,neutral,neutral
10765,emotion,neutral,neutral
10766,emotion,joy,joy
10802,emotion,neutral,neutral
10810,emotion,neutral,neutral
10818,emotion,neutral,neutral
10844,emotion,joy,joy
10856,emotion,neutral,neutral
10869,emotion,joy,joy
10892,emotion,neutral,surprise
10897,emotion,joy,neutral
10903,emotion,joy,joy
10926,emotion,neutral,neutral
10941,emotion,joy,joy
10945,emotion,joy,neutral
10954,emotion,neutral,neutral
10955,emotion,neutral,neutral
10963,emotion,neutral,surprise
10966,emotion,joy,joy
10969,emotion,neutral,neutral
10977,emotion,neutral,sadness
10984,emotion,neutral,joy
10988,emotion,neutral,neutral
11008,emotion,joy,joy
11010,emotion,neutral,neutral
11060,emotion,joy,joy
11064,emotion,joy,joy
11067,emotion,neutral,joy
11071,emotion,joy,joy
11098,emotion,neutral,neutral
11127,emotion,joy,joy
11131,emotion,neutral,neutral
11135,emotion,neutral,neutral
11143,emotion,neutral,neutral
11167,emotion,joy,joy
11180,emotion,neutral,neutral
11186,emotion,neutral,neutral
11189,emotion,neutral,neutral
11202,emotion,joy,joy
11242,emotion,joy,joy
11246,emotion,neutral,neutral
11253,emotion,neutral,sadness
11254,emotion,neutral,neutral
11255,emotion,joy,joy
11263,emotion,joy,joy
11278,emotion,neutral,neutral
11301,emotion,neutral,neutral
11304,emotion,joy,joy
11319,emotion,neutral,neutral
11322,emotion,neutral,joy
11331,emotion,neutral,surprise
11335,emotion,neutral,sadness
11338,emotion,neutral,neutral
11350,emotion,neutral,neutral
11366,emotion,neutral,neutral
11395,emotion,neutral,neutral
11407,emotion,neutral,neutral
11428,emotion,neutral,neutral
11441,emotion,joy,neutral
11460,emotion,joy,joy
11461,emotion,neutral,neutral
11477,emotion,neutral,neutral
11488,emotion,neutral,neutral
11490,emotion,joy,joy
11500,emotion,neutral,neutral
11505,emotion,neutral,neutral
11515,emotion,joy,joy
11542,emotion,joy,joy
11547,emotion,neutral,neutral
11550,emotion,neutral,neutral
11551,emotion,neutral,neutral
11553,emotion,neutral,neutral
11560,emotion,neutral,neutral
11566,emotion,neutral,neutral
11587,emotion,neutral,neutral
11602,emotion,neutral,surprise
11606,emotion,neutral,joy
11623,emotion,neutral,neutral
11638,emotion,neutral,neutral
11640,emotion,neutral,neutral
11659,emotion,neutral,neutral
11662,emotion,neutral,neutral
11664,emotion,neutral,joy
11668,emotion,neutral,joy
11670,emotion,neutral,neutral
11673,emotion,neutral,neutral
11675,emotion,neutral,neutral
11685,emotion,neutral,neutral
11690,emotion,neutral,neutral
11710,emotion,joy,joy
11712,emotion,joy,joy
11715,emotion,neutral,neutral
11737,emotion,joy,joy
11758,emotion,neutral,neutral
11773,emotion,joy,joy
11785,emotion,neutral,neutral
11793,emotion,neutral,neutral
11794,emotion,joy,joy
11796,emotion,neutral,neutral
11803,emotion,joy,joy
11805,emotion,neutral,neutral
11818,emotion,neutral,neutral
11829,emotion,neutral,neutral
11836,emotion,neutral,neutral
11852,emotion,neutral,neutral
11855,emotion,neutral,neutral
11862,emotion,joy,joy
11870,emotion,neutral,neutral
11889,emotion,joy,joy
11890,emotion,neutral,neutral
11898,emotion,joy,joy
11899,emotion,joy,joy
11905,emotion,neutral,neutral
11908,emotion,neutral,neutral
11910,emotion,neutral,joy
11911,emotion,neutral,neutral
11917,emotion,neutral,neutral
11921,emotion,neutral,neutral
11930,emotion,neutral,disgust
11931,emotion,joy,joy
11934,emotion,neutral,joy
11944,emotion,neutral,neutral
11959,emotion,neutral,joy
11960,emotion,joy,joy
11962,emotion,joy,joy
11970,emotion,neutral,neutral
11981,emotion,neutral,neutral
11999,emotion,neutral,surprise
12006,emotion,neutral,neutral
12008,emotion,joy,joy
12021,emotion,surprise,surprise
12034,emotion,neutral,neutral
12046,emotion,neutral,neutral
12052,emotion,joy,joy
12079,emotion,neutral,neutral
12083,emotion,neutral,neutral
12106,emotion,neutral,neutral
12111,emotion,neutral,neutral
12114,emotion,joy,joy
12120,emotion,neutral,neutral
12124,emotion,joy,joy
12129,emotion,neutral,surprise
12144,emotion,joy,joy
12146,emotion,neutral,neutral
12171,emotion,neutral,neutral
12179,emotion,neutral,neutral
12196,emotion,neutral,neutral
12201,emotion,neutral,neutral
12214,emotion,neutral,neutral
12218,emotion,joy,joy
12221,emotion,neutral,neutral
12228,emotion,neutral,neutral
12233,emotion,neutral,neutral
12306,emotion,neutral,neutral
12309,emotion,neutral,neutral
12312,emotion,neutral,neutral
12331,emotion,neutral,joy
12343,emotion,neutral,joy
12344,emotion,neutral,neutral
12361,emotion,neutral,neutral
12370,emotion,neutral,neutral
12371,emotion,neutral,neutral
12373,emotion,neutral,neutral
12376,emotion,neutral,neutral
12392,emotion,neutral,neutral
12405,emotion,joy,joy
12407,emotion,neutral,neutral
12413,emotion,neutral,neutral
12417,emotion,neutral,neutral
12427,emotion,neutral,neutral
12432,emotion,neutral,neutral
12438,emotion,neutral,neutral
12444,emotion,joy,joy
12500,emotion,neutral,neutral
12503,emotion,neutral,joy
12510,emotion,neutral,neutral
12516,emotion,neutral,neutral
12523,emotion,neutral,neutral
12525,emotion,neutral,neutral
12526,emotion,neutral,neutral
12530,emotion,joy,joy
12561,emotion,neutral,neutral
12567,emotion,joy,joy
12570,emotion,neutral,neutral
12579,emotion,neutral,neutral
12589,emotion,neutral,neutral
12598,emotion,neutral,neutral
12612,emotion,neutral,neutral
12616,emotion,neutral,neutral
12624,emotion,joy,joy
12650,emotion,neutral,neutral
12653,emotion,neutral,neutral
12659,emotion,neutral,joy
12667,emotion,neutral,neutral
12688,emotion,neutral,neutral
12703,emotion,neutral,neutral
12704,emotion,joy,neutral
12708,emotion,neutral,neutral
12732,emotion,neutral,neutral
12736,emotion,neutral,neutral
12741,emotion,neutral,neutral
12757,emotion,neutral,neutral
12758,emotion,joy,joy
12763,emotion,neutral,neutral
12773,emotion,neutral,neutral
12786,emotion,joy,joy
12787,emotion,joy,joy
12791,emotion,joy,joy
12806,emotion,neutral,neutral
12827,emotion,neutral,neutral
12831,emotion,neutral,joy
12839,emotion,neutral,neutral
12869,emotion,neutral,neutral
12883,emotion,joy,joy
12888,emotion,neutral,neutral
12900,emotion,neutral,neutral
12910,emotion,joy,joy
12919,emotion,neutral,neutral
12921,emotion,neutral,neutral
12923,emotion,neutral,neutral
12927,emotion,joy,joy
12959,emotion,joy,joy
12960,emotion,neutral,neutral
12968,emotion,neutral,neutral
12979,emotion,neutral,neutral
12999,emotion,joy,joy
13010,emotion,neutral,neutral
13012,emotion,neutral,neutral
13031,emotion,neutral,neutral
13035,emotion,neutral,neutral
13044,emotion,neutral,neutral
13052,emotion,neutral,neutral
13057,emotion,neutral,neutral
13077,emotion,neutral,neutral
13083,emotion,neutral,surprise
13092,emotion,sadness,sadness
13095,emotion,neutral,neutral
13101,emotion,joy,joy
13117,emotion,neutral,neutral
13128,emotion,neutral,neutral
13167,emotion,joy,joy
13176,emotion,neutral,neutral
13181,emotion,neutral,neutral
13199,emotion,neutral,neutral
13203,emotion,neutral,neutral
13207,emotion,neutral,neutral
13227,emotion,neutral,joy
13248,emotion,joy,joy
13256,emotion,joy,sadness
13262,emotion,neutral,neutral
13263,emotion,neutral,neutral
13284,emotion,neutral,neutral
13311,emotion,joy,joy
13314,emotion,neutral,neutral
13319,emotion,joy,joy
13322,emotion,neutral,neutral
13332,emotion,neutral,neutral
13339,emotion,neutral,neutral
13346,emotion,neutral,neutral
13352,emotion,surprise,surprise
13373,emotion,neutral,neutral
13375,emotion,neutral,neutral
13400,emotion,neutral,neutral
13407,emotion,neutral,neutral
13422,emotion,joy,joy
13430,emotion,joy,joy
13447,emotion,joy,joy
13457,emotion,neutral,neutral
13481,emotion,neutral,neutral
13489,emotion,neutral,neutral
13517,emotion,neutral,neutral
13522,emotion,neutral,neutral
13524,emotion,neutral,neutral
13530,emotion,neutral,neutral
13541,emotion,neutral,neutral
13542,emotion,neutral,neutral
13566,emotion,neutral,neutral
13569,emotion,joy,joy
13571,emotion,neutral,neutral
13591,emotion,neutral,neutral
13622,emotion,neutral,neutral
13642,emotion,neutral,neutral
13646,emotion,joy,joy
13648,emotion,joy,joy
13666,emotion,neutral,neutral
13668,emotion,neutral,neutral
13674,emotion,neutral,neutral
13677,emotion,neutral,neutral
13683,emotion,neutral,neutral
13697,emotion,joy,joy
13705,emotion,neutral,neutral
13711,emotion,neutral,neutral
13734,emotion,neutral,sadness
13749,emotion,neutral,neutral
13772,emotion,neutral,neutral
13782,emotion,neutral,neutral
13783,emotion,neutral,neutral
13803,emotion,joy,joy
13813,emotion,neutral,surprise
13814,emotion,neutral,sadness
13826,emotion,neutral,neutral
13837,emotion,joy,surprise
13840,emotion,joy,joy
13851,emotion,neutral,neutral
13855,emotion,neutral,neutral
13864,emotion,neutral,sadness
13869,emotion,neutral,neutral
13871,emotion,neutral,neutral
13879,emotion,neutral,neutral
13882,emotion,joy,joy
13884,emotion,joy,surprise
13892,emotion,neutral,neutral
13893,emotion,neutral,neutral
13928,emotion,sadness,sadness
13935,emotion,neutral,neutral
13938,emotion,neutral,neutral
13939,emotion,neutral,neutral
13977,emotion,neutral,neutral
13978,emotion,neutral,neutral
13984,emotion,sadness,sadness
13992,emotion,joy,joy
14060,emotion,joy,joy
14063,emotion,neutral,neutral
14075,emotion,neutral,neutral
14104,emotion,neutral,neutral
14125,emotion,neutral,neutral
14132,emotion,neutral,neutral
14138,emotion,neutral,neutral
14155,emotion,neutral,joy
14217,emotion,sadness,sadness
14221,emotion,joy,joy
14240,emotion,neutral,neutral
14257,emotion,neutral,neutral
14260,emotion,neutral,neutral
14268,emotion,neutral,neutral
14271,emotion,neutral,neutral
14302,emotion,neutral,neutral
14307,emotion,neutral,neutral
14318,emotion,joy,joy
14327,emotion,neutral,neutral
14328,emotion,neutral,neutral
14330,emotion,joy,joy
14352,emotion,neutral,neutral
14353,emotion,neutral,neutral
14356,emotion,joy,joy
14382,emotion,neutral,neutral
14387,emotion,neutral,joy
14400,emotion,neutral,neutral
14403,emotion,neutral,neutral
14405,emotion,joy,joy
14447,emotion,neutral,neutral
14463,emotion,neutral,joy
14476,emotion,neutral,neutral
14508,emotion,neutral,neutral
14521,emotion,neutral,neutral
14527,emotion,joy,joy
14531,emotion,neutral,neutral
14536,emotion,neutral,neutral
14557,emotion,joy,joy
14564,emotion,neutral,neutral
14566,emotion,neutral,neutral
14572,emotion,neutral,neutral
14585,emotion,neutral,neutral
14595,emotion,neutral,sadness
14607,emotion,joy,joy
14624,emotion,neutral,neutral
14629,emotion,neutral,neutral
14631,emotion,neutral,joy
14642,emotion,neutral,neutral
14650,emotion,surprise,surprise
14657,emotion,neutral,neutral
14671,emotion,neutral,neutral
14693,emotion,neutral,neutral
14713,emotion,neutral,neutral
14721,emotion,neutral,neutral
14751,emotion,neutral,neutral
14755,emotion,neutral,neutral
14758,emotion,neutral,neutral
14765,emotion,neutral,neutral
14777,emotion,disgust,disgust
14783,emotion,neutral,sadness
14793,emotion,neutral,sadness
14794,emotion,neutral,neutral
14811,emotion,joy,joy
14827,emotion,neutral,neutral
14829,emotion,neutral,neutral
14833,emotion,joy,joy
14836,emotion,neutral,joy
14841,emotion,joy,joy
14843,emotion,neutral,neutral
14848,emotion,joy,joy
14853,emotion,neutral,neutral
14881,emotion,sadness,sadness
14886,emotion,sadness,sadness
14893,emotion,neutral,neutral
14895,emotion,neutral,neutral
14900,emotion,neutral,neutral
14909,emotion,neutral,neutral
14923,emotion,neutral,neutral
14929,emotion,surprise,neutral
14939,emotion,fear,fear
14940,emotion,neutral,neutral
14953,emotion,surprise,surprise
14959,emotion,neutral,neutral
14962,emotion,neutral,joy
14969,emotion,neutral,neutral
14981,emotion,neutral,neutral
14985,emotion,neutral,neutral
14986,emotion,sadness,sadness
15013,emotion,joy,joy
15029,emotion,neutral,neutral
15032,emotion,surprise,surprise
15052,emotion,neutral,neutral
15058,emotion,neutral,neutral
15071,emotion,neutral,neutral
15072,emotion,neutral,neutral
15073,emotion,joy,joy
15075,emotion,neutral,neutral
15080,emotion,neutral,neutral
15115,emotion,joy,joy
15135,emotion,neutral,neutral
15137,emotion,neutral,neutral
15151,emotion,neutral,neutral
15158,emotion,joy,neutral
15178,emotion,neutral,neutral
15188,emotion,joy,joy
15209,emotion,neutral,neutral
15212,emotion,sadness,sadness
15213,emotion,joy,joy
15221,emotion,neutral,neutral
15233,emotion,neutral,sadness
15247,emotion,joy,joy
15273,emotion,joy,joy
15281,emotion,neutral,neutral
15290,emotion,joy,neutral
15296,emotion,neutral,neutral
15299,emotion,neutral,neutral
15305,emotion,neutral,neutral
15310,emotion,neutral,neutral
15320,emotion,joy,joy
15322,emotion,joy,joy
15346,emotion,joy,joy
15364,emotion,neutral,neutral
15370,emotion,neutral,neutral
15379,emotion,neutral,surprise
15411,emotion,neutral,neutral
15443,emotion,neutral,neutral
15452,emotion,neutral,neutral
15463,emotion,neutral,neutral
15474,emotion,joy,neutral
15481,emotion,neutral,neutral
15501,emotion,neutral,neutral
15517,emotion,neutral,neutral
15526,emotion,neutral,neutral
15542,emotion,neutral,neutral
15548,emotion,joy,joy
15554,emotion,neutral,neutral
15558,emotion,neutral,neutral
15559,emotion,neutral,neutral
15575,emotion,neutral,neutral
15582,emotion,neutral,neutral
15602,emotion,neutral,neutral
15604,emotion,joy,joy
15609,emotion,joy,joy
15616,emotion,joy,joy
15618,emotion,neutral,joy
15623,emotion,neutral,neutral
15626,emotion,neutral,neutral
15636,emotion,neutral,neutral
15644,emotion,neutral,neutral
15645,emotion,neutral,neutral
15654,emotion,neutral,neutral
15657,emotion,neutral,neutral
15659,emotion,sadness,sadness
15673,emotion,neutral,neutral
15687,emotion,neutral,neutral
15690,emotion,neutral,neutral
15700,emotion,joy,joy
15721,emotion,joy,joy
15733,emotion,neutral,neutral
15739,emotion,neutral,neutral
15740,emotion,neutral,neutral
15762,emotion,joy,joy
15771,emotion,joy,joy
15804,emotion,neutral,neutral
15817,emotion,joy,joy
15818,emotion,neutral,neutral
15864,emotion,joy,joy
15872,emotion,neutral,sadness
15875,emotion,neutral,neutral
15911,emotion,neutral,neutral
15919,emotion,neutral,neutral
15920,emotion,neutral,neutral
15943,emotion,neutral,neutral
15955,emotion,neutral,neutral
16007,emotion,neutral,neutral
16050,emotion,neutral,surprise
16060,emotion,neutral,neutral
16100,emotion,sadness,sadness
16133,emotion,joy,joy
16137,emotion,neutral,neutral
16143,emotion,neutral,neutral
16168,emotion,neutral,neutral
16206,emotion,neutral,neutral
16207,emotion,neutral,neutral
16219,emotion,joy,joy
16233,emotion,neutral,neutral
16239,emotion,neutral,neutral
16246,emotion,neutral,neutral
16257,emotion,neutral,neutral
16266,emotion,neutral,neutral
16270,emotion,neutral,neutral
16321,emotion,neutral,neutral
16350,emotion,neutral,disgust
16372,emotion,neutral,neutral
16376,emotion,neutral,neutral
16402,emotion,neutral,neutral
16405,emotion,neutral,neutral
16411,emotion,neutral,neutral
16413,emotion,joy,joy
16421,emotion,neutral,neutral
16442,emotion,neutral,neutral
16455,emotion,neutral,neutral
16464,emotion,neutral,neutral
16468,emotion,neutral,neutral
16493,emotion,neutral,neutral
16497,emotion,neutral,neutral
16514,emotion,neutral,neutral
16535,emotion,sadness,sadness
16577,emotion,joy,joy
16594,emotion,neutral,anger
16671,emotion,neutral,neutral
16707,emotion,joy,joy
16736,emotion,neutral,neutral
16760,emotion,neutral,neutral
16762,emotion,joy,joy
16765,emotion,neutral,neutral
16770,emotion,neutral,neutral
16778,emotion,neutral,neutral
16782,emotion,neutral,neutral
16786,emotion,neutral,neutral
16800,emotion,neutral,joy
16811,emotion,neutral,neutral
16851,emotion,neutral,neutral
16865,emotion,neutral,surprise
16870,emotion,neutral,neutral
16879,emotion,joy,joy
16929,emotion,joy,joy
16933,emotion,neutral,neutral
16956,emotion,neutral,neutral
16960,emotion,joy,joy
16968,emotion,neutral,neutral
16972,emotion,neutral,neutral
16989,emotion,joy,joy
17000,emotion,neutral,neutral
17036,emotion,neutral,neutral
17063,emotion,neutral,neutral
17069,emotion,neutral,anger
17076,emotion,joy,joy
17092,emotion,neutral,neutral
17105,emotion,neutral,joy
17145,emotion,neutral,joy
17171,emotion,joy,joy
17220,emotion,neutral,anger
17222,emotion,neutral,neutral
17231,emotion,neutral,neutral
17239,emotion,joy,joy
17250,emotion,neutral,neutral
17278,emotion,neutral,neutral
17285,emotion,neutral,neutral
17288,emotion,joy,joy
17294,emotion,neutral,neutral
17295,emotion,neutral,neutral
17303,emotion,joy,joy
17312,emotion,joy,joy
17316,emotion,neutral,neutral
17330,emotion,neutral,joy
17331,emotion,neutral,sadness
17332,emotion,neutral,neutral
17340,emotion,joy,joy
17341,emotion,neutral,neutral
17361,emotion,neutral,neutral
17370,emotion,neutral,neutral
17385,emotion,neutral,neutral
17396,emotion,neutral,neutral
17410,emotion,joy,joy
17431,emotion,neutral,neutral
17449,emotion,neutral,neutral
17475,emotion,neutral,neutral
17486,emotion,joy,joy
17495,emotion,neutral,neutral
17508,emotion,joy,joy
17511,emotion,neutral,neutral
17515,emotion,neutral,sadness
17523,emotion,neutral,neutral
17525,emotion,joy,joy
17535,emotion,neutral,neutral
17540,emotion,neutral,neutral
17564,emotion,joy,joy
17570,emotion,neutral,neutral
17589,emotion,neutral,sadness
17591,emotion,neutral,neutral
17599,emotion,neutral,neutral
17600,emotion,neutral,neutral
17602,emotion,joy,joy
17612,emotion,neutral,neutral
17615,emotion,neutral,neutral
17631,emotion,neutral,neutral
17659,emotion,neutral,neutral
17662,emotion,neutral,joy
17711,emotion,joy,joy
17721,emotion,neutral,neutral
17728,emotion,neutral,neutral
17730,emotion,neutral,neutral
17732,emotion,surprise,surprise
17755,emotion,neutral,neutral
17758,emotion,neutral,neutral
17760,emotion,neutral,neutral
17770,emotion,neutral,neutral
17775,emotion,neutral,neutral
17801,emotion,neutral,joy
17804,emotion,neutral,neutral
17826,emotion,neutral,neutral
17831,emotion,neutral,neutral
17834,emotion,neutral,neutral
17861,emotion,neutral,neutral
17874,emotion,joy,joy
17876,emotion,joy,joy
17880,emotion,neutral,neutral
17891,emotion,neutral,neutral
17893,emotion,neutral,neutral
17915,emotion,sadness,anger
17935,emotion,neutral,neutral
17966,emotion,joy,joy
17974,emotion,neutral,neutral
17975,emotion,neutral,neutral
17985,emotion,joy,joy
18016,emotion,neutral,neutral
18019,emotion,joy,joy
18033,emotion,sadness,sadness
18036,emotion,neutral,neutral
18049,emotion,joy,joy
18050,emotion,neutral,neutral
18055,emotion,joy,joy
18061,emotion,neutral,neutral
18074,emotion,neutral,neutral
18081,emotion,neutral,neutral
18093,emotion,neutral,joy
18095,emotion,joy,neutral
18106,emotion,neutral,neutral
18118,emotion,neutral,neutral
18125,emotion,joy,joy
18138,emotion,neutral,neutral
18155,emotion,neutral,neutral
18167,emotion,neutral,neutral
18168,emotion,neutral,neutral
18174,emotion,sadness,sadness
18187,emotion,neutral,neutral
18196,emotion,neutral,neutral
18197,emotion,neutral,neutral
18206,emotion,neutral,neutral
18213,emotion,joy,joy
18227,emotion,neutral,neutral
18230,emotion,neutral,joy
18245,emotion,neutral,neutral
18247,emotion,joy,joy
18252,emotion,neutral,neutral
18267,emotion,neutral,neutral
18285,emotion,neutral,neutral
18291,emotion,neutral,neutral
18295,emotion,neutral,neutral
18297,emotion,neutral,neutral
18298,emotion,joy,joy
18303,emotion,neutral,neutral
18304,emotion,neutral,neutral
18305,emotion,neutral,neutral
18314,emotion,neutral,neutral
18319,emotion,neutral,neutral
18369,emotion,neutral,neutral
18380,emotion,neutral,joy
18395,emotion,neutral,neutral
18407,emotion,surprise,neutral
18409,emotion,joy,neutral
18421,emotion,neutral,neutral
18422,emotion,neutral,neutral
18439,emotion,neutral,neutral
18444,emotion,joy,joy
18452,emotion,neutral,neutral
18466,emotion,neutral,neutral
18486,emotion,joy,joy
18487,emotion,joy,joy
18526,emotion,neutral,neutral
18546,emotion,neutral,neutral
18550,emotion,neutral,neutral
18567,emotion,joy,joy
18568,emotion,neutral,neutral
18574,emotion,joy,joy
18579,emotion,neutral,neutral
18580,emotion,neutral,neutral
18601,emotion,neutral,neutral
18605,emotion,neutral,neutral
18608,emotion,neutral,neutral
18623,emotion,neutral,neutral
18635,emotion,neutral,neutral
18641,emotion,neutral,neutral
18644,emotion,joy,joy
18651,emotion,joy,joy
18653,emotion,joy,joy
18664,emotion,neutral,neutral
18665,emotion,joy,joy
18669,emotion,neutral,neutral
18682,emotion,neutral,sadness
18710,emotion,neutral,neutral
18727,emotion,sadness,sadness
18733,emotion,joy,neutral
18753,emotion,neutral,neutral
18762,emotion,neutral,neutral
18778,emotion,neutral,neutral
18824,emotion,neutral,neutral
18853,emotion,neutral,neutral
18856,emotion,neutral,neutral
18868,emotion,neutral,neutral
18890,emotion,neutral,neutral
18903,emotion,joy,joy
18916,emotion,joy,joy
18928,emotion,neutral,neutral
18931,emotion,neutral,neutral
18932,emotion,neutral,neutral
18951,emotion,joy,joy
18959,emotion,neutral,neutral
18964,emotion,neutral,neutral
18976,emotion,joy,joy
18984,emotion,joy,joy
18985,emotion,neutral,neutral
18989,emotion,neutral,neutral
18995,emotion,joy,joy
18997,emotion,neutral,neutral
19000,emotion,neutral,neutral
19003,emotion,neutral,neutral
19030,emotion,neutral,neutral
19033,emotion,neutral,joy
19041,emotion,neutral,neutral
19047,emotion,joy,joy
19053,emotion,neutral,neutral
19056,emotion,neutral,sadness
19069,emotion,neutral,neutral
19078,emotion,neutral,neutral
19128,emotion,joy,joy
19138,emotion,joy,joy
19143,emotion,neutral,neutral
19151,emotion,neutral,neutral
19154,emotion,joy,joy
19178,emotion,neutral,neutral
19194,emotion,joy,joy
19338,emotion,sadness,sadness
19346,emotion,neutral,neutral
19357,emotion,neutral,neutral
19362,emotion,neutral,neutral
19381,emotion,neutral,neutral
19393,emotion,joy,joy
19432,emotion,neutral,neutral
19441,emotion,joy,neutral
19455,emotion,joy,joy
19458,emotion,neutral,neutral
19459,emotion,neutral,neutral
19463,emotion,joy,joy
19472,emotion,neutral,joy
19474,emotion,joy,joy
19478,emotion,neutral,neutral
19511,emotion,neutral,neutral
19517,emotion,neutral,neutral
19523,emotion,joy,joy
19538,emotion,neutral,neutral
19542,emotion,neutral,neutral
19545,emotion,neutral,neutral
19615,emotion,neutral,neutral
19634,emotion,neutral,neutral
19649,emotion,neutral,neutral
19650,emotion,joy,joy
19656,emotion,neutral,neutral
19659,emotion,neutral,neutral
19668,emotion,neutral,neutral
19691,emotion,neutral,neutral
19712,emotion,neutral,anger
19716,emotion,neutral,neutral
19723,emotion,neutral,neutral
19724,emotion,joy,joy
19731,emotion,neutral,neutral
19749,emotion,neutral,neutral
19780,emotion,neutral,neutral
19928,emotion,neutral,sadness
20052,emotion,joy,neutral
20080,emotion,joy,joy
20084,emotion,joy,neutral
20092,emotion,neutral,neutral
20106,emotion,neutral,neutral
20128,emotion,joy,joy
20153,emotion,joy,joy
20160,emotion,neutral,joy
20200,emotion,anger,sadness
20223,emotion,joy,joy
20227,emotion,neutral,joy
20241,emotion,joy,neutral
20244,emotion,joy,joy
20262,emotion,neutral,neutral
20285,emotion,neutral,neutral
20310,emotion,neutral,neutral
20324,emotion,surprise,neutral
20347,emotion,neutral,neutral
20348,emotion,neutral,neutral
20355,emotion,neutral,neutral
20428,emotion,neutral,joy
20435,emotion,anger,joy
20441,emotion,neutral,anger
20442,emotion,joy,neutral
20452,emotion,disgust,anger
20460,emotion,neutral,neutral
20469,emotion,fear,fear
20475,emotion,joy,joy
20484,emotion,joy,joy
20489,emotion,joy,joy
20492,emotion,joy,joy
20495,emotion,disgust,anger
20507,emotion,disgust,disgust
20533,emotion,neutral,joy
20548,emotion,neutral,anger
20552,emotion,anger,joy
20558,emotion,neutral,joy
20561,emotion,joy,joy
20562,emotion,neutral,neutral
20563,emotion,neutral,joy
20564,emotion,neutral,neutral
20578,emotion,joy,disgust
20580,emotion,joy,joy
20585,emotion,neutral,surprise
20586,emotion,disgust,disgust
20590,emotion,joy,anger
20591,emotion,joy,joy
20597,emotion,anger,anger
20599,emotion,joy,joy
20605,emotion,neutral,joy
20612,emotion,neutral,anger
20614,emotion,anger,anger
20618,emotion,disgust,anger
20624,emotion,joy,neutral
20625,emotion,joy,joy
20640,emotion,neutral,neutral
20647,emotion,joy,joy
20653,emotion,disgust,surprise
20659,emotion,disgust,anger
20661,emotion,anger,neutral
20684,emotion,joy,neutral
20695,emotion,neutral,joy
20699,emotion,anger,disgust
20701,emotion,neutral,anger
20703,emotion,neutral,anger
20712,emotion,anger,anger
20713,emotion,anger,anger
20736,emotion,neutral,anger
20746,emotion,anger,anger
20768,emotion,fear,fear
20771,emotion,joy,anger
20772,emotion,neutral,neutral
20776,emotion,neutral,anger
20778,emotion,sadness,anger
20779,emotion,anger,anger
20787,emotion,joy,surprise
20794,emotion,sadness,surprise
20805,emotion,joy,joy
20811,emotion,joy,anger
20818,emotion,neutral,neutral
20833,emotion,joy,joy
20835,emotion,neutral,joy
20838,emotion,joy,surprise
20845,emotion,joy,neutral
20849,emotion,joy,neutral
20855,emotion,neutral,joy
20880,emotion,anger,anger
20882,emotion,joy,neutral
20886,emotion,anger,anger
20893,emotion,anger,anger
20909,emotion,joy,surprise
20915,emotion,joy,neutral
20919,emotion,neutral,neutral
20920,emotion,sadness,anger
20921,emotion,neutral,neutral
20926,emotion,joy,disgust
20932,emotion,neutral,joy
20938,emotion,neutral,neutral
20950,emotion,joy,neutral
20955,emotion,joy,joy
20959,emotion,neutral,neutral
20985,emotion,joy,neutral
20996,emotion,neutral,anger
21009,emotion,anger,anger
21012,emotion,fear,surprise
21022,emotion,neutral,surprise
21024,emotion,anger,anger
21030,emotion,neutral,anger
21040,emotion,neutral,disgust
21045,emotion,anger,anger
21049,emotion,neutral,neutral
21050,emotion,joy,neutral
21059,emotion,neutral,neutral
21075,emotion,joy,joy
21082,emotion,disgust,surprise
21096,emotion,neutral,neutral
21123,emotion,joy,anger
21129,emotion,neutral,surprise
21148,emotion,neutral,anger
21149,emotion,neutral,neutral
21153,emotion,joy,joy
21154,emotion,neutral,anger
21167,emotion,neutral,neutral
21169,emotion,neutral,neutral
21172,emotion,joy,neutral
21185,emotion,neutral,surprise
21186,emotion,neutral,joy
21196,emotion,anger,anger
21198,emotion,anger,anger
21202,emotion,anger,anger
21208,emotion,joy,neutral
21215,emotion,anger,anger
21217,emotion,neutral,anger
21221,emotion,neutral,neutral
21229,emotion,neutral,disgust
21238,emotion,anger,anger
21242,emotion,neutral,joy
21247,emotion,neutral,neutral
21252,emotion,neutral,neutral
21264,emotion,joy,joy
21268,emotion,neutral,neutral
21270,emotion,neutral,neutral
21281,emotion,neutral,joy
21283,emotion,joy,disgust
21286,emotion,joy,surprise
21291,emotion,neutral,joy
21292,emotion,neutral,neutral
21306,emotion,anger,neutral
21308,emotion,neutral,anger
21312,emotion,neutral,joy
21315,emotion,neutral,joy
21316,emotion,neutral,neutral
21327,emotion,neutral,joy
21331,emotion,joy,joy
21334,emotion,neutral,joy
21336,emotion,neutral,joy
21338,emotion,neutral,neutral
21347,emotion,disgust,surprise
21365,emotion,anger,anger
21368,emotion,joy,anger
21372,emotion,neutral,anger
21373,emotion,anger,anger
21387,emotion,joy,joy
21395,emotion,joy,joy
21403,emotion,joy,joy
21407,emotion,neutral,anger
21416,emotion,neutral,disgust
21424,emotion,joy,anger
21437,emotion,anger,anger
21453,emotion,neutral,joy
21473,emotion,joy,joy
21481,emotion,joy,neutral
21495,emotion,sadness,fear
21498,emotion,neutral,neutral
21502,emotion,joy,disgust
21515,emotion,anger,anger
21517,emotion,joy,joy
21554,emotion,anger,joy
21563,emotion,neutral,neutral
21570,emotion,neutral,disgust
21581,emotion,neutral,joy
21612,emotion,neutral,disgust
21622,emotion,anger,anger
21625,emotion,joy,joy
21627,emotion,anger,anger
21632,emotion,neutral,joy
21640,emotion,surprise,disgust
21641,emotion,joy,anger
21643,emotion,joy,joy
21647,emotion,anger,anger
21650,emotion,surprise,surprise
21657,emotion,anger,anger
21667,emotion,sadness,surprise
21717,emotion,anger,joy
21730,emotion,neutral,disgust
21731,emotion,neutral,surprise
21734,emotion,neutral,anger
21736,emotion,neutral,neutral
21737,emotion,neutral,neutral
21743,emotion,joy,joy
21745,emotion,joy,joy
21759,emotion,neutral,joy
21760,emotion,joy,joy
21765,emotion,anger,anger
21766,emotion,neutral,anger
21780,emotion,neutral,neutral
21781,emotion,neutral,disgust
21785,emotion,anger,anger
21794,emotion,anger,anger
21795,emotion,neutral,joy
21800,emotion,anger,anger
21803,emotion,joy,joy
21805,emotion,neutral,anger
21811,emotion,anger,anger
21812,emotion,joy,disgust
21832,emotion,neutral,neutral
21835,emotion,neutral,neutral
21843,emotion,surprise,neutral
21847,emotion,neutral,disgust
21862,emotion,neutral,neutral
21866,emotion,neutral,neutral
21870,emotion,joy,joy
21884,emotion,neutral,joy
21885,emotion,neutral,neutral
21886,emotion,neutral,joy
21890,emotion,disgust,disgust
21892,emotion,neutral,joy
21930,emotion,neutral,joy
21936,emotion,neutral,joy
21941,emotion,neutral,anger
21963,emotion,neutral,joy
21966,emotion,surprise,surprise
21969,emotion,neutral,neutral
21976,emotion,joy,joy
22000,emotion,joy,joy
22009,emotion,joy,joy
22014,emotion,neutral,anger
22022,emotion,neutral,neutral
22027,emotion,neutral,neutral
22040,emotion,neutral,sadness
22041,emotion,joy,surprise
22049,emotion,sadness,sadness
22051,emotion,joy,neutral
22077,emotion,joy,joy
22079,emotion,neutral,neutral
22082,emotion,neutral,joy
22123,emotion,neutral,neutral
22132,emotion,joy,joy
22156,emotion,joy,neutral
22157,emotion,neutral,neutral
22171,emotion,neutral,surprise
22177,emotion,neutral,neutral
22178,emotion,neutral,neutral
22179,emotion,anger,surprise
22183,emotion,neutral,disgust
22189,emotion,anger,anger
22195,emotion,neutral,joy
22196,emotion,neutral,anger
22214,emotion,neutral,neutral
22222,emotion,joy,anger
22225,emotion,anger,disgust
22240,emotion,anger,anger
22246,emotion,joy,joy
22247,emotion,neutral,joy
22263,emotion,joy,joy
22274,emotion,anger,joy
22279,emotion,neutral,surprise
22287,emotion,neutral,neutral
22291,emotion,neutral,disgust
22292,emotion,joy,surprise
22295,emotion,neutral,neutral
22306,emotion,joy,joy
22321,emotion,anger,neutral
22333,emotion,anger,anger
22336,emotion,neutral,joy
22338,emotion,neutral,neutral
22341,emotion,joy,disgust
22351,emotion,neutral,joy
22359,emotion,anger,anger
22360,emotion,neutral,neutral
22361,emotion,neutral,neutral
22376,emotion,neutral,joy
22377,emotion,neutral,neutral
22378,emotion,joy,neutral
22380,emotion,neutral,anger
22419,emotion,joy,joy
22426,emotion,neutral,neutral
22433,emotion,neutral,joy
22435,emotion,joy,joy
22442,emotion,joy,joy
22448,emotion,neutral,surprise
22449,emotion,neutral,neutral
22459,emotion,neutral,neutral
22463,emotion,anger,anger
22474,emotion,joy,joy
22477,emotion,joy,joy
22497,emotion,joy,surprise
22506,emotion,neutral,disgust
22508,emotion,neutral,neutral
22515,emotion,joy,joy
22517,emotion,neutral,neutral
22524,emotion,anger,disgust
22527,emotion,neutral,neutral
22532,emotion,joy,joy
22548,emotion,neutral,joy
22565,emotion,surprise,neutral
22566,emotion,neutral,neutral
22575,emotion,neutral,anger
22577,emotion,neutral,anger
22589,emotion,anger,anger
22603,emotion,anger,disgust
22609,emotion,joy,surprise
22613,emotion,anger,anger
22614,emotion,neutral,anger
22619,emotion,joy,joy
22620,emotion,neutral,neutral
22622,emotion,neutral,neutral
22627,emotion,anger,anger
22630,emotion,sadness,sadness
22634,emotion,neutral,neutral
22638,emotion,surprise,disgust
22642,emotion,disgust,disgust
22652,emotion,neutral,neutral
22656,emotion,neutral,neutral
22658,emotion,neutral,disgust
22663,emotion,joy,joy
22671,emotion,neutral,joy
22672,emotion,anger,anger
22673,emotion,anger,anger
22674,emotion,neutral,neutral
22678,emotion,neutral,joy
22683,emotion,neutral,surprise
22689,emotion,joy,surprise
22692,emotion,disgust,surprise
22718,emotion,neutral,joy
22720,emotion,surprise,neutral
22724,emotion,neutral,neutral
22733,emotion,anger,anger
22736,emotion,neutral,neutral
22739,emotion,neutral,surprise
22747,emotion,surprise,disgust
22761,emotion,surprise,disgust
22769,emotion,neutral,anger
22789,emotion,joy,disgust
22796,emotion,joy,joy
22799,emotion,neutral,neutral
22800,emotion,neutral,neutral
22802,emotion,neutral,joy
22804,emotion,joy,anger
22820,emotion,anger,anger
22822,emotion,neutral,surprise
22823,emotion,joy,joy
22824,emotion,neutral,surprise
22825,emotion,neutral,disgust
22826,emotion,disgust,anger
22833,emotion,anger,anger
22837,emotion,joy,joy
22838,emotion,neutral,disgust
22840,emotion,neutral,joy
22843,emotion,neutral,disgust
22846,emotion,joy,joy
22847,emotion,neutral,disgust
22858,emotion,neutral,surprise
22860,emotion,joy,joy
22861,emotion,neutral,joy
22876,emotion,neutral,joy
22878,emotion,joy,joy
22880,emotion,joy,joy
22884,emotion,neutral,anger
22892,emotion,anger,anger
22896,emotion,neutral,surprise
22899,emotion,joy,joy
22906,emotion,neutral,neutral
22908,emotion,neutral,joy
22911,emotion,neutral,neutral
22918,emotion,neutral,joy
22923,emotion,neutral,neutral
22927,emotion,joy,joy
22928,emotion,joy,joy
22929,emotion,neutral,joy
22933,emotion,sadness,disgust
22934,emotion,anger,anger
22936,emotion,joy,neutral
22944,emotion,neutral,anger
22951,emotion,neutral,neutral
22972,emotion,joy,joy
22984,emotion,disgust,disgust
22991,emotion,neutral,surprise
22996,emotion,neutral,joy
22997,emotion,joy,joy
23011,emotion,joy,disgust
23013,emotion,joy,joy
23020,emotion,neutral,surprise
23024,emotion,neutral,neutral
23033,emotion,neutral,joy
23036,emotion,anger,anger
23041,emotion,neutral,anger
23056,emotion,neutral,neutral
23061,emotion,anger,joy
23066,emotion,anger,disgust
23070,emotion,sadness,disgust
23077,emotion,neutral,surprise
23078,emotion,neutral,joy
23090,emotion,neutral,surprise
23099,emotion,neutral,neutral
23105,emotion,surprise,fear
23108,emotion,anger,anger
23116,emotion,neutral,surprise
23121,emotion,neutral,neutral
23133,emotion,neutral,neutral
23135,emotion,neutral,surprise
23137,emotion,neutral,neutral
23141,emotion,neutral,joy
23185,emotion,sadness,surprise
23188,emotion,joy,joy
23191,emotion,neutral,joy
23193,emotion,joy,neutral
23197,emotion,anger,anger
23203,emotion,neutral,surprise
23206,emotion,joy,joy
23207,emotion,anger,anger
23210,emotion,neutral,anger
23214,emotion,neutral,joy
23215,emotion,surprise,joy
23225,emotion,neutral,joy
23227,emotion,neutral,joy
23243,emotion,neutral,surprise
23257,emotion,neutral,joy
23265,emotion,neutral,joy
23272,emotion,neutral,anger
23278,emotion,anger,surprise
23288,emotion,anger,disgust
23289,emotion,neutral,neutral
23301,emotion,disgust,disgust
23313,emotion,neutral,neutral
23319,emotion,anger,disgust
23325,emotion,neutral,disgust
23330,emotion,neutral,neutral
23335,emotion,joy,joy
23339,emotion,disgust,surprise
23355,emotion,disgust,anger
23357,emotion,neutral,joy
23374,emotion,surprise,anger
23386,emotion,neutral,neutral
23388,emotion,neutral,joy
23389,emotion,neutral,surprise
23394,emotion,joy,joy
23397,emotion,joy,joy
23403,emotion,anger,anger
23414,emotion,surprise,joy
23420,emotion,anger,anger
23426,emotion,neutral,neutral
23429,emotion,joy,anger
23440,emotion,neutral,joy
23448,emotion,neutral,surprise
23466,emotion,anger,anger
23471,emotion,neutral,anger
23497,emotion,neutral,disgust
23498,emotion,joy,anger
23501,emotion,anger,joy
23503,emotion,neutral,joy
23514,emotion,neutral,disgust
23517,emotion,joy,joy
23530,emotion,joy,joy
23531,emotion,neutral,disgust
23536,emotion,neutral,neutral
23539,emotion,surprise,disgust
23540,emotion,anger,surprise
23544,emotion,joy,joy
23562,emotion,anger,anger
23563,emotion,neutral,neutral
23567,emotion,anger,anger
23582,emotion,anger,anger
23586,emotion,neutral,neutral
23587,emotion,neutral,joy
23590,emotion,joy,joy
23593,emotion,joy,neutral
23610,emotion,neutral,disgust
23621,emotion,neutral,joy
23631,emotion,disgust,neutral
23638,emotion,neutral,surprise
23643,emotion,joy,joy
23646,emotion,neutral,anger
23651,emotion,neutral,neutral
23668,emotion,disgust,disgust
23674,emotion,neutral,neutral
23682,emotion,neutral,surprise
23683,emotion,anger,anger
23686,emotion,neutral,neutral
23688,emotion,disgust,joy
23698,emotion,neutral,neutral
23699,emotion,joy,disgust
23701,emotion,joy,joy
23703,emotion,anger,anger
23720,emotion,surprise,surprise
23728,emotion,disgust,disgust
23737,emotion,anger,anger
23742,emotion,anger,anger
23743,emotion,joy,joy
23744,emotion,joy,anger
23754,emotion,disgust,disgust
23755,emotion,neutral,joy
23760,emotion,joy,joy
23772,emotion,neutral,joy
23773,emotion,joy,anger
23775,emotion,neutral,disgust
23785,emotion,joy,sadness
23794,emotion,joy,neutral
23796,emotion,joy,joy
23799,emotion,neutral,anger
23806,emotion,neutral,anger
23807,emotion,neutral,joy
23816,emotion,joy,surprise
23821,emotion,neutral,anger
23822,emotion,anger,disgust
23826,emotion,joy,disgust
23827,emotion,neutral,joy
23836,emotion,neutral,surprise
23840,emotion,joy,joy
23843,emotion,joy,disgust
23848,emotion,anger,disgust
23849,emotion,joy,joy
23850,emotion,anger,disgust
23854,emotion,neutral,neutral
23857,emotion,neutral,joy
23858,emotion,anger,sadness
23869,emotion,neutral,surprise
23875,emotion,neutral,joy
23882,emotion,surprise,surprise
23895,emotion,neutral,disgust
23896,emotion,neutral,sadness
23898,emotion,anger,neutral
23899,emotion,neutral,joy
23902,emotion,joy,joy
23907,emotion,joy,joy
23910,emotion,neutral,joy
23925,emotion,neutral,joy
23928,emotion,joy,anger
23931,emotion,disgust,joy
23935,emotion,surprise,disgust
23939,emotion,joy,neutral
23950,emotion,neutral,disgust
23959,emotion,neutral,neutral
23962,emotion,neutral,surprise
23970,emotion,anger,joy
23971,emotion,joy,joy
23980,emotion,joy,neutral
24000,emotion,neutral,anger
24002,emotion,neutral,joy
24004,emotion,joy,surprise
24007,emotion,joy,joy
24014,emotion,disgust,disgust
24026,emotion,anger,surprise
24028,emotion,sadness,sadness
24033,emotion,neutral,disgust
24042,emotion,anger,joy
24047,emotion,neutral,surprise
24056,emotion,disgust,joy
24062,emotion,joy,joy
24077,emotion,joy,joy
24088,emotion,anger,anger
24089,emotion,neutral,joy
24091,emotion,neutral,surprise
24096,emotion,anger,anger
24109,emotion,neutral,disgust
24115,emotion,disgust,joy
24116,emotion,joy,neutral
24118,emotion,anger,anger
24119,emotion,neutral,sadness
24120,emotion,anger,anger
24146,emotion,joy,joy
24160,emotion,neutral,neutral
24167,emotion,neutral,disgust
24188,emotion,neutral,neutral
24195,emotion,neutral,surprise
24202,emotion,fear,anger
24204,emotion,neutral,anger
24210,emotion,disgust,surprise
24211,emotion,surprise,joy
24226,emotion,disgust,surprise
24237,emotion,surprise,fear
24242,emotion,disgust,disgust
24262,emotion,joy,joy
24276,emotion,disgust,disgust
24300,emotion,disgust,disgust
24303,emotion,neutral,anger
24306,emotion,anger,neutral
24317,emotion,neutral,neutral
24329,emotion,sadness,disgust
24335,emotion,disgust,neutral
24336,emotion,fear,anger
24341,emotion,disgust,disgust
24347,emotion,fear,anger
24351,emotion,anger,anger
24354,emotion,neutral,surprise
24371,emotion,neutral,joy
24377,emotion,neutral,joy
24390,emotion,neutral,joy
24405,emotion,disgust,joy
24412,emotion,neutral,anger
24426,emotion,neutral,neutral
24431,emotion,disgust,disgust
24433,emotion,sadness,neutral
24445,emotion,neutral,anger
24447,emotion,neutral,neutral
24455,emotion,disgust,disgust
24462,emotion,joy,surprise
24482,emotion,disgust,surprise
24483,emotion,joy,joy
24484,emotion,joy,joy
24491,emotion,disgust,disgust
24494,emotion,joy,joy
24498,emotion,neutral,disgust
24499,emotion,fear,disgust
24505,emotion,joy,joy
24512,emotion,disgust,neutral
24514,emotion,joy,surprise
24516,emotion,neutral,joy
24524,emotion,joy,surprise
24535,emotion,neutral,anger
24543,emotion,anger,anger
24552,emotion,anger,anger
24561,emotion,neutral,neutral
24563,emotion,neutral,disgust
24566,emotion,anger,anger
24569,emotion,disgust,disgust
24573,emotion,disgust,disgust
24581,emotion,disgust,anger
24588,emotion,joy,disgust
24600,emotion,anger,joy
24601,emotion,neutral,joy
24603,emotion,joy,surprise
24605,emotion,sadness,disgust
24607,emotion,neutral,disgust
24610,emotion,disgust,disgust
24620,emotion,joy,joy
24622,emotion,disgust,disgust
24623,emotion,joy,surprise
24638,emotion,neutral,surprise
24639,emotion,anger,anger
24640,emotion,disgust,disgust
24642,emotion,neutral,anger
24658,emotion,neutral,surprise
24663,emotion,neutral,disgust
24670,emotion,joy,joy
24672,emotion,surprise,neutral
24674,emotion,joy,surprise
24702,emotion,neutral,neutral
24717,emotion,anger,anger
24718,emotion,joy,disgust
24726,emotion,joy,joy
24734,emotion,neutral,neutral
24735,emotion,joy,joy
24739,emotion,neutral,joy
24740,emotion,disgust,disgust
24746,emotion,joy,joy
24752,emotion,neutral,anger
24757,emotion,joy,anger
24761,emotion,surprise,surprise
24764,emotion,anger,anger
24774,emotion,anger,anger
24786,emotion,anger,disgust
24789,emotion,neutral,anger
24790,emotion,joy,joy
24792,emotion,disgust,disgust
24796,emotion,joy,joy
24801,emotion,neutral,disgust
24806,emotion,neutral,joy
24811,emotion,neutral,surprise
24823,emotion,disgust,disgust
24839,emotion,joy,anger
24842,emotion,disgust,disgust
24860,emotion,neutral,surprise
24864,emotion,joy,joy
24865,emotion,anger,anger
24869,emotion,disgust,disgust
24870,emotion,neutral,disgust
24871,emotion,joy,joy
24881,emotion,joy,joy
24882,emotion,neutral,joy
24884,emotion,joy,joy
24888,emotion,neutral,fear
24903,emotion,neutral,joy
24905,emotion,anger,anger
24909,emotion,neutral,joy
24916,emotion,joy,neutral
24924,emotion,joy,disgust
24929,emotion,neutral,neutral
24930,emotion,joy,joy
24946,emotion,joy,joy
24947,emotion,joy,joy
24950,emotion,disgust,disgust
24951,emotion,surprise,surprise
24964,emotion,neutral,anger
24969,emotion,surprise,neutral
24970,emotion,disgust,disgust
24986,emotion,neutral,anger
24993,emotion,joy,joy
24996,emotion,neutral,joy
25005,emotion,joy,surprise
25008,emotion,neutral,surprise
25015,emotion,anger,surprise
25021,emotion,disgust,disgust
25027,emotion,neutral,surprise
25030,emotion,joy,joy
25035,emotion,joy,joy
25044,emotion,anger,anger
25046,emotion,joy,joy
25048,emotion,disgust,disgust
25051,emotion,disgust,disgust
25054,emotion,neutral,joy
25058,emotion,disgust,surprise
25066,emotion,neutral,anger
25072,emotion,neutral,disgust
25079,emotion,joy,neutral
25080,emotion,neutral,joy
25082,emotion,disgust,surprise
25106,emotion,neutral,disgust
25110,emotion,anger,disgust
25112,emotion,neutral,joy
25115,emotion,neutral,neutral
25116,emotion,neutral,neutral
25124,emotion,neutral,surprise
25125,emotion,joy,joy
25129,emotion,disgust,disgust
25141,emotion,disgust,disgust
25142,emotion,anger,anger
25145,emotion,joy,joy
25149,emotion,joy,joy
25150,emotion,joy,anger
25154,emotion,neutral,joy
25183,emotion,neutral,joy
25211,emotion,anger,anger
25222,emotion,joy,joy
25224,emotion,neutral,joy
25235,emotion,neutral,joy
25243,emotion,disgust,surprise
25252,emotion,neutral,surprise
25257,emotion,joy,joy
25280,emotion,anger,anger
25288,emotion,joy,joy
25289,emotion,surprise,surprise
25302,emotion,joy,joy
25307,emotion,joy,anger
25310,emotion,anger,anger
25312,emotion,neutral,disgust
25321,emotion,neutral,joy
25323,emotion,joy,disgust
25338,emotion,neutral,anger
25383,emotion,neutral,disgust
25396,emotion,joy,disgust
25400,emotion,neutral,joy
25403,emotion,joy,joy
25425,emotion,neutral,joy
25429,emotion,neutral,joy
25438,emotion,joy,surprise
25442,emotion,neutral,surprise
25448,emotion,neutral,surprise
25452,emotion,neutral,joy
25460,emotion,joy,joy
25463,emotion,neutral,surprise
25466,emotion,disgust,surprise
25481,emotion,neutral,surprise
25491,emotion,joy,surprise
25511,emotion,neutral,joy
25517,emotion,joy,anger
25519,emotion,disgust,disgust
25521,emotion,joy,joy
25523,emotion,joy,surprise
25525,emotion,neutral,joy
25526,emotion,neutral,surprise
25528,emotion,joy,joy
25538,emotion,neutral,surprise
25549,emotion,joy,joy
25576,emotion,neutral,disgust
25603,emotion,neutral,surprise
25610,emotion,neutral,surprise
25625,emotion,neutral,surprise
25634,emotion,anger,disgust
25644,emotion,neutral,neutral
25647,emotion,joy,joy
25650,emotion,neutral,surprise
25654,emotion,neutral,neutral
25663,emotion,neutral,surprise
25666,emotion,neutral,anger
25667,emotion,anger,anger
25682,emotion,joy,joy
25688,emotion,neutral,neutral
25703,emotion,disgust,disgust
25705,emotion,neutral,joy
25715,emotion,joy,joy
25717,emotion,neutral,surprise
25726,emotion,joy,joy
25744,emotion,anger,disgust
25749,emotion,joy,joy
25750,emotion,neutral,neutral
25759,emotion,disgust,disgust
25762,emotion,disgust,disgust
25779,emotion,neutral,neutral
25798,emotion,disgust,disgust
25808,emotion,neutral,neutral
25810,emotion,neutral,neutral
25820,emotion,anger,anger
25851,emotion,disgust,anger
25858,emotion,anger,anger
25863,emotion,neutral,neutral
25866,emotion,joy,anger
25872,emotion,disgust,disgust
25882,emotion,joy,neutral
25896,emotion,anger,joy
25914,emotion,neutral,anger
25921,emotion,neutral,disgust
25925,emotion,joy,joy
25928,emotion,joy,joy
25933,emotion,neutral,anger
25942,emotion,anger,anger
25951,emotion,joy,joy
25956,emotion,neutral,neutral
25963,emotion,joy,disgust
25966,emotion,neutral,anger
25980,emotion,neutral,surprise
25983,emotion,anger,anger
25999,emotion,neutral,joy
26003,emotion,anger,anger
26007,emotion,neutral,disgust
26018,emotion,neutral,neutral
26027,emotion,neutral,anger
26053,emotion,joy,joy
26058,emotion,disgust,anger
26062,emotion,neutral,joy
26080,emotion,neutral,joy
26092,emotion,neutral,joy
26096,emotion,neutral,anger
26106,emotion,neutral,disgust
26126,emotion,neutral,disgust
26130,emotion,anger,surprise
26133,emotion,joy,joy
26148,emotion,neutral,neutral
26155,emotion,neutral,anger
26161,emotion,neutral,surprise
26165,emotion,joy,joy
26173,emotion,joy,joy
26195,emotion,joy,disgust
26202,emotion,joy,joy
26204,emotion,sadness,joy
26208,emotion,neutral,neutral
26209,emotion,joy,disgust
26212,emotion,neutral,disgust
26223,emotion,anger,anger
26229,emotion,surprise,surprise
26238,emotion,joy,joy
26243,emotion,neutral,surprise
26244,emotion,anger,anger
26245,emotion,anger,anger
26258,emotion,joy,surprise
26259,emotion,joy,disgust
26268,emotion,disgust,disgust
26284,emotion,surprise,disgust
26306,emotion,anger,anger
26328,emotion,neutral,surprise
26335,emotion,joy,joy
26337,emotion,anger,anger
26338,emotion,neutral,joy
26344,emotion,neutral,surprise
26351,emotion,anger,disgust
26355,emotion,neutral,surprise
26377,emotion,neutral,joy
26382,emotion,anger,anger
26384,emotion,surprise,anger
26389,emotion,neutral,surprise
26394,emotion,joy,joy
26403,emotion,neutral,anger
26405,emotion,neutral,anger
26407,emotion,neutral,joy
26419,emotion,neutral,joy
26436,emotion,neutral,joy
26451,emotion,neutral,disgust
26454,emotion,joy,joy
26459,emotion,disgust,disgust
26462,emotion,neutral,joy
26467,emotion,joy,neutral
26476,emotion,surprise,disgust
26479,emotion,joy,neutral
26480,emotion,neutral,joy
26492,emotion,neutral,joy
26494,emotion,neutral,neutral
26497,emotion,joy,surprise
26498,emotion,neutral,joy
26499,emotion,neutral,disgust
26504,emotion,neutral,anger
26510,emotion,joy,surprise
26513,emotion,anger,surprise
26518,emotion,anger,surprise
26522,emotion,neutral,surprise
26529,emotion,neutral,neutral
26530,emotion,neutral,joy
26540,emotion,surprise,anger
26548,emotion,joy,joy
26552,emotion,neutral,surprise
26568,emotion,fear,surprise
26576,emotion,neutral,surprise
26584,emotion,anger,anger
26586,emotion,neutral,surprise
26602,emotion,disgust,disgust
26606,emotion,neutral,joy
26612,emotion,joy,anger
26616,emotion,neutral,anger
26630,emotion,joy,disgust
26641,emotion,joy,disgust
26643,emotion,neutral,surprise
26651,emotion,joy,joy
26653,emotion,neutral,joy
26664,emotion,anger,anger
26671,emotion,joy,joy
26676,emotion,joy,joy
26696,emotion,neutral,joy
26703,emotion,neutral,surprise
26709,emotion,anger,anger
26715,emotion,neutral,surprise
26721,emotion,neutral,joy
26734,emotion,neutral,surprise
26737,emotion,neutral,anger
26748,emotion,anger,surprise
26755,emotion,neutral,surprise
26761,emotion,joy,surprise
26764,emotion,joy,surprise
26766,emotion,neutral,surprise
26768,emotion,neutral,anger
26777,emotion,neutral,surprise
26778,emotion,joy,joy
26793,emotion,anger,disgust
26794,emotion,neutral,disgust
26798,emotion,joy,joy
26802,emotion,neutral,neutral
26803,emotion,joy,anger
26807,emotion,neutral,joy
26817,emotion,joy,joy
26819,emotion,anger,anger
26828,emotion,anger,surprise
26832,emotion,anger,anger
26833,emotion,fear,anger
26842,emotion,disgust,joy
26851,emotion,neutral,anger
26855,emotion,neutral,joy
26866,emotion,neutral,surprise
26867,emotion,neutral,anger
26881,emotion,anger,anger
26890,emotion,sadness,anger
26904,emotion,neutral,surprise
26906,emotion,neutral,anger
26907,emotion,neutral,surprise
26913,emotion,neutral,surprise
26915,emotion,neutral,surprise
26918,emotion,joy,surprise
26921,emotion,neutral,joy
26926,emotion,fear,surprise
26928,emotion,anger,surprise
26929,emotion,neutral,surprise
26930,emotion,fear,anger
26939,emotion,surprise,surprise
26947,emotion,fear,anger
26949,emotion,neutral,joy
26965,emotion,surprise,surprise
26971,emotion,joy,neutral
26996,emotion,anger,surprise
27034,emotion,surprise,anger
27037,emotion,anger,anger
27073,emotion,neutral,surprise
27099,emotion,neutral,neutral
27101,emotion,neutral,surprise
27104,emotion,anger,anger
27115,emotion,neutral,anger
27117,emotion,anger,anger
27132,emotion,anger,anger
27140,emotion,neutral,surprise
27145,emotion,joy,surprise
27148,emotion,joy,joy
27165,emotion,anger,anger
27171,emotion,joy,joy
27182,emotion,joy,joy
27184,emotion,anger,anger
27189,emotion,neutral,disgust
27191,emotion,anger,anger
27207,emotion,anger,anger
27224,emotion,anger,anger
27225,emotion,surprise,surprise
27232,emotion,anger,anger
27238,emotion,neutral,surprise
27245,emotion,neutral,surprise
27246,emotion,surprise,anger
27247,emotion,surprise,anger
27257,emotion,anger,anger
27258,emotion,anger,anger
27264,emotion,neutral,neutral
27282,emotion,anger,anger
27283,emotion,anger,anger
27287,emotion,joy,neutral
27289,emotion,joy,surprise
27290,emotion,anger,anger
27296,emotion,neutral,anger
27298,emotion,disgust,anger
27305,emotion,anger,anger
27321,emotion,neutral,neutral
27327,emotion,anger,anger
27338,emotion,surprise,surprise
27357,emotion,anger,disgust
27359,emotion,surprise,surprise
27363,emotion,neutral,surprise
27369,emotion,anger,anger
27373,emotion,anger,anger
27375,emotion,anger,anger
27378,emotion,neutral,anger
27382,emotion,joy,joy
27384,emotion,anger,surprise
27385,emotion,neutral,neutral
27388,emotion,anger,anger
27398,emotion,neutral,anger
27403,emotion,neutral,neutral
27410,emotion,joy,anger
27412,emotion,anger,surprise
27418,emotion,joy,anger
27432,emotion,anger,anger
27442,emotion,anger,surprise
27450,emotion,joy,joy
27452,emotion,anger,surprise
27454,emotion,anger,surprise
27455,emotion,neutral,anger
27456,emotion,anger,anger
27457,emotion,joy,joy
27468,emotion,anger,disgust
27475,emotion,joy,joy
27478,emotion,neutral,joy
27485,emotion,anger,surprise
27489,emotion,surprise,anger
27492,emotion,neutral,surprise
27502,emotion,anger,anger
27509,emotion,neutral,neutral
27510,emotion,surprise,anger
27520,emotion,neutral,surprise
27530,emotion,anger,anger
27535,emotion,anger,surprise
27537,emotion,neutral,disgust
27543,emotion,neutral,anger
27545,emotion,surprise,surprise
27558,emotion,anger,anger
27562,emotion,anger,anger
27600,emotion,neutral,surprise
27605,emotion,surprise,surprise
27606,emotion,anger,anger
27623,emotion,neutral,neutral
27628,emotion,anger,neutral
27643,emotion,neutral,joy
27653,emotion,anger,anger
27657,emotion,neutral,anger
27658,emotion,anger,anger
27662,emotion,anger,anger
27672,emotion,anger,anger
27674,emotion,anger,anger
27683,emotion,anger,neutral
27688,emotion,disgust,anger
27708,emotion,anger,anger
27720,emotion,neutral,surprise
27721,emotion,anger,neutral
27730,emotion,anger,surprise
27738,emotion,anger,disgust
27742,emotion,neutral,surprise
27743,emotion,anger,anger
27746,emotion,anger,anger
27766,emotion,neutral,anger
27787,emotion,anger,anger
27789,emotion,anger,anger
27793,emotion,anger,anger
27798,emotion,anger,anger
27801,emotion,neutral,anger
27812,emotion,neutral,anger
27820,emotion,anger,anger
27821,emotion,joy,surprise
27852,emotion,neutral,anger
27855,emotion,surprise,disgust
27861,emotion,surprise,surprise
27865,emotion,surprise,surprise
27874,emotion,neutral,surprise
27875,emotion,surprise,anger
27876,emotion,surprise,anger
27902,emotion,joy,joy
27910,emotion,anger,anger
27913,emotion,joy,anger
27916,emotion,neutral,anger
27917,emotion,joy,joy
27923,emotion,surprise,joy
27925,emotion,disgust,disgust
27927,emotion,anger,anger
27929,emotion,anger,anger
27932,emotion,disgust,disgust
27946,emotion,neutral,surprise
27953,emotion,surprise,surprise
27955,emotion,anger,anger
27961,emotion,neutral,surprise
27964,emotion,neutral,anger
27966,emotion,neutral,anger
27975,emotion,joy,joy
27979,emotion,disgust,joy
27981,emotion,anger,anger
27989,emotion,neutral,anger
27991,emotion,joy,surprise
28006,emotion,anger,anger
28013,emotion,neutral,surprise
28018,emotion,surprise,surprise
28033,emotion,joy,joy
28049,emotion,disgust,anger
28051,emotion,joy,joy
28056,emotion,anger,surprise
28069,emotion,anger,anger
28070,emotion,neutral,anger
28073,emotion,anger,surprise
28083,emotion,joy,joy
28088,emotion,neutral,anger
28095,emotion,joy,disgust
28102,emotion,neutral,surprise
28118,emotion,anger,anger
28119,emotion,anger,anger
28123,emotion,anger,anger
28131,emotion,neutral,anger
28135,emotion,joy,neutral
28140,emotion,anger,anger
28141,emotion,disgust,neutral
28145,emotion,anger,surprise
28151,emotion,neutral,surprise
28153,emotion,neutral,anger
28168,emotion,anger,surprise
28171,emotion,anger,surprise
28177,emotion,anger,anger
28178,emotion,surprise,surprise
28189,emotion,joy,anger
28212,emotion,anger,anger
28223,emotion,neutral,disgust
28230,emotion,anger,anger
28233,emotion,anger,anger
28241,emotion,anger,surprise
28248,emotion,neutral,surprise
28255,emotion,anger,anger
28260,emotion,surprise,surprise
28276,emotion,anger,anger
28277,emotion,anger,anger
28280,emotion,neutral,anger
28285,emotion,disgust,joy
28287,emotion,neutral,surprise
28288,emotion,neutral,anger
28311,emotion,anger,anger
28324,emotion,anger,anger
28327,emotion,anger,anger
28329,emotion,joy,neutral
28337,emotion,anger,anger
28349,emotion,anger,surprise
28350,emotion,disgust,anger
28355,emotion,neutral,anger
28385,emotion,joy,joy
28387,emotion,anger,anger
28398,emotion,neutral,surprise
28420,emotion,anger,anger
28423,emotion,anger,anger
28428,emotion,anger,disgust
28432,emotion,anger,anger
28435,emotion,neutral,anger
28440,emotion,anger,anger
28447,emotion,surprise,anger
28453,emotion,neutral,surprise
28454,emotion,neutral,anger
28463,emotion,anger,anger
28464,emotion,neutral,surprise
28465,emotion,neutral,fear
28474,emotion,surprise,anger
28475,emotion,surprise,surprise
28490,emotion,neutral,surprise
28497,emotion,surprise,surprise
28503,emotion,anger,surprise
28510,emotion,anger,anger
28511,emotion,anger,anger
28567,emotion,neutral,surprise
28573,emotion,neutral,neutral
28576,emotion,surprise,surprise
28606,emotion,anger,anger
28608,emotion,anger,anger
28623,emotion,anger,anger
28626,emotion,anger,anger
28642,emotion,neutral,surprise
28658,emotion,surprise,surprise
28674,emotion,anger,surprise
28680,emotion,anger,anger
28681,emotion,anger,anger
28683,emotion,anger,anger
28689,emotion,neutral,anger
28692,emotion,disgust,anger
28696,emotion,anger,anger
28705,emotion,anger,anger
28715,emotion,neutral,surprise
28729,emotion,neutral,surprise
28741,emotion,anger,anger
28745,emotion,neutral,surprise
28759,emotion,anger,anger
28767,emotion,anger,anger
28769,emotion,neutral,anger
28773,emotion,anger,surprise
28780,emotion,anger,anger
28799,emotion,neutral,anger
28822,emotion,anger,surprise
28825,emotion,neutral,anger
28826,emotion,anger,disgust
28830,emotion,neutral,anger
28839,emotion,surprise,surprise
28845,emotion,anger,anger
28857,emotion,anger,anger
28863,emotion,anger,anger
28865,emotion,anger,surprise
28883,emotion,neutral,surprise
28895,emotion,joy,joy
28897,emotion,anger,anger
28898,emotion,neutral,anger
28904,emotion,anger,anger
28913,emotion,anger,anger
28918,emotion,anger,surprise
28925,emotion,disgust,anger
28930,emotion,anger,anger
28931,emotion,anger,anger
28936,emotion,anger,anger
28938,emotion,anger,anger
28943,emotion,neutral,anger
28947,emotion,anger,anger
28978,emotion,anger,surprise
28988,emotion,anger,anger
28989,emotion,anger,anger
28997,emotion,disgust,anger
28998,emotion,neutral,anger
29012,emotion,joy,joy
29017,emotion,neutral,anger
29021,emotion,anger,surprise
29025,emotion,joy,anger
29028,emotion,surprise,surprise
29033,emotion,anger,surprise
29037,emotion,neutral,anger
29058,emotion,anger,anger
29062,emotion,neutral,surprise
29065,emotion,neutral,anger
29066,emotion,anger,surprise
29068,emotion,anger,anger
29072,emotion,neutral,surprise
29075,emotion,neutral,anger
29077,emotion,neutral,surprise
29085,emotion,anger,anger
29089,emotion,anger,anger
29095,emotion,anger,anger
29096,emotion,anger,anger
29100,emotion,anger,anger
29112,emotion,anger,surprise
29113,emotion,neutral,anger
29120,emotion,anger,anger
29132,emotion,neutral,disgust
29138,emotion,neutral,anger
29140,emotion,anger,anger
29142,emotion,anger,anger
29152,emotion,neutral,anger
29153,emotion,neutral,neutral
29156,emotion,surprise,surprise
29160,emotion,anger,anger
29185,emotion,neutral,surprise
29197,emotion,anger,anger
29204,emotion,anger,disgust
29222,emotion,anger,anger
29231,emotion,anger,anger
29238,emotion,anger,anger
29242,emotion,anger,surprise
29245,emotion,anger,surprise
29250,emotion,neutral,surprise
29254,emotion,anger,disgust
29266,emotion,neutral,anger
29280,emotion,anger,surprise
29281,emotion,surprise,surprise
29288,emotion,anger,anger
29295,emotion,neutral,anger
29307,emotion,surprise,surprise
29310,emotion,anger,anger
29314,emotion,anger,anger
29315,emotion,anger,anger
29317,emotion,anger,surprise
29321,emotion,surprise,surprise
29323,emotion,neutral,joy
29325,emotion,neutral,anger
29326,emotion,surprise,surprise
29331,emotion,anger,anger
29336,emotion,neutral,anger
29338,emotion,neutral,neutral
29341,emotion,anger,surprise
29346,emotion,neutral,surprise
29353,emotion,anger,anger
29358,emotion,anger,anger
29361,emotion,neutral,surprise
29366,emotion,neutral,anger
29369,emotion,anger,anger
29373,emotion,anger,anger
29377,emotion,anger,anger
29378,emotion,neutral,surprise
29384,emotion,anger,disgust
29405,emotion,neutral,anger
29414,emotion,anger,anger
29418,emotion,anger,surprise
29448,emotion,anger,anger
29451,emotion,neutral,anger
29461,emotion,neutral,surprise
29474,emotion,anger,anger
29478,emotion,surprise,surprise
29480,emotion,surprise,surprise
29488,emotion,anger,anger
29489,emotion,anger,anger
29495,emotion,anger,anger
29496,emotion,neutral,surprise
29497,emotion,neutral,disgust
29505,emotion,anger,anger
29510,emotion,neutral,anger
29513,emotion,surprise,surprise
29522,emotion,anger,surprise
29531,emotion,neutral,disgust
29532,emotion,anger,anger
29548,emotion,anger,neutral
29558,emotion,neutral,anger
29559,emotion,anger,anger
29569,emotion,neutral,neutral
29574,emotion,anger,anger
29576,emotion,anger,surprise
29578,emotion,anger,anger
29581,emotion,anger,anger
29584,emotion,anger,anger
29595,emotion,anger,anger
29601,emotion,anger,anger
29603,emotion,neutral,anger
29622,emotion,neutral,neutral
29631,emotion,neutral,anger
29636,emotion,neutral,anger
29639,emotion,neutral,joy
29642,emotion,neutral,joy
29647,emotion,neutral,anger
29657,emotion,neutral,neutral
29668,emotion,anger,anger
29672,emotion,joy,anger
29685,emotion,neutral,joy
29689,emotion,neutral,joy
29705,emotion,neutral,anger
29718,emotion,neutral,surprise
29719,emotion,anger,anger
29729,emotion,neutral,anger
29740,emotion,neutral,joy
29741,emotion,neutral,anger
29752,emotion,neutral,surprise
29758,emotion,neutral,surprise
29774,emotion,neutral,disgust
29781,emotion,neutral,anger
29790,emotion,neutral,anger
29791,emotion,anger,anger
29800,emotion,neutral,anger
29804,emotion,neutral,anger
29824,emotion,neutral,anger
29832,emotion,neutral,surprise
29833,emotion,neutral,anger
29838,emotion,neutral,anger
29840,emotion,neutral,anger
29842,emotion,neutral,surprise
29847,emotion,joy,anger
29860,emotion,neutral,surprise
29865,emotion,neutral,neutral
29869,emotion,anger,anger
29875,emotion,joy,surprise
29883,emotion,neutral,surprise
29893,emotion,neutral,surprise
29903,emotion,neutral,joy
29908,emotion,neutral,disgust
29915,emotion,neutral,anger
29918,emotion,neutral,surprise
29926,emotion,neutral,surprise
29930,emotion,anger,anger
29937,emotion,neutral,surprise
29940,emotion,neutral,surprise
29943,emotion,neutral,anger
29944,emotion,neutral,anger
29945,emotion,neutral,surprise
29956,emotion,neutral,anger
29961,emotion,neutral,disgust
29967,emotion,anger,anger
29984,emotion,anger,anger
29997,emotion,neutral,anger
30005,emotion,anger,surprise
30021,emotion,disgust,disgust
30028,emotion,disgust,anger
30034,emotion,surprise,joy
30038,emotion,neutral,joy
30039,emotion,surprise,surprise
30042,emotion,neutral,anger
30046,emotion,disgust,disgust
30049,emotion,neutral,disgust
30052,emotion,anger,surprise
30056,emotion,anger,anger
30057,emotion,joy,joy
30058,emotion,joy,joy
30066,emotion,disgust,anger
30072,emotion,neutral,joy
30081,emotion,disgust,joy
30094,emotion,anger,anger
30096,emotion,joy,surprise
30100,emotion,disgust,anger
30103,emotion,joy,joy
30106,emotion,neutral,anger
30122,emotion,joy,surprise
30134,emotion,neutral,anger
30136,emotion,disgust,anger
30145,emotion,neutral,surprise
30146,emotion,anger,surprise
30150,emotion,neutral,neutral
30158,emotion,disgust,anger
30159,emotion,surprise,surprise
30160,emotion,neutral,anger
30166,emotion,anger,anger
30171,emotion,joy,joy
30186,emotion,neutral,disgust
30199,emotion,disgust,anger
30207,emotion,neutral,neutral
30216,emotion,disgust,disgust
30217,emotion,sadness,anger
30224,emotion,disgust,disgust
30226,emotion,disgust,anger
30234,emotion,surprise,surprise
30236,emotion,joy,joy
30242,emotion,anger,anger
30259,emotion,anger,anger
30270,emotion,joy,surprise
30298,emotion,neutral,anger
30302,emotion,surprise,surprise
30314,emotion,joy,disgust
30315,emotion,neutral,disgust
30316,emotion,disgust,anger
30317,emotion,anger,anger
30331,emotion,neutral,surprise
30344,emotion,joy,surprise
30348,emotion,joy,surprise
30349,emotion,disgust,anger
30353,emotion,joy,joy
30359,emotion,neutral,disgust
30401,emotion,joy,joy
30403,emotion,neutral,surprise
30404,emotion,joy,surprise
30408,emotion,anger,surprise
30409,emotion,neutral,anger
30417,emotion,joy,joy
30418,emotion,joy,joy
30432,emotion,joy,surprise
30436,emotion,anger,surprise
30462,emotion,neutral,joy
30468,emotion,joy,joy
30481,emotion,joy,joy
30499,emotion,surprise,surprise
30502,emotion,joy,surprise
30505,emotion,neutral,joy
30514,emotion,joy,joy
30528,emotion,neutral,neutral
30532,emotion,neutral,joy
30533,emotion,joy,joy
30534,emotion,joy,joy
30537,emotion,surprise,surprise
30539,emotion,joy,surprise
30544,emotion,neutral,disgust
30545,emotion,joy,joy
30548,emotion,disgust,disgust
30557,emotion,joy,joy
30570,emotion,neutral,neutral
30571,emotion,neutral,joy
30573,emotion,joy,joy
30579,emotion,joy,joy
30580,emotion,neutral,joy
30605,emotion,joy,disgust
30606,emotion,neutral,surprise
30609,emotion,neutral,neutral
30619,emotion,neutral,surprise
30621,emotion,neutral,joy
30623,emotion,neutral,neutral
30624,emotion,anger,surprise
30631,emotion,neutral,anger
30636,emotion,joy,joy
30638,emotion,neutral,neutral
30649,emotion,joy,joy
30662,emotion,neutral,joy
30663,emotion,neutral,neutral
30669,emotion,neutral,joy
30679,emotion,joy,joy
30687,emotion,joy,anger
30694,emotion,neutral,surprise
30708,emotion,neutral,neutral
30711,emotion,neutral,joy
30714,emotion,neutral,neutral
30735,emotion,disgust,anger
30736,emotion,anger,disgust
30753,emotion,surprise,surprise
30759,emotion,neutral,neutral
30763,emotion,surprise,neutral
30770,emotion,neutral,surprise
30777,emotion,disgust,disgust
30780,emotion,joy,joy
30795,emotion,neutral,surprise
30800,emotion,neutral,anger
30811,emotion,joy,joy
30814,emotion,neutral,neutral
30823,emotion,neutral,joy
30832,emotion,joy,joy
30850,emotion,joy,joy
30858,emotion,neutral,anger
30864,emotion,surprise,surprise
30882,emotion,neutral,surprise
30886,emotion,neutral,anger
30888,emotion,joy,joy
30893,emotion,joy,disgust
30898,emotion,neutral,disgust
30899,emotion,neutral,neutral
30908,emotion,joy,surprise
30920,emotion,anger,disgust
30928,emotion,neutral,surprise
30941,emotion,neutral,joy
30959,emotion,neutral,joy
30965,emotion,neutral,neutral
30977,emotion,disgust,disgust
30980,emotion,neutral,neutral
30986,emotion,neutral,surprise
30994,emotion,neutral,joy
31002,emotion,neutral,neutral
31007,emotion,neutral,neutral
31024,emotion,disgust,neutral
31026,emotion,surprise,neutral
31042,emotion,neutral,neutral
31059,emotion,neutral,neutral
31065,emotion,surprise,anger
31069,emotion,fear,fear
31071,emotion,disgust,disgust
31095,emotion,sadness,sadness
31113,emotion,sadness,joy
31115,emotion,joy,neutral
31129,emotion,joy,joy
31130,emotion,neutral,neutral
31135,emotion,neutral,joy
31152,emotion,joy,joy
31165,emotion,disgust,neutral
31187,emotion,joy,neutral
31200,emotion,fear,neutral
31216,emotion,surprise,anger
31228,emotion,surprise,anger
31232,emotion,joy,joy
31236,emotion,disgust,sadness
31249,emotion,disgust,neutral
31269,emotion,neutral,neutral
31272,emotion,neutral,neutral
31274,emotion,disgust,disgust
31290,emotion,neutral,neutral
31294,emotion,joy,joy
31301,emotion,neutral,neutral
31318,emotion,joy,joy
31321,emotion,joy,joy
31325,emotion,fear,fear
31328,emotion,joy,joy
31329,emotion,neutral,neutral
31334,emotion,joy,joy
31348,emotion,joy,joy
31353,emotion,anger,anger
31361,emotion,joy,joy
31362,emotion,neutral,neutral
31376,emotion,joy,joy
31394,emotion,anger,anger
31404,emotion,joy,anger
31412,emotion,joy,joy
31426,emotion,neutral,neutral
31440,emotion,anger,anger
31441,emotion,joy,joy
31464,emotion,neutral,fear
31468,emotion,joy,joy
31472,emotion,joy,joy
31473,emotion,joy,surprise
31481,emotion,joy,joy
31514,emotion,joy,joy
31526,emotion,neutral,neutral
31529,emotion,anger,anger
31535,emotion,anger,anger
31545,emotion,neutral,neutral
31554,emotion,neutral,joy
31562,emotion,joy,joy
31572,emotion,neutral,neutral
31593,emotion,disgust,disgust
31598,emotion,joy,joy
31603,emotion,joy,joy
31607,emotion,joy,joy
31614,emotion,neutral,neutral
31647,emotion,neutral,joy
31672,emotion,joy,joy
31674,emotion,joy,joy
31687,emotion,neutral,neutral
31705,emotion,neutral,neutral
31707,emotion,anger,anger
31718,emotion,joy,joy
31727,emotion,joy,joy
31729,emotion,joy,joy
31744,emotion,joy,joy
31756,emotion,joy,joy
31773,emotion,disgust,disgust
31774,emotion,neutral,neutral
31777,emotion,neutral,anger
31822,emotion,neutral,neutral
31829,emotion,neutral,anger
31832,emotion,anger,neutral
31836,emotion,neutral,neutral
31843,emotion,neutral,neutral
31846,emotion,neutral,joy
31851,emotion,neutral,surprise
31864,emotion,neutral,joy
31869,emotion,neutral,neutral
31870,emotion,neutral,anger
31907,emotion,joy,joy
31909,emotion,neutral,neutral
31911,emotion,neutral,joy
31935,emotion,neutral,neutral
31937,emotion,neutral,neutral
31942,emotion,joy,joy
31947,emotion,neutral,neutral
31948,emotion,neutral,neutral
31950,emotion,joy,joy
31961,emotion,joy,joy
31979,emotion,joy,joy
31999,emotion,joy,joy
32001,emotion,sadness,sadness
32004,emotion,neutral,neutral
32011,emotion,neutral,neutral
32013,emotion,fear,fear
32024,emotion,anger,sadness
32048,emotion,sadness,sadness
32055,emotion,joy,joy
32063,emotion,joy,joy
32073,emotion,neutral,joy
32087,emotion,disgust,disgust
32089,emotion,disgust,neutral
32112,emotion,neutral,neutral
32114,emotion,neutral,neutral
32140,emotion,neutral,neutral
32147,emotion,neutral,sadness
32153,emotion,disgust,anger
32168,emotion,joy,joy
32171,emotion,neutral,sadness
32173,emotion,neutral,neutral
32186,emotion,joy,joy
32193,emotion,neutral,neutral
32196,emotion,joy,joy
32207,emotion,neutral,neutral
32209,emotion,neutral,neutral
32228,emotion,joy,joy
32240,emotion,sadness,sadness
32245,emotion,neutral,joy
32246,emotion,neutral,neutral
32252,emotion,sadness,sadness
32261,emotion,neutral,neutral
32267,emotion,neutral,neutral
32293,emotion,sadness,sadness
32308,emotion,neutral,neutral
32320,emotion,joy,joy
32330,emotion,neutral,neutral
32338,emotion,sadness,sadness
32373,emotion,joy,joy
32401,emotion,sadness,sadness
32404,emotion,neutral,neutral
32414,emotion,anger,neutral
32423,emotion,sadness,sadness
32432,emotion,neutral,neutral
32435,emotion,neutral,neutral
32439,emotion,neutral,anger
32445,emotion,neutral,neutral
32449,emotion,neutral,neutral
32456,emotion,neutral,neutral
32475,emotion,neutral,neutral
32544,emotion,joy,joy
32546,emotion,neutral,neutral
32554,emotion,neutral,neutral
32562,emotion,sadness,sadness
32580,emotion,anger,anger
32586,emotion,neutral,neutral
32594,emotion,sadness,sadness
32596,emotion,joy,neutral
32601,emotion,neutral,joy
32609,emotion,neutral,neutral
32631,emotion,sadness,sadness
32634,emotion,joy,joy
32636,emotion,disgust,anger
32698,emotion,neutral,joy
32707,emotion,anger,anger
32721,emotion,joy,anger
32730,emotion,joy,joy
32746,emotion,neutral,neutral
32764,emotion,neutral,neutral
32773,emotion,sadness,sadness
32775,emotion,sadness,neutral
32783,emotion,anger,anger
32789,emotion,neutral,sadness
32790,emotion,sadness,joy
32796,emotion,neutral,neutral
32799,emotion,neutral,sadness
32806,emotion,sadness,sadness
32809,emotion,sadness,sadness
32816,emotion,joy,sadness
32826,emotion,joy,joy
32851,emotion,neutral,neutral
32857,emotion,anger,sadness
32866,emotion,sadness,sadness
32895,emotion,neutral,sadness
32901,emotion,sadness,sadness
32902,emotion,sadness,sadness
32924,emotion,neutral,neutral
32925,emotion,sadness,sadness
32926,emotion,joy,joy
32932,emotion,joy,joy
32943,emotion,neutral,sadness
32949,emotion,neutral,neutral
32951,emotion,neutral,anger
32958,emotion,sadness,sadness
32969,emotion,joy,joy
32992,emotion,neutral,sadness
33014,emotion,joy,joy
33024,emotion,neutral,neutral
33058,emotion,neutral,neutral
33067,emotion,sadness,sadness
33076,emotion,neutral,joy
33077,emotion,neutral,neutral
33096,emotion,joy,joy
33101,emotion,neutral,joy
33104,emotion,sadness,neutral
33108,emotion,neutral,sadness
33109,emotion,joy,joy
33111,emotion,neutral,joy
33115,emotion,sadness,sadness
33116,emotion,sadness,sadness
33119,emotion,neutral,neutral
33139,emotion,neutral,neutral
33145,emotion,joy,joy
33180,emotion,neutral,neutral
33185,emotion,neutral,neutral
33220,emotion,joy,joy
33232,emotion,neutral,neutral
33261,emotion,neutral,neutral
33277,emotion,neutral,surprise
33282,emotion,neutral,joy
33288,emotion,neutral,neutral
33294,emotion,neutral,neutral
33296,emotion,neutral,surprise
33328,emotion,neutral,joy
33332,emotion,neutral,joy
33337,emotion,joy,joy
33339,emotion,joy,joy
33349,emotion,joy,joy
33370,emotion,neutral,neutral
33373,emotion,joy,neutral
33377,emotion,joy,surprise
33385,emotion,joy,joy
33388,emotion,neutral,joy
33390,emotion,joy,joy
33431,emotion,neutral,joy
33439,emotion,joy,joy
33454,emotion,disgust,joy
33459,emotion,joy,joy
33490,emotion,joy,joy
33491,emotion,neutral,neutral
33495,emotion,joy,joy
33496,emotion,neutral,surprise
33504,emotion,joy,joy
33534,emotion,neutral,neutral
33558,emotion,neutral,neutral
33569,emotion,neutral,neutral
33573,emotion,anger,anger
33578,emotion,joy,neutral
33601,emotion,neutral,joy
33611,emotion,joy,joy
33636,emotion,joy,joy
33637,emotion,joy,joy
33670,emotion,joy,joy
33694,emotion,neutral,neutral
33713,emotion,neutral,neutral
33725,emotion,neutral,neutral
33730,emotion,neutral,neutral
33731,emotion,neutral,anger
33733,emotion,joy,joy
33736,emotion,neutral,neutral
33737,emotion,neutral,neutral
33744,emotion,neutral,neutral
33748,emotion,joy,joy
33756,emotion,neutral,neutral
33786,emotion,joy,joy
33788,emotion,joy,neutral
33791,emotion,neutral,neutral
33795,emotion,joy,joy
33812,emotion,joy,joy
33823,emotion,neutral,sadness
33824,emotion,neutral,neutral
33832,emotion,neutral,joy
33833,emotion,neutral,joy
33862,emotion,joy,joy
33887,emotion,neutral,neutral
33903,emotion,neutral,neutral
33917,emotion,neutral,neutral
33921,emotion,neutral,neutral
33926,emotion,joy,sadness
33956,emotion,joy,joy
33959,emotion,surprise,joy
33967,emotion,neutral,neutral
33969,emotion,joy,neutral
33970,emotion,neutral,joy
33978,emotion,neutral,neutral
33982,emotion,neutral,neutral
33985,emotion,neutral,neutral
34004,emotion,joy,joy
34009,emotion,neutral,neutral
34039,emotion,neutral,neutral
34058,emotion,joy,neutral
34064,emotion,neutral,neutral
34099,emotion,joy,joy
34102,emotion,joy,joy
34105,emotion,anger,anger
34107,emotion,neutral,sadness
34114,emotion,joy,joy
34120,emotion,neutral,joy
34130,emotion,joy,neutral
34167,emotion,joy,joy
34171,emotion,joy,joy
34183,emotion,neutral,neutral
34185,emotion,joy,joy
34197,emotion,joy,sadness
34218,emotion,neutral,neutral
34219,emotion,joy,joy
34236,emotion,neutral,neutral
34269,emotion,joy,joy
34272,emotion,surprise,joy
34306,emotion,joy,joy
34307,emotion,surprise,surprise
34308,emotion,neutral,neutral
34316,emotion,neutral,neutral
34323,emotion,joy,joy
34325,emotion,joy,joy
34326,emotion,joy,joy
34335,emotion,neutral,neutral
34362,emotion,joy,joy
34439,emotion,joy,joy
34450,emotion,neutral,neutral
34459,emotion,joy,joy
34468,emotion,neutral,sadness
34482,emotion,neutral,neutral
34535,emotion,neutral,joy
34575,emotion,joy,joy
34584,emotion,disgust,disgust
34601,emotion,joy,joy
34625,emotion,neutral,neutral
34633,emotion,joy,joy
34653,emotion,neutral,neutral
34665,emotion,joy,joy
34666,emotion,joy,joy
34671,emotion,neutral,neutral
34714,emotion,surprise,surprise
34740,emotion,joy,joy
34757,emotion,anger,anger
34765,emotion,joy,joy
34770,emotion,joy,joy
34778,emotion,joy,joy
34812,emotion,neutral,joy
34831,emotion,joy,joy
34836,emotion,neutral,neutral
34842,emotion,joy,joy
34852,emotion,neutral,joy
34860,emotion,joy,joy
34893,emotion,joy,anger
34899,emotion,neutral,neutral
34907,emotion,joy,joy
34923,emotion,joy,joy
34928,emotion,neutral,neutral
34942,emotion,neutral,neutral
34961,emotion,neutral,neutral
34966,emotion,sadness,surprise
34996,emotion,joy,neutral
35015,emotion,joy,joy
35031,emotion,neutral,neutral
35079,emotion,neutral,neutral
35095,emotion,sadness,sadness
35136,emotion,surprise,surprise
35184,emotion,joy,neutral
35214,emotion,anger,anger
35216,emotion,joy,surprise
35232,emotion,neutral,anger
35234,emotion,sadness,joy
35263,emotion,joy,joy
35264,emotion,neutral,fear
35321,emotion,joy,neutral
35359,emotion,neutral,neutral
35396,emotion,joy,joy
35445,emotion,anger,anger
35450,emotion,neutral,neutral
35499,emotion,neutral,neutral
35576,emotion,joy,joy
35624,emotion,neutral,neutral
35631,emotion,joy,joy
35668,emotion,joy,neutral
35673,emotion,neutral,neutral
35689,emotion,neutral,neutral
35691,emotion,neutral,neutral
35701,emotion,neutral,neutral
35702,emotion,neutral,neutral
35704,emotion,neutral,neutral
35732,emotion,sadness,sadness
35756,emotion,neutral,neutral
35861,emotion,neutral,neutral
35887,emotion,neutral,joy
35912,emotion,joy,joy
35953,emotion,joy,joy
35963,emotion,anger,neutral
35967,emotion,neutral,neutral
36022,emotion,neutral,neutral
36030,emotion,joy,surprise
36086,emotion,neutral,fear
36119,emotion,joy,joy
36135,emotion,joy,joy
36140,emotion,joy,joy
36211,emotion,joy,joy
36250,emotion,neutral,neutral
36272,emotion,anger,anger
36288,emotion,joy,joy
36289,emotion,joy,joy
36313,emotion,joy,joy
36352,emotion,neutral,anger
36377,emotion,neutral,neutral
36384,emotion,neutral,neutral
36403,emotion,joy,joy
36437,emotion,neutral,neutral
36454,emotion,joy,joy
36465,emotion,joy,joy
36490,emotion,neutral,neutral
36498,emotion,joy,joy
36522,emotion,joy,joy
36550,emotion,joy,joy
36562,emotion,joy,neutral
36570,emotion,neutral,neutral
36591,emotion,anger,anger
36596,emotion,neutral,neutral
36599,emotion,joy,joy
36638,emotion,neutral,neutral
36642,emotion,joy,joy
36660,emotion,neutral,neutral
36667,emotion,neutral,joy
36684,emotion,anger,anger
36686,emotion,sadness,sadness
36687,emotion,joy,joy
36688,emotion,joy,surprise
36712,emotion,neutral,neutral
36714,emotion,joy,joy
36723,emotion,neutral,sadness
36731,emotion,anger,anger
36756,emotion,joy,joy
36778,emotion,joy,neutral
36785,emotion,joy,joy
36787,emotion,neutral,neutral
36796,emotion,neutral,neutral
36803,emotion,neutral,neutral
36823,emotion,joy,neutral
36836,emotion,neutral,neutral
36891,emotion,neutral,neutral
36892,emotion,joy,joy
36916,emotion,joy,joy
36921,emotion,joy,joy
36934,emotion,surprise,surprise
36954,emotion,joy,joy
36977,emotion,neutral,neutral
36979,emotion,anger,anger
36981,emotion,joy,joy
37034,emotion,joy,joy
37042,emotion,neutral,neutral
37061,emotion,joy,joy
37091,emotion,neutral,neutral
37099,emotion,neutral,joy
37100,emotion,neutral,joy
37105,emotion,neutral,neutral
37116,emotion,joy,joy
37118,emotion,neutral,neutral
37120,emotion,joy,joy
37141,emotion,joy,neutral
37154,emotion,neutral,neutral
37209,emotion,joy,joy
37223,emotion,sadness,sadness
37226,emotion,neutral,joy
37233,emotion,neutral,neutral
37242,emotion,neutral,neutral
37266,emotion,neutral,neutral
37275,emotion,neutral,neutral
37278,emotion,neutral,joy
37280,emotion,joy,neutral
37285,emotion,neutral,neutral
37292,emotion,joy,joy
37312,emotion,neutral,neutral
37317,emotion,neutral,neutral
37318,emotion,neutral,anger
37324,emotion,anger,anger
37344,emotion,neutral,neutral
37362,emotion,joy,joy
37377,emotion,joy,joy
37395,emotion,neutral,joy
37403,emotion,joy,joy
37440,emotion,joy,joy
37488,emotion,neutral,neutral
37489,emotion,disgust,disgust
37491,emotion,neutral,neutral
37492,emotion,neutral,neutral
37506,emotion,joy,joy
37518,emotion,joy,joy
37528,emotion,joy,joy
37531,emotion,neutral,neutral
37539,emotion,neutral,joy
37561,emotion,fear,joy
37564,emotion,sadness,sadness
37582,emotion,joy,joy
37589,emotion,joy,joy
37606,emotion,joy,joy
37617,emotion,anger,sadness
37634,emotion,neutral,neutral
37639,emotion,neutral,neutral
37651,emotion,neutral,neutral
37662,emotion,joy,joy
37674,emotion,sadness,joy
37678,emotion,neutral,neutral
37685,emotion,neutral,neutral
37690,emotion,neutral,neutral
37716,emotion,neutral,neutral
37726,emotion,joy,joy
37728,emotion,anger,anger
37732,emotion,joy,joy
37747,emotion,neutral,joy
37789,emotion,neutral,neutral
37794,emotion,neutral,neutral
37843,emotion,joy,joy
37852,emotion,joy,joy
37853,emotion,joy,neutral
37891,emotion,neutral,neutral
37894,emotion,joy,surprise
37902,emotion,joy,joy
37915,emotion,neutral,surprise
37917,emotion,joy,joy
37921,emotion,joy,joy
37938,emotion,joy,joy
37944,emotion,joy,joy
37957,emotion,joy,joy
37959,emotion,neutral,neutral
37964,emotion,neutral,neutral
37978,emotion,anger,anger
37981,emotion,neutral,neutral
37983,emotion,anger,neutral
38002,emotion,neutral,neutral
38006,emotion,neutral,neutral
38020,emotion,surprise,surprise
38025,emotion,neutral,joy
38058,emotion,joy,joy
38077,emotion,joy,anger
38099,emotion,joy,joy
38103,emotion,sadness,joy
38122,emotion,anger,anger
38130,emotion,neutral,neutral
38144,emotion,joy,joy
38158,emotion,neutral,neutral
38175,emotion,anger,joy
38177,emotion,joy,joy
38217,emotion,neutral,neutral
38223,emotion,anger,sadness
38248,emotion,anger,anger
38255,emotion,joy,joy
38263,emotion,joy,joy
38271,emotion,neutral,neutral
38301,emotion,joy,joy
38302,emotion,joy,joy
38316,emotion,joy,surprise
38347,emotion,joy,joy
38366,emotion,neutral,joy
38387,emotion,joy,neutral
38391,emotion,neutral,neutral
38396,emotion,neutral,neutral
38397,emotion,neutral,neutral
38401,emotion,neutral,neutral
38427,emotion,neutral,joy
38428,emotion,neutral,neutral
38434,emotion,neutral,neutral
38437,emotion,neutral,neutral
38442,emotion,joy,joy
38457,emotion,neutral,neutral
38472,emotion,anger,joy
38486,emotion,neutral,neutral
38491,emotion,joy,joy
38534,emotion,neutral,joy
38537,emotion,joy,joy
38552,emotion,neutral,neutral
38553,emotion,neutral,neutral
38556,emotion,neutral,neutral
38562,emotion,neutral,joy
38573,emotion,joy,joy
38601,emotion,neutral,neutral
38622,emotion,neutral,joy
38627,emotion,neutral,neutral
38635,emotion,neutral,sadness
38639,emotion,neutral,neutral
38647,emotion,neutral,neutral
38651,emotion,neutral,neutral
38656,emotion,neutral,neutral
38707,emotion,neutral,joy
38711,emotion,joy,surprise
38715,emotion,neutral,joy
38725,emotion,anger,anger
38726,emotion,neutral,neutral
38754,emotion,neutral,surprise
38800,emotion,neutral,neutral
38803,emotion,joy,joy
38815,emotion,joy,surprise
38816,emotion,joy,joy
38825,emotion,neutral,joy
38831,emotion,joy,joy
38834,emotion,sadness,sadness
38851,emotion,joy,joy
38852,emotion,neutral,joy
38868,emotion,neutral,joy
38881,emotion,joy,joy
38886,emotion,joy,joy
38890,emotion,joy,joy
38897,emotion,joy,joy
38938,emotion,joy,joy
38970,emotion,joy,joy
38972,emotion,joy,joy
38975,emotion,neutral,neutral
38985,emotion,neutral,neutral
38991,emotion,sadness,sadness
38998,emotion,joy,joy
39005,emotion,joy,joy
39007,emotion,anger,anger
39013,emotion,joy,neutral
39078,emotion,joy,joy
39095,emotion,joy,joy
39109,emotion,neutral,surprise
39111,emotion,neutral,joy
39182,emotion,neutral,neutral
39191,emotion,surprise,surprise
39196,emotion,anger,anger
39199,emotion,surprise,neutral
39211,emotion,joy,joy
39233,emotion,joy,surprise
39244,emotion,neutral,joy
39253,emotion,joy,joy
39277,emotion,joy,joy
39301,emotion,joy,neutral
39303,emotion,joy,joy
39304,emotion,joy,joy
39312,emotion,disgust,anger
39315,emotion,joy,joy
39316,emotion,neutral,joy
39324,emotion,neutral,neutral
39332,emotion,joy,joy
39336,emotion,joy,joy
39337,emotion,joy,joy
39358,emotion,neutral,neutral
39363,emotion,neutral,neutral
39382,emotion,joy,joy
39391,emotion,neutral,neutral
39446,emotion,neutral,neutral
39460,emotion,joy,joy
39469,emotion,joy,joy
39472,emotion,joy,joy
39480,emotion,neutral,neutral
39481,emotion,joy,joy
39490,emotion,joy,joy
39499,emotion,joy,joy
39503,emotion,neutral,joy
39513,emotion,neutral,neutral
39529,emotion,neutral,joy
39532,emotion,neutral,neutral
39536,emotion,joy,joy
39547,emotion,joy,joy
39593,emotion,neutral,neutral
39601,emotion,joy,joy
39609,emotion,joy,joy
39610,emotion,sadness,sadness
39620,emotion,anger,joy
39627,emotion,joy,joy
39631,emotion,neutral,neutral
39641,emotion,neutral,neutral
39646,emotion,sadness,sadness
39657,emotion,anger,anger
39673,emotion,neutral,neutral
39714,emotion,sadness,anger
39740,emotion,joy,joy
39821,emotion,neutral,neutral
39827,emotion,neutral,joy
39869,emotion,neutral,neutral
39936,emotion,anger,sadness
39991,emotion,joy,joy
40020,emotion,sadness,sadness
40042,emotion,joy,joy
40043,emotion,sadness,sadness
40044,emotion,sadness,sadness
40056,emotion,joy,joy
40066,emotion,neutral,neutral
40087,emotion,joy,joy
40102,emotion,neutral,neutral
40122,emotion,joy,joy
40163,emotion,joy,joy
40166,emotion,sadness,sadness
40170,emotion,joy,joy
40208,emotion,joy,neutral
40214,emotion,neutral,joy
40225,emotion,joy,joy
40247,emotion,joy,neutral
40269,emotion,anger,anger
40270,emotion,joy,joy
40276,emotion,joy,joy
40279,emotion,joy,joy
40303,emotion,joy,joy
40313,emotion,joy,joy
40319,emotion,joy,joy
40352,emotion,neutral,anger
40401,emotion,joy,joy
40429,emotion,joy,joy
40438,emotion,anger,anger
40464,emotion,joy,joy
40465,emotion,joy,joy
40504,emotion,neutral,joy
40506,emotion,joy,joy
40557,emotion,joy,joy
40606,emotion,neutral,neutral
40621,emotion,joy,joy
40624,emotion,joy,joy
40625,emotion,surprise,surprise
40639,emotion,neutral,neutral
40640,emotion,joy,joy
40660,emotion,neutral,neutral
40667,emotion,joy,joy
40696,emotion,joy,joy
40713,emotion,joy,joy
40724,emotion,joy,joy
40728,emotion,joy,joy
40730,emotion,joy,joy
40749,emotion,neutral,neutral
40766,emotion,neutral,neutral
40775,emotion,joy,joy
40810,emotion,neutral,neutral
40823,emotion,joy,joy
40832,emotion,joy,joy
40847,emotion,joy,joy
40876,emotion,neutral,neutral
40883,emotion,joy,joy
40937,emotion,neutral,anger
40950,emotion,joy,joy
40963,emotion,joy,joy
40968,emotion,joy,joy
41011,emotion,neutral,neutral
41015,emotion,joy,neutral
41018,emotion,joy,joy
41049,emotion,neutral,joy
41050,emotion,joy,joy
41053,emotion,anger,joy
41068,emotion,joy,neutral
4,topic,match,fans & atmosphere
41,topic,player & team,player & team
59,topic,match,match
66,topic,player & team,fans & atmosphere
69,topic,match,match
83,topic,match,match
94,topic,match,match
115,topic,match,match
119,topic,player & team,player & team
137,topic,fans & atmosphere,player & team
139,topic,fans & atmosphere,match
143,topic,player & team,player & team
150,topic,match,player & team
164,topic,match,player & team
187,topic,match,match
195,topic,match,other
208,topic,match,match
215,topic,match,fans & atmosphere
218,topic,fans & atmosphere,fans & atmosphere
222,topic,match,fans & atmosphere
230,topic,match,fans & atmosphere
232,topic,match,fans & atmosphere
239,topic,fans & atmosphere,controversy
240,topic,match,match
252,topic,match,match
253,topic,match,fans & atmosphere
262,topic,match,match
265,topic,match,match
269,topic,fans & atmosphere,fans & atmosphere
271,topic,fans & atmosphere,fans & atmosphere
274,topic,match,match
283,topic,other,player & team
289,topic,match,match
290,topic,fans & atmosphere,event & hosting
291,topic,fans & atmosphere,fans & atmosphere
299,topic,player & team,player & team
304,topic,other,other
309,topic,player & team,player & team
317,topic,fans & atmosphere,fans & atmosphere
339,topic,match,match
343,topic,player & team,player & team
344,topic,other,fans & atmosphere
345,topic,event & hosting,event & hosting
347,topic,fans & atmosphere,fans & atmosphere
348,topic,match,event & hosting
356,topic,player & team,fans & atmosphere
359,topic,match,match
360,topic,match,fans & atmosphere
369,topic,other,fans & atmosphere
375,topic,fans & atmosphere,event & hosting
378,topic,fans & atmosphere,fans & atmosphere
379,topic,player & team,player & team
383,topic,fans & atmosphere,match
385,topic,player & team,player & team
396,topic,match,match
403,topic,fans & atmosphere,fans & atmosphere
405,topic,fans & atmosphere,event & hosting
410,topic,event & hosting,other
418,topic,player & team,player & team
420,topic,fans & atmosphere,fans & atmosphere
423,topic,fans & atmosphere,fans & atmosphere
435,topic,event & hosting,event & hosting
436,topic,fans & atmosphere,fans & atmosphere
440,topic,match,match
448,topic,match,event & hosting
449,topic,player & team,player & team
450,topic,fans & atmosphere,fans & atmosphere
451,topic,controversy,controversy
473,topic,fans & atmosphere,other
477,topic,fans & atmosphere,event & hosting
482,topic,player & team,player & team
483,topic,event & hosting,event & hosting
495,topic,player & team,player & team
516,topic,player & team,player & team
521,topic,player & team,player & team
525,topic,player & team,player & team
527,topic,player & team,player & team
529,topic,fans & atmosphere,fans & atmosphere
532,topic,player & team,fans & atmosphere
550,topic,fans & atmosphere,event & hosting
555,topic,fans & atmosphere,controversy
570,topic,match,player & team
574,topic,player & team,player & team
585,topic,player & team,player & team
590,topic,fans & atmosphere,fans & atmosphere
608,topic,fans & atmosphere,player & team
613,topic,match,match
654,topic,match,event & hosting
671,topic,player & team,player & team
674,topic,match,match
676,topic,player & team,player & team
680,topic,fans & atmosphere,match
688,topic,event & hosting,event & hosting
695,topic,player & team,player & team
697,topic,player & team,player & team
702,topic,match,match
706,topic,other,player & team
710,topic,event & hosting,event & hosting
713,topic,fans & atmosphere,fans & atmosphere
716,topic,match,fans & atmosphere
717,topic,controversy,controversy
723,topic,match,player & team
725,topic,fans & atmosphere,event & hosting
729,topic,player & team,player & team
739,topic,player & team,other
749,topic,player & team,controversy
757,topic,controversy,player & team
765,topic,fans & atmosphere,fans & atmosphere
772,topic,player & team,player & team
774,topic,player & team,player & team
778,topic,fans & atmosphere,fans & atmosphere
791,topic,match,fans & atmosphere
796,topic,match,match
809,topic,player & team,player & team
811,topic,player & team,player & team
816,topic,player & team,player & team
820,topic,match,match
821,topic,match,match
823,topic,other,other
828,topic,player & team,player & team
829,topic,controversy,fans & atmosphere
832,topic,match,match
837,topic,player & team,player & team
841,topic,player & team,player & team
855,topic,other,fans & atmosphere
865,topic,player & team,player & team
907,topic,match,fans & atmosphere
908,topic,player & team,player & team
910,topic,fans & atmosphere,other
917,topic,player & team,player & team
920,topic,match,player & team
922,topic,fans & atmosphere,fans & atmosphere
938,topic,match,event & hosting
940,topic,player & team,player & team
943,topic,fans & atmosphere,fans & atmosphere
975,topic,player & team,player & team
987,topic,match,match
995,topic,player & team,player & team
1007,topic,match,other
1013,topic,player & team,other
1018,topic,player & team,player & team
1026,topic,player & team,player & team
1033,topic,player & team,player & team
1064,topic,match,player & team
1072,topic,match,match
1082,topic,player & team,player & team
1088,topic,player & team,player & team
1091,topic,match,match
1094,topic,match,match
1103,topic,match,match
1130,topic,fans & atmosphere,fans & atmosphere
1131,topic,match,match
1151,topic,match,player & team
1165,topic,fans & atmosphere,fans & atmosphere
1168,topic,player & team,player & team
1169,topic,match,match
1178,topic,event & hosting,event & hosting
1180,topic,event & hosting,event & hosting
1185,topic,fans & atmosphere,fans & atmosphere
1187,topic,match,match
1193,topic,fans & atmosphere,fans & atmosphere
1200,topic,other,match
1206,topic,match,fans & atmosphere
1212,topic,player & team,player & team
1218,topic,other,other
1220,topic,fans & atmosphere,fans & atmosphere
1223,topic,fans & atmosphere,fans & atmosphere
1237,topic,other,fans & atmosphere
1243,topic,player & team,fans & atmosphere
1245,topic,match,match
1249,topic,other,player & team
1251,topic,match,event & hosting
1257,topic,player & team,fans & atmosphere
1268,topic,player & team,player & team
1273,topic,other,match
1274,topic,other,other
1292,topic,fans & atmosphere,fans & atmosphere
1294,topic,player & team,player & team
1308,topic,match,player & team
1312,topic,match,match
1319,topic,player & team,player & team
1325,topic,match,player & team
1332,topic,match,player & team
1336,topic,player & team,player & team
1348,topic,match,player & team
1362,topic,match,player & team
1365,topic,match,match
1367,topic,match,fans & atmosphere
1369,topic,fans & atmosphere,match
1374,topic,event & hosting,match
1380,topic,match,player & team
1403,topic,match,event & hosting
1408,topic,match,event & hosting
1411,topic,fans & atmosphere,event & hosting
1425,topic,match,match
1428,topic,player & team,fans & atmosphere
1429,topic,match,fans & atmosphere
1437,topic,match,player & team
1442,topic,match,player & team
1445,topic,match,event & hosting
1468,topic,player & team,player & team
1488,topic,player & team,player & team
1493,topic,player & team,player & team
1494,topic,match,player & team
1514,topic,player & team,player & team
1517,topic,event & hosting,event & hosting
1523,topic,match,match
1530,topic,fans & atmosphere,fans & atmosphere
1533,topic,player & team,player & team
1540,topic,match,event & hosting
1543,topic,player & team,player & team
1561,topic,player & team,player & team
1568,topic,player & team,controversy
1594,topic,other,fans & atmosphere
1604,topic,player & team,other
1622,topic,match,player & team
1623,topic,match,event & hosting
1645,topic,controversy,controversy
1648,topic,player & team,player & team
1651,topic,player & team,player & team
1657,topic,controversy,controversy
1661,topic,fans & atmosphere,match
1663,topic,player & team,player & team
1671,topic,controversy,player & team
1677,topic,player & team,player & team
1680,topic,match,event & hosting
1681,topic,other,other
1700,topic,controversy,controversy
1702,topic,fans & atmosphere,player & team
1706,topic,match,match
1715,topic,player & team,player & team
1722,topic,fans & atmosphere,fans & atmosphere
1728,topic,other,other
1736,topic,player & team,player & team
1741,topic,fans & atmosphere,other
1742,topic,player & team,player & team
1751,topic,player & team,player & team
1753,topic,player & team,fans & atmosphere
1761,topic,match,event & hosting
1776,topic,player & team,other
1799,topic,player & team,player & team
1801,topic,event & hosting,event & hosting
1802,topic,fans & atmosphere,fans & atmosphere
1820,topic,other,match
1822,topic,match,event & hosting
1823,topic,match,player & team
1825,topic,player & team,player & team
1827,topic,match,event & hosting
1849,topic,match,match
1860,topic,player & team,player & team
1862,topic,match,match
1864,topic,match,player & team
1869,topic,player & team,player & team
1887,topic,fans & atmosphere,fans & atmosphere
1894,topic,match,event & hosting
1898,topic,match,match
1904,topic,match,event & hosting
1906,topic,player & team,player & team
1928,topic,player & team,player & team
1931,topic,other,other
1933,topic,event & hosting,event & hosting
1936,topic,event & hosting,event & hosting
1948,topic,player & team,player & team
1956,topic,match,player & team
1959,topic,player & team,player & team
1962,topic,match,match
1974,topic,controversy,player & team
1980,topic,event & hosting,event & hosting
1987,topic,player & team,player & team
1990,topic,match,player & team
1991,topic,fans & atmosphere,controversy
1993,topic,match,fans & atmosphere
1997,topic,fans & atmosphere,fans & atmosphere
2000,topic,player & team,player & team
2009,topic,other,player & team
2010,topic,match,event & hosting
2024,topic,player & team,player & team
2029,topic,match,event & hosting
2033,topic,player & team,player & team
2034,topic,controversy,fans & atmosphere
2035,topic,other,other
2037,topic,match,event & hosting
2060,topic,player & team,player & team
2092,topic,player & team,player & team
2101,topic,event & hosting,event & hosting
2102,topic,event & hosting,event & hosting
2126,topic,event & hosting,event & hosting
2129,topic,player & team,player & team
2133,topic,player & team,player & team
2134,topic,fans & atmosphere,other
2136,topic,player & team,player & team
2147,topic,player & team,player & team
2161,topic,fans & atmosphere,fans & atmosphere
2165,topic,other,other
2172,topic,event & hosting,event & hosting
2176,topic,event & hosting,event & hosting
2194,topic,event & hosting,controversy
2195,topic,player & team,player & team
2223,topic,player & team,player & team
2224,topic,player & team,player & team
2228,topic,other,event & hosting
2236,topic,other,player & team
2241,topic,player & team,player & team
2247,topic,controversy,controversy
2257,topic,player & team,player & team
2260,topic,other,event & hosting
2269,topic,event & hosting,event & hosting
2293,topic,event & hosting,event & hosting
2308,topic,controversy,player & team
2311,topic,player & team,event & hosting
2328,topic,fans & atmosphere,player & team
2337,topic,player & team,player & team
2340,topic,match,match
2342,topic,player & team,player & team
2350,topic,event & hosting,fans & atmosphere
2368,topic,match,player & team
2374,topic,event & hosting,event & hosting
2383,topic,event & hosting,event & hosting
2396,topic,player & team,other
2408,topic,fans & atmosphere,other
2419,topic,event & hosting,fans & atmosphere
2420,topic,controversy,controversy
2431,topic,player & team,player & team
2450,topic,match,match
2462,topic,fans & atmosphere,player & team
2466,topic,player & team,player & team
2471,topic,player & team,player & team
2481,topic,match,match
2489,topic,match,match
2492,topic,other,other
2498,topic,match,event & hosting
2499,topic,match,match
2503,topic,match,match
2513,topic,fans & atmosphere,fans & atmosphere
2526,topic,player & team,player & team
2529,topic,player & team,player & team
2535,topic,match,match
2536,topic,other,other
2548,topic,fans & atmosphere,fans & atmosphere
2557,topic,event & hosting,event & hosting
2558,topic,fans & atmosphere,fans & atmosphere
2564,topic,event & hosting,event & hosting
2568,topic,match,match
2572,topic,player & team,player & team
2573,topic,player & team,player & team
2586,topic,match,event & hosting
2596,topic,player & team,player & team
2599,topic,player & team,player & team
2603,topic,match,event & hosting
2606,topic,controversy,player & team
2609,topic,fans & atmosphere,fans & atmosphere
2615,topic,event & hosting,event & hosting
2627,topic,controversy,controversy
2630,topic,player & team,player & team
2633,topic,match,match
2644,topic,player & team,player & team
2645,topic,other,other
2646,topic,player & team,player & team
2649,topic,player & team,player & team
2655,topic,player & team,controversy
2657,topic,other,other
2682,topic,player & team,player & team
2688,topic,player & team,player & team
2693,topic,player & team,player & team
2701,topic,player & team,player & team
2708,topic,player & team,player & team
2718,topic,player & team,controversy
2738,topic,fans & atmosphere,fans & atmosphere
2741,topic,match,event & hosting
2742,topic,match,match
2743,topic,match,match
2753,topic,match,event & hosting
2755,topic,match,player & team
2757,topic,match,match
2774,topic,match,match
2775,topic,player & team,player & team
2801,topic,match,match
2813,topic,match,match
2815,topic,match,match
2819,topic,match,match
2827,topic,other,match
2863,topic,event & hosting,match
2870,topic,other,fans & atmosphere
2877,topic,player & team,player & team
2879,topic,controversy,controversy
2889,topic,fans & atmosphere,player & team
2896,topic,player & team,player & team
2897,topic,player & team,controversy
2901,topic,event & hosting,event & hosting
2934,topic,other,fans & atmosphere
2936,topic,fans & atmosphere,player & team
2938,topic,player & team,player & team
2941,topic,player & team,player & team
2950,topic,match,player & team
2954,topic,player & team,player & team
2973,topic,controversy,controversy
2979,topic,player & team,player & team
2983,topic,fans & atmosphere,other
2985,topic,other,match
2990,topic,player & team,player & team
2995,topic,controversy,controversy
3013,topic,player & team,player & team
3016,topic,event & hosting,event & hosting
3019,topic,other,player & team
3021,topic,fans & atmosphere,fans & atmosphere
3026,topic,match,match
3028,topic,other,other
3035,topic,player & team,player & team
3039,topic,match,event & hosting
3041,topic,match,match
3048,topic,player & team,controversy
3052,topic,player & team,player & team
3062,topic,match,player & team
3065,topic,match,match
3066,topic,match,match
3074,topic,player & team,player & team
3075,topic,player & team,player & team
3080,topic,other,other
3094,topic,event & hosting,match
3097,topic,event & hosting,event & hosting
3100,topic,player & team,player & team
3141,topic,other,player & team
3149,topic,player & team,controversy
3152,topic,player & team,player & team
3165,topic,event & hosting,event & hosting
3171,topic,match,match
3172,topic,player & team,fans & atmosphere
3180,topic,player & team,player & team
3182,topic,player & team,player & team
3185,topic,player & team,player & team
3189,topic,other,player & team
3200,topic,player & team,player & team
3209,topic,match,player & team
3215,topic,match,match
3219,topic,match,event & hosting
3224,topic,match,match
3227,topic,match,event & hosting
3228,topic,fans & atmosphere,player & team
3236,topic,match,player & team
3240,topic,match,player & team
3242,topic,player & team,player & team
3243,topic,match,match
3251,topic,match,match
3259,topic,match,match
3263,topic,event & hosting,event & hosting
3264,topic,player & team,player & team
3280,topic,event & hosting,event & hosting
3296,topic,other,other
3341,topic,player & team,player & team
3346,topic,player & team,player & team
3353,topic,other,match
3360,topic,player & team,player & team
3361,topic,player & team,player & team
3364,topic,match,player & team
3369,topic,player & team,player & team
3371,topic,player & team,player & team
3377,topic,player & team,player & team
3381,topic,match,match
3382,topic,controversy,controversy
3384,topic,event & hosting,event & hosting
3392,topic,other,event & hosting
3393,topic,player & team,player & team
3411,topic,event & hosting,event & hosting
3419,topic,other,other
3421,topic,controversy,other
3422,topic,controversy,controversy
3428,topic,player & team,player & team
3432,topic,fans & atmosphere,player & team
3438,topic,player & team,other
3444,topic,player & team,player & team
3445,topic,fans & atmosphere,fans & atmosphere
3447,topic,event & hosting,player & team
3458,topic,fans & atmosphere,fans & atmosphere
3607,topic,controversy,controversy
3620,topic,match,match
3640,topic,player & team,player & team
3647,topic,fans & atmosphere,match
3648,topic,fans & atmosphere,fans & atmosphere
3656,topic,player & team,player & team
3666,topic,player & team,player & team
3675,topic,player & team,fans & atmosphere
3688,topic,match,match
3690,topic,event & hosting,event & hosting
3695,topic,event & hosting,event & hosting
3708,topic,player & team,player & team
3712,topic,fans & atmosphere,fans & atmosphere
3721,topic,player & team,player & team
3740,topic,match,match
3741,topic,match,match
3752,topic,match,player & team
3754,topic,fans & atmosphere,fans & atmosphere
3757,topic,match,player & team
3766,topic,event & hosting,event & hosting
3770,topic,match,match
3791,topic,fans & atmosphere,match
3803,topic,controversy,controversy
3821,topic,fans & atmosphere,fans & atmosphere
3825,topic,player & team,player & team
3837,topic,player & team,player & team
3867,topic,controversy,controversy
3870,topic,other,player & team
3894,topic,match,match
3908,topic,fans & atmosphere,fans & atmosphere
3912,topic,fans & atmosphere,fans & atmosphere
3920,topic,match,match
3924,topic,match,match
3926,topic,controversy,controversy
3928,topic,other,controversy
3937,topic,other,other
3949,topic,player & team,player & team
3952,topic,match,controversy
3964,topic,event & hosting,match
3978,topic,match,match
3980,topic,match,fans & atmosphere
3987,topic,match,match
3989,topic,fans & atmosphere,match
3992,topic,other,fans & atmosphere
4006,topic,match,other
4015,topic,other,fans & atmosphere
4016,topic,other,fans & atmosphere
4026,topic,match,match
4027,topic,match,match
4035,topic,other,other
4065,topic,player & team,player & team
4075,topic,event & hosting,event & hosting
4081,topic,fans & atmosphere,player & team
4091,topic,player & team,player & team
4092,topic,other,other
4102,topic,match,match
4112,topic,match,match
4119,topic,controversy,controversy
4122,topic,match,player & team
4126,topic,controversy,controversy
4127,topic,match,player & team
4133,topic,controversy,controversy
4139,topic,other,player & team
4158,topic,controversy,controversy
4166,topic,controversy,controversy
4172,topic,controversy,controversy
4176,topic,player & team,player & team
4181,topic,other,fans & atmosphere
4185,topic,match,match
4190,topic,player & team,other
4194,topic,match,player & team
4201,topic,player & team,player & team
4208,topic,player & team,player & team
4211,topic,fans & atmosphere,fans & atmosphere
4214,topic,other,player & team
4221,topic,controversy,controversy
4227,topic,player & team,other
4228,topic,other,event & hosting
4236,topic,match,event & hosting
4240,topic,match,match
4245,topic,other,other
4249,topic,match,match
4250,topic,other,other
4253,topic,match,match
4255,topic,match,controversy
4262,topic,player & team,player & team
4265,topic,match,player & team
4268,topic,event & hosting,match
4269,topic,match,match
4273,topic,match,match
4275,topic,other,fans & atmosphere
4276,topic,match,player & team
4292,topic,player & team,player & team
4303,topic,event & hosting,event & hosting
4316,topic,event & hosting,event & hosting
4326,topic,other,fans & atmosphere
4346,topic,other,other
4350,topic,player & team,player & team
4358,topic,player & team,player & team
4359,topic,match,match
4367,topic,player & team,player & team
4368,topic,player & team,fans & atmosphere
4378,topic,player & team,player & team
4379,topic,player & team,player & team
4387,topic,event & hosting,event & hosting
4388,topic,player & team,player & team
4402,topic,match,match
4408,topic,player & team,player & team
4409,topic,match,player & team
4410,topic,player & team,player & team
4414,topic,event & hosting,event & hosting
4417,topic,other,fans & atmosphere
4430,topic,match,player & team
4438,topic,match,event & hosting
4447,topic,match,match
4465,topic,player & team,player & team
4470,topic,player & team,player & team
4476,topic,match,match
4500,topic,match,player & team
4503,topic,match,match
4507,topic,match,match
4509,topic,player & team,player & team
4510,topic,match,match
4514,topic,player & team,player & team
4515,topic,player & team,player & team
4516,topic,other,match
4520,topic,match,event & hosting
4522,topic,match,player & team
4524,topic,match,match
4529,topic,match,match
4549,topic,match,match
4550,topic,other,player & team
4555,topic,other,event & hosting
4560,topic,fans & atmosphere,fans & atmosphere
4561,topic,other,controversy
4575,topic,event & hosting,event & hosting
4616,topic,other,other
4629,topic,other,fans & atmosphere
4634,topic,player & team,controversy
4642,topic,controversy,controversy
4656,topic,player & team,player & team
4660,topic,match,match
4663,topic,match,match
4683,topic,event & hosting,player & team
4686,topic,match,player & team
4696,topic,match,fans & atmosphere
4698,topic,match,match
4699,topic,player & team,player & team
4700,topic,fans & atmosphere,fans & atmosphere
4729,topic,match,player & team
4732,topic,match,match
4742,topic,match,match
4743,topic,match,event & hosting
4761,topic,match,other
4765,topic,player & team,player & team
4778,topic,fans & atmosphere,fans & atmosphere
4791,topic,match,player & team
4792,topic,match,fans & atmosphere
4800,topic,match,player & team
4811,topic,match,match
4815,topic,match,event & hosting
4817,topic,match,match
4821,topic,match,match
4830,topic,other,other
4836,topic,player & team,player & team
4838,topic,controversy,controversy
4843,topic,match,match
4855,topic,controversy,controversy
4860,topic,match,controversy
4867,topic,event & hosting,other
4869,topic,fans & atmosphere,fans & atmosphere
4878,topic,match,player & team
4880,topic,match,match
4917,topic,match,player & team
4920,topic,other,fans & atmosphere
4922,topic,match,player & team
4927,topic,match,match
4934,topic,controversy,controversy
4936,topic,player & team,player & team
4946,topic,fans & atmosphere,fans & atmosphere
4949,topic,event & hosting,event & hosting
4951,topic,fans & atmosphere,fans & atmosphere
4960,topic,match,fans & atmosphere
4962,topic,fans & atmosphere,fans & atmosphere
4963,topic,match,match
4973,topic,match,match
4974,topic,match,fans & atmosphere
4990,topic,match,match
4991,topic,match,player & team
5004,topic,fans & atmosphere,fans & atmosphere
5007,topic,fans & atmosphere,fans & atmosphere
5009,topic,match,match
5039,topic,fans & atmosphere,player & team
5051,topic,fans & atmosphere,fans & atmosphere
5069,topic,other,match
5072,topic,event & hosting,event & hosting
5081,topic,player & team,player & team
5094,topic,match,match
5095,topic,match,fans & atmosphere
5099,topic,fans & atmosphere,fans & atmosphere
5102,topic,match,match
5108,topic,match,match
5119,topic,match,match
5125,topic,match,match
5132,topic,player & team,player & team
5134,topic,fans & atmosphere,fans & atmosphere
5152,topic,fans & atmosphere,fans & atmosphere
5161,topic,fans & atmosphere,fans & atmosphere
5174,topic,fans & atmosphere,fans & atmosphere
5194,topic,match,event & hosting
5197,topic,fans & atmosphere,fans & atmosphere
5199,topic,player & team,player & team
5210,topic,match,match
5211,topic,match,other
5216,topic,match,match
5218,topic,fans & atmosphere,fans & atmosphere
5224,topic,match,match
5231,topic,fans & atmosphere,fans & atmosphere
5251,topic,fans & atmosphere,fans & atmosphere
5254,topic,fans & atmosphere,fans & atmosphere
5270,topic,match,fans & atmosphere
5278,topic,match,match
5285,topic,fans & atmosphere,fans & atmosphere
5305,topic,fans & atmosphere,fans & atmosphere
5308,topic,fans & atmosphere,fans & atmosphere
5311,topic,fans & atmosphere,fans & atmosphere
5321,topic,other,player & team
5324,topic,match,match
5325,topic,match,match
5328,topic,match,match
5342,topic,fans & atmosphere,fans & atmosphere
5346,topic,fans & atmosphere,fans & atmosphere
5355,topic,match,match
5358,topic,fans & atmosphere,fans & atmosphere
5360,topic,player & team,player & team
5362,topic,other,player & team
5365,topic,match,match
5382,topic,player & team,player & team
5395,topic,player & team,player & team
5396,topic,fans & atmosphere,fans & atmosphere
5399,topic,player & team,player & team
5409,topic,match,match
5410,topic,fans & atmosphere,match
5417,topic,match,player & team
5419,topic,match,match
5423,topic,player & team,player & team
5433,topic,fans & atmosphere,fans & atmosphere
5440,topic,match,match
5441,topic,match,match
5453,topic,match,event & hosting
5456,topic,player & team,player & team
5471,topic,match,match
5488,topic,fans & atmosphere,fans & atmosphere
5494,topic,match,match
5500,topic,fans & atmosphere,fans & atmosphere
5501,topic,player & team,player & team
5504,topic,match,match
5511,topic,match,match
5524,topic,player & team,player & team
5533,topic,match,match
5536,topic,fans & atmosphere,event & hosting
5558,topic,match,match
5560,topic,fans & atmosphere,fans & atmosphere
5563,topic,player & team,player & team
5594,topic,match,match
5599,topic,match,match
5605,topic,match,match
5619,topic,match,match
5632,topic,fans & atmosphere,fans & atmosphere
5638,topic,match,match
5639,topic,match,match
5645,topic,player & team,player & team
5649,topic,fans & atmosphere,player & team
5650,topic,fans & atmosphere,fans & atmosphere
5653,topic,fans & atmosphere,fans & atmosphere
5658,topic,match,match
5661,topic,fans & atmosphere,fans & atmosphere
5663,topic,fans & atmosphere,fans & atmosphere
5666,topic,fans & atmosphere,fans & atmosphere
5670,topic,match,match
5671,topic,fans & atmosphere,fans & atmosphere
5672,topic,match,match
5680,topic,player & team,controversy
5687,topic,event & hosting,event & hosting
5691,topic,fans & atmosphere,fans & atmosphere
5697,topic,match,match
5705,topic,match,match
5708,topic,fans & atmosphere,fans & atmosphere
5710,topic,fans & atmosphere,fans & atmosphere
5714,topic,other,match
5719,topic,fans & atmosphere,fans & atmosphere
5721,topic,fans & atmosphere,fans & atmosphere
5744,topic,fans & atmosphere,fans & atmosphere
5745,topic,match,match
5747,topic,match,player & team
5766,topic,match,match
5767,topic,match,match
5786,topic,match,match
5790,topic,match,match
5795,topic,fans & atmosphere,fans & atmosphere
5797,topic,fans & atmosphere,match
5801,topic,fans & atmosphere,fans & atmosphere
5811,topic,match,match
5822,topic,match,match
5848,topic,fans & atmosphere,fans & atmosphere
5852,topic,match,match
5858,topic,player & team,event & hosting
5860,topic,fans & atmosphere,fans & atmosphere
5866,topic,match,match
5876,topic,fans & atmosphere,fans & atmosphere
5883,topic,fans & atmosphere,fans & atmosphere
5885,topic,fans & atmosphere,fans & atmosphere
5898,topic,fans & atmosphere,fans & atmosphere
5899,topic,match,match
5922,topic,player & team,player & team
5937,topic,match,match
5941,topic,fans & atmosphere,fans & atmosphere
5942,topic,match,match
5945,topic,fans & atmosphere,fans & atmosphere
5962,topic,player & team,player & team
5963,topic,match,match
5964,topic,match,match
5968,topic,match,match
5969,topic,match,match
5982,topic,fans & atmosphere,fans & atmosphere
5985,topic,fans & atmosphere,fans & atmosphere
5998,topic,match,match
6004,topic,event & hosting,event & hosting
6011,topic,fans & atmosphere,fans & atmosphere
6017,topic,match,match
6018,topic,fans & atmosphere,fans & atmosphere
6027,topic,fans & atmosphere,fans & atmosphere
6037,topic,match,match
6038,topic,fans & atmosphere,fans & atmosphere
6045,topic,match,match
6048,topic,match,match
6050,topic,fans & atmosphere,fans & atmosphere
6051,topic,fans & atmosphere,fans & atmosphere
6053,topic,match,match
6056,topic,player & team,player & team
6076,topic,fans & atmosphere,fans & atmosphere
6103,topic,match,player & team
6110,topic,match,match
6124,topic,match,match
6125,topic,match,match
6126,topic,match,match
6127,topic,player & team,player & team
6132,topic,fans & atmosphere,fans & atmosphere
6140,topic,match,match
6142,topic,fans & atmosphere,fans & atmosphere
6148,topic,player & team,player & team
6152,topic,player & team,fans & atmosphere
6157,topic,match,match
6161,topic,event & hosting,event & hosting
6169,topic,match,match
6191,topic,player & team,player & team
6197,topic,event & hosting,event & hosting
6204,topic,match,match
6205,topic,match,match
6214,topic,match,match
6218,topic,match,match
6219,topic,match,match
6222,topic,match,match
6232,topic,player & team,player & team
6233,topic,other,match
6236,topic,match,match
6237,topic,match,match
6238,topic,player & team,player & team
6241,topic,match,match
6250,topic,player & team,player & team
6279,topic,match,match
6287,topic,match,match
6311,topic,other,player & team
6313,topic,match,match
6323,topic,match,event & hosting
6351,topic,player & team,player & team
6359,topic,match,match
6366,topic,match,match
6369,topic,match,event & hosting
6375,topic,fans & atmosphere,fans & atmosphere
6379,topic,event & hosting,event & hosting
6381,topic,event & hosting,event & hosting
6402,topic,match,match
6416,topic,match,match
6419,topic,match,match
6421,topic,event & hosting,event & hosting
6426,topic,event & hosting,match
6431,topic,event & hosting,event & hosting
6432,topic,event & hosting,event & hosting
6441,topic,event & hosting,event & hosting
6443,topic,player & team,player & team
6446,topic,match,match
6458,topic,event & hosting,event & hosting
6461,topic,player & team,fans & atmosphere
6478,topic,player & team,player & team
6493,topic,match,match
6508,topic,event & hosting,event & hosting
6517,topic,match,match
6519,topic,player & team,player & team
6547,topic,match,match
6549,topic,other,match
6554,topic,fans & atmosphere,fans & atmosphere
6559,topic,match,match
6561,topic,player & team,match
6564,topic,player & team,player & team
6573,topic,match,match
6581,topic,match,match
6582,topic,match,event & hosting
6585,topic,match,match
6596,topic,match,match
6600,topic,match,match
6602,topic,match,fans & atmosphere
6606,topic,match,match
6614,topic,match,match
6627,topic,match,event & hosting
6630,topic,match,match
6631,topic,controversy,player & team
6639,topic,fans & atmosphere,fans & atmosphere
6652,topic,match,match
6657,topic,match,match
6694,topic,match,match
6696,topic,match,match
6712,topic,match,match
6721,topic,controversy,controversy
6730,topic,event & hosting,event & hosting
6732,topic,match,match
6747,topic,match,match
6749,topic,match,match
6751,topic,event & hosting,event & hosting
6759,topic,match,match
6768,topic,fans & atmosphere,fans & atmosphere
6771,topic,player & team,player & team
6772,topic,fans & atmosphere,player & team
6780,topic,match,match
6793,topic,match,match
6797,topic,fans & atmosphere,fans & atmosphere
6807,topic,controversy,fans & atmosphere
6814,topic,event & hosting,event & hosting
6820,topic,match,match
6837,topic,match,match
6852,topic,match,match
6855,topic,player & team,player & team
6869,topic,match,player & team
6872,topic,fans & atmosphere,fans & atmosphere
6874,topic,fans & atmosphere,fans & atmosphere
6894,topic,player & team,player & team
6896,topic,match,match
6905,topic,fans & atmosphere,fans & atmosphere
6906,topic,match,match
6911,topic,match,match
6913,topic,controversy,controversy
6918,topic,controversy,controversy
6924,topic,match,match
6928,topic,match,match
6930,topic,fans & atmosphere,fans & atmosphere
6934,topic,match,fans & atmosphere
6935,topic,match,player & team
6949,topic,match,match
6963,topic,fans & atmosphere,fans & atmosphere
6964,topic,match,match
6986,topic,match,match
6995,topic,match,match
7007,topic,other,match
7019,topic,fans & atmosphere,player & team
7036,topic,match,match
7037,topic,player & team,player & team
7045,topic,event & hosting,event & hosting
7063,topic,match,match
7066,topic,match,match
7082,topic,match,match
7094,topic,match,match
7095,topic,match,match
7105,topic,match,match
7109,topic,player & team,player & team
7110,topic,match,match
7114,topic,match,match
7119,topic,player & team,player & team
7120,topic,fans & atmosphere,fans & atmosphere
7124,topic,fans & atmosphere,fans & atmosphere
7131,topic,match,match
7141,topic,match,match
7151,topic,match,match
7177,topic,player & team,player & team
7185,topic,fans & atmosphere,fans & atmosphere
7203,topic,match,match
7207,topic,event & hosting,event & hosting
7215,topic,fans & atmosphere,fans & atmosphere
7225,topic,match,match
7232,topic,player & team,player & team
7243,topic,match,match
7244,topic,other,match
7248,topic,event & hosting,event & hosting
7262,topic,match,match
7275,topic,fans & atmosphere,match
7291,topic,match,match
7298,topic,fans & atmosphere,fans & atmosphere
7301,topic,match,match
7305,topic,match,match
7307,topic,player & team,player & team
7313,topic,match,fans & atmosphere
7319,topic,fans & atmosphere,fans & atmosphere
7320,topic,event & hosting,event & hosting
7332,topic,match,match
7345,topic,match,match
7347,topic,match,match
7350,topic,match,match
7376,topic,other,match
7379,topic,match,match
7380,topic,fans & atmosphere,fans & atmosphere
7389,topic,match,match
7391,topic,match,fans & atmosphere
7400,topic,match,match
7403,topic,match,match
7404,topic,player & team,player & team
7411,topic,fans & atmosphere,fans & atmosphere
7419,topic,match,match
7420,topic,fans & atmosphere,fans & atmosphere
7421,topic,player & team,player & team
7429,topic,fans & atmosphere,fans & atmosphere
7438,topic,match,match
7445,topic,match,match
7447,topic,event & hosting,event & hosting
7452,topic,match,match
7454,topic,event & hosting,event & hosting
7461,topic,fans & atmosphere,fans & atmosphere
7469,topic,event & hosting,match
7472,topic,match,match
7493,topic,match,fans & atmosphere
7495,topic,match,match
7501,topic,match,match
7508,topic,match,match
7522,topic,event & hosting,event & hosting
7545,topic,other,match
7546,topic,match,match
7549,topic,match,match
7551,topic,match,match
7562,topic,match,event & hosting
7563,topic,player & team,match
7570,topic,match,match
7573,topic,match,match
7586,topic,match,match
7591,topic,match,match
7594,topic,match,match
7597,topic,match,match
7609,topic,fans & atmosphere,fans & atmosphere
7611,topic,other,other
7613,topic,player & team,player & team
7616,topic,fans & atmosphere,fans & atmosphere
7635,topic,match,event & hosting
7636,topic,match,match
7641,topic,match,player & team
7654,topic,match,match
7658,topic,match,match
7660,topic,match,match
7664,topic,other,match
7674,topic,fans & atmosphere,player & team
7681,topic,match,match
7686,topic,match,event & hosting
7688,topic,match,match
7689,topic,fans & atmosphere,fans & atmosphere
7717,topic,match,event & hosting
7721,topic,match,match
7737,topic,match,match
7738,topic,match,match
7740,topic,match,match
7745,topic,match,match
10275,topic,fans & atmosphere,match
10280,topic,fans & atmosphere,event & hosting
10288,topic,other,fans & atmosphere
10302,topic,event & hosting,event & hosting
10306,topic,match,match
10327,topic,other,match
10342,topic,other,match
10343,topic,event & hosting,event & hosting
10357,topic,player & team,player & team
10370,topic,other,fans & atmosphere
10390,topic,match,match
10398,topic,player & team,player & team
10401,topic,match,event & hosting
10405,topic,player & team,player & team
10452,topic,event & hosting,fans & atmosphere
10458,topic,player & team,player & team
10464,topic,match,match
10480,topic,player & team,controversy
10488,topic,event & hosting,match
10495,topic,other,event & hosting
10507,topic,match,match
10521,topic,event & hosting,event & hosting
10527,topic,fans & atmosphere,fans & atmosphere
10537,topic,other,match
10572,topic,match,match
10585,topic,fans & atmosphere,fans & atmosphere
10619,topic,match,match
10635,topic,match,other
10650,topic,fans & atmosphere,fans & atmosphere
10660,topic,fans & atmosphere,fans & atmosphere
10672,topic,match,event & hosting
10689,topic,match,match
10691,topic,event & hosting,event & hosting
10694,topic,fans & atmosphere,fans & atmosphere
10706,topic,match,match
10718,topic,match,match
10736,topic,player & team,controversy
10754,topic,match,match
10763,topic,player & team,player & team
10765,topic,player & team,player & team
10766,topic,match,fans & atmosphere
10802,topic,match,match
10810,topic,match,match
10818,topic,fans & atmosphere,fans & atmosphere
10844,topic,fans & atmosphere,fans & atmosphere
10856,topic,match,match
10869,topic,match,match
10892,topic,player & team,player & team
10897,topic,fans & atmosphere,fans & atmosphere
10903,topic,fans & atmosphere,fans & atmosphere
10926,topic,event & hosting,event & hosting
10941,topic,other,other
10945,topic,event & hosting,match
10954,topic,event & hosting,event & hosting
10955,topic,event & hosting,match
10963,topic,match,other
10966,topic,match,match
10969,topic,match,match
10977,topic,match,match
10984,topic,fans & atmosphere,fans & atmosphere
10988,topic,fans & atmosphere,fans & atmosphere
11008,topic,fans & atmosphere,fans & atmosphere
11010,topic,match,match
11060,topic,fans & atmosphere,match
11064,topic,match,match
11067,topic,event & hosting,event & hosting
11071,topic,match,match
11098,topic,match,match
11127,topic,fans & atmosphere,fans & atmosphere
11131,topic,other,match
11135,topic,match,fans & atmosphere
11143,topic,event & hosting,event & hosting
11167,topic,other,match
11180,topic,event & hosting,event & hosting
11186,topic,fans & atmosphere,event & hosting
11189,topic,fans & atmosphere,fans & atmosphere
11202,topic,match,match
11242,topic,match,match
11246,topic,match,match
11253,topic,event & hosting,event & hosting
11254,topic,match,match
11255,topic,fans & atmosphere,fans & atmosphere
11263,topic,match,fans & atmosphere
11278,topic,other,player & team
11301,topic,other,other
11304,topic,fans & atmosphere,fans & atmosphere
11319,topic,fans & atmosphere,event & hosting
11322,topic,match,match
11331,topic,match,match
11335,topic,fans & atmosphere,fans & atmosphere
11338,topic,match,match
11350,topic,match,player & team
11366,topic,match,match
11395,topic,match,match
11407,topic,fans & atmosphere,fans & atmosphere
11428,topic,match,match
11441,topic,match,event & hosting
11460,topic,match,match
11461,topic,fans & atmosphere,fans & atmosphere
11477,topic,match,match
11488,topic,fans & atmosphere,fans & atmosphere
11490,topic,match,match
11500,topic,match,match
11505,topic,match,match
11515,topic,match,match
11542,topic,other,match
11547,topic,match,event & hosting
11550,topic,match,other
11551,topic,other,player & team
11553,topic,match,player & team
11560,topic,event & hosting,event & hosting
11566,topic,match,match
11587,topic,fans & atmosphere,fans & atmosphere
11602,topic,player & team,player & team
11606,topic,match,fans & atmosphere
11623,topic,match,match
11638,topic,match,match
11640,topic,fans & atmosphere,fans & atmosphere
11659,topic,event & hosting,controversy
11662,topic,match,match
11664,topic,fans & atmosphere,fans & atmosphere
11668,topic,fans & atmosphere,fans & atmosphere
11670,topic,match,event & hosting
11673,topic,match,match
11675,topic,fans & atmosphere,fans & atmosphere
11685,topic,player & team,match
11690,topic,match,match
11710,topic,match,match
11712,topic,match,event & hosting
11715,topic,match,match
11737,topic,match,match
11758,topic,match,match
11773,topic,match,match
11785,topic,match,match
11793,topic,match,match
11794,topic,match,match
11796,topic,match,match
11803,topic,match,match
11805,topic,match,event & hosting
11818,topic,fans & atmosphere,match
11829,topic,match,match
11836,topic,match,match
11852,topic,fans & atmosphere,fans & atmosphere
11855,topic,match,match
11862,topic,player & team,player & team
11870,topic,fans & atmosphere,fans & atmosphere
11889,topic,match,match
11890,topic,match,match
11898,topic,match,match
11899,topic,event & hosting,match
11905,topic,match,match
11908,topic,match,match
11910,topic,match,fans & atmosphere
11911,topic,match,event & hosting
11917,topic,match,match
11921,topic,match,match
11930,topic,match,match
11931,topic,match,match
11934,topic,match,match
11944,topic,match,match
11959,topic,match,match
11960,topic,match,other
11962,topic,fans & atmosphere,match
11970,topic,match,match
11981,topic,match,match
11999,topic,match,match
12006,topic,fans & atmosphere,fans & atmosphere
12008,topic,match,match
12021,topic,match,fans & atmosphere
12034,topic,event & hosting,event & hosting
12046,topic,match,match
12052,topic,fans & atmosphere,fans & atmosphere
12079,topic,fans & atmosphere,fans & atmosphere
12083,topic,player & team,player & team
12106,topic,match,match
12111,topic,match,match
12114,topic,match,match
12120,topic,match,match
12124,topic,match,match
12129,topic,match,fans & atmosphere
12144,topic,match,match
12146,topic,other,match
12171,topic,match,match
12179,topic,other,match
12196,topic,fans & atmosphere,fans & atmosphere
12201,topic,other,match
12214,topic,match,match
12218,topic,fans & atmosphere,fans & atmosphere
12221,topic,match,match
12228,topic,fans & atmosphere,fans & atmosphere
12233,topic,event & hosting,event & hosting
12306,topic,event & hosting,event & hosting
12309,topic,fans & atmosphere,fans & atmosphere
12312,topic,match,match
12331,topic,event & hosting,match
12343,topic,match,player & team
12344,topic,player & team,player & team
12361,topic,event & hosting,event & hosting
12370,topic,fans & atmosphere,fans & atmosphere
12371,topic,event & hosting,match
12373,topic,match,match
12376,topic,match,match
12392,topic,match,match
12405,topic,fans & atmosphere,player & team
12407,topic,match,match
12413,topic,match,event & hosting
12417,topic,match,match
12427,topic,other,match
12432,topic,fans & atmosphere,fans & atmosphere
12438,topic,match,match
12444,topic,match,match
12500,topic,other,match
12503,topic,fans & atmosphere,fans & atmosphere
12510,topic,fans & atmosphere,fans & atmosphere
12516,topic,fans & atmosphere,fans & atmosphere
12523,topic,match,other
12525,topic,event & hosting,event & hosting
12526,topic,player & team,player & team
12530,topic,match,match
12561,topic,controversy,controversy
12567,topic,fans & atmosphere,fans & atmosphere
12570,topic,match,match
12579,topic,player & team,player & team
12589,topic,fans & atmosphere,fans & atmosphere
12598,topic,fans & atmosphere,fans & atmosphere
12612,topic,match,event & hosting
12616,topic,match,match
12624,topic,fans & atmosphere,event & hosting
12650,topic,match,match
12653,topic,fans & atmosphere,match
12659,topic,match,event & hosting
12667,topic,match,match
12688,topic,match,match
12703,topic,fans & atmosphere,fans & atmosphere
12704,topic,match,match
12708,topic,other,match
12732,topic,match,match
12736,topic,event & hosting,event & hosting
12741,topic,event & hosting,event & hosting
12757,topic,player & team,player & team
12758,topic,match,match
12763,topic,match,match
12773,topic,other,match
12786,topic,match,match
12787,topic,match,match
12791,topic,fans & atmosphere,fans & atmosphere
12806,topic,player & team,player & team
12827,topic,player & team,player & team
12831,topic,player & team,player & team
12839,topic,fans & atmosphere,fans & atmosphere
12869,topic,match,match
12883,topic,other,match
12888,topic,other,match
12900,topic,match,match
12910,topic,fans & atmosphere,fans & atmosphere
12919,topic,fans & atmosphere,fans & atmosphere
12921,topic,fans & atmosphere,fans & atmosphere
12923,topic,match,match
12927,topic,match,fans & atmosphere
12959,topic,match,player & team
12960,topic,match,fans & atmosphere
12968,topic,fans & atmosphere,match
12979,topic,match,match
12999,topic,other,match
13010,topic,controversy,controversy
13012,topic,match,match
13031,topic,match,match
13035,topic,match,match
13044,topic,match,match
13052,topic,event & hosting,event & hosting
13057,topic,controversy,controversy
13077,topic,match,match
13083,topic,match,match
13092,topic,match,match
13095,topic,match,match
13101,topic,match,match
13117,topic,match,match
13128,topic,match,match
13167,topic,match,match
13176,topic,player & team,player & team
13181,topic,fans & atmosphere,fans & atmosphere
13199,topic,match,match
13203,topic,match,match
13207,topic,match,match
13227,topic,match,match
13248,topic,player & team,player & team
13256,topic,match,match
13262,topic,match,match
13263,topic,event & hosting,match
13284,topic,other,other
13311,topic,event & hosting,event & hosting
13314,topic,controversy,controversy
13319,topic,player & team,player & team
13322,topic,fans & atmosphere,fans & atmosphere
13332,topic,match,match
13339,topic,other,match
13346,topic,match,match
13352,topic,match,other
13373,topic,event & hosting,event & hosting
13375,topic,fans & atmosphere,player & team
13400,topic,match,match
13407,topic,match,match
13422,topic,match,player & team
13430,topic,match,fans & atmosphere
13447,topic,player & team,player & team
13457,topic,player & team,player & team
13481,topic,match,match
13489,topic,player & team,player & team
13517,topic,player & team,player & team
13522,topic,match,match
13524,topic,player & team,match
13530,topic,fans & atmosphere,fans & atmosphere
13541,topic,fans & atmosphere,event & hosting
13542,topic,match,match
13566,topic,match,event & hosting
13569,topic,match,match
13571,topic,other,match
13591,topic,event & hosting,event & hosting
13622,topic,player & team,player & team
13642,topic,match,match
13646,topic,event & hosting,event & hosting
13648,topic,controversy,controversy
13666,topic,match,match
13668,topic,match,match
13674,topic,other,other
13677,topic,match,match
13683,topic,event & hosting,event & hosting
13697,topic,other,fans & atmosphere
13705,topic,player & team,player & team
13711,topic,player & team,player & team
13734,topic,match,match
13749,topic,player & team,player & team
13772,topic,match,match
13782,topic,match,other
13783,topic,match,match
13803,topic,event & hosting,player & team
13813,topic,match,match
13814,topic,match,match
13826,topic,event & hosting,event & hosting
13837,topic,controversy,match
13840,topic,match,match
13851,topic,other,match
13855,topic,match,match
13864,topic,match,match
13869,topic,controversy,controversy
13871,topic,match,match
13879,topic,match,match
13882,topic,fans & atmosphere,fans & atmosphere
13884,topic,controversy,controversy
13892,topic,match,match
13893,topic,match,match
13928,topic,other,fans & atmosphere
13935,topic,player & team,player & team
13938,topic,event & hosting,event & hosting
13939,topic,match,match
13977,topic,player & team,player & team
13978,topic,match,match
13984,topic,match,match
13992,topic,match,match
14060,topic,match,match
14063,topic,fans & atmosphere,fans & atmosphere
14075,topic,fans & atmosphere,fans & atmosphere
14104,topic,match,match
14125,topic,match,match
14132,topic,match,match
14138,topic,match,match
14155,topic,player & team,player & team
14217,topic,match,match
14221,topic,event & hosting,event & hosting
14240,topic,event & hosting,event & hosting
14257,topic,match,match
14260,topic,match,match
14268,topic,event & hosting,event & hosting
14271,topic,controversy,controversy
14302,topic,match,match
14307,topic,fans & atmosphere,fans & atmosphere
14318,topic,player & team,player & team
14327,topic,fans & atmosphere,fans & atmosphere
14328,topic,other,other
14330,topic,event & hosting,match
14352,topic,event & hosting,event & hosting
14353,topic,match,match
14356,topic,fans & atmosphere,fans & atmosphere
14382,topic,match,match
14387,topic,match,match
14400,topic,match,event & hosting
14403,topic,other,match
14405,topic,fans & atmosphere,fans & atmosphere
14447,topic,match,event & hosting
14463,topic,match,fans & atmosphere
14476,topic,fans & atmosphere,fans & atmosphere
14508,topic,match,match
14521,topic,event & hosting,event & hosting
14527,topic,other,match
14531,topic,event & hosting,event & hosting
14536,topic,player & team,match
14557,topic,match,match
14564,topic,match,player & team
14566,topic,match,match
14572,topic,match,match
14585,topic,fans & atmosphere,fans & atmosphere
14595,topic,player & team,player & team
14607,topic,match,match
14624,topic,fans & atmosphere,fans & atmosphere
14629,topic,match,match
14631,topic,match,fans & atmosphere
14642,topic,fans & atmosphere,fans & atmosphere
14650,topic,fans & atmosphere,fans & atmosphere
14657,topic,match,match
14671,topic,player & team,player & team
14693,topic,match,match
14713,topic,match,match
14721,topic,fans & atmosphere,fans & atmosphere
14751,topic,player & team,player & team
14755,topic,player & team,player & team
14758,topic,match,match
14765,topic,player & team,player & team
14777,topic,match,controversy
14783,topic,player & team,player & team
14793,topic,other,match
14794,topic,match,match
14811,topic,match,player & team
14827,topic,player & team,player & team
14829,topic,match,match
14833,topic,match,match
14836,topic,match,match
14841,topic,player & team,player & team
14843,topic,match,match
14848,topic,match,match
14853,topic,player & team,player & team
14881,topic,match,match
14886,topic,controversy,player & team
14893,topic,fans & atmosphere,fans & atmosphere
14895,topic,match,match
14900,topic,event & hosting,event & hosting
14909,topic,other,player & team
14923,topic,match,match
14929,topic,player & team,player & team
14939,topic,fans & atmosphere,fans & atmosphere
14940,topic,controversy,controversy
14953,topic,player & team,player & team
14959,topic,match,match
14962,topic,event & hosting,event & hosting
14969,topic,other,player & team
14981,topic,match,player & team
14985,topic,match,match
14986,topic,match,player & team
15013,topic,other,other
15029,topic,player & team,player & team
15032,topic,player & team,event & hosting
15052,topic,match,match
15058,topic,other,event & hosting
15071,topic,match,match
15072,topic,event & hosting,event & hosting
15073,topic,match,match
15075,topic,fans & atmosphere,fans & atmosphere
15080,topic,match,match
15115,topic,player & team,player & team
15135,topic,match,match
15137,topic,match,match
15151,topic,match,player & team
15158,topic,match,match
15178,topic,match,match
15188,topic,match,match
15209,topic,fans & atmosphere,fans & atmosphere
15212,topic,match,player & team
15213,topic,event & hosting,match
15221,topic,match,player & team
15233,topic,player & team,player & team
15247,topic,match,match
15273,topic,player & team,match
15281,topic,match,player & team
15290,topic,player & team,player & team
15296,topic,match,match
15299,topic,player & team,player & team
15305,topic,fans & atmosphere,fans & atmosphere
15310,topic,other,match
15320,topic,other,player & team
15322,topic,match,match
15346,topic,fans & atmosphere,match
15364,topic,player & team,player & team
15370,topic,match,controversy
15379,topic,other,match
15411,topic,controversy,controversy
15443,topic,match,match
15452,topic,match,match
15463,topic,match,match
15474,topic,fans & atmosphere,fans & atmosphere
15481,topic,other,match
15501,topic,match,match
15517,topic,event & hosting,event & hosting
15526,topic,match,match
15542,topic,match,match
15548,topic,match,match
15554,topic,controversy,controversy
15558,topic,controversy,controversy
15559,topic,match,match
15575,topic,fans & atmosphere,fans & atmosphere
15582,topic,match,match
15602,topic,other,match
15604,topic,match,match
15609,topic,other,other
15616,topic,fans & atmosphere,fans & atmosphere
15618,topic,event & hosting,event & hosting
15623,topic,match,controversy
15626,topic,match,match
15636,topic,match,match
15644,topic,event & hosting,event & hosting
15645,topic,other,match
15654,topic,match,match
15657,topic,player & team,player & team
15659,topic,match,event & hosting
15673,topic,match,match
15687,topic,player & team,player & team
15690,topic,fans & atmosphere,fans & atmosphere
15700,topic,event & hosting,match
15721,topic,other,other
15733,topic,match,match
15739,topic,match,match
15740,topic,match,match
15762,topic,match,match
15771,topic,match,match
15804,topic,player & team,match
15817,topic,player & team,player & team
15818,topic,match,match
15864,topic,player & team,match
15872,topic,match,match
15875,topic,player & team,player & team
15911,topic,match,match
15919,topic,match,match
15920,topic,match,match
15943,topic,match,match
15955,topic,match,match
16007,topic,player & team,player & team
16050,topic,match,match
16060,topic,player & team,player & team
16100,topic,fans & atmosphere,fans & atmosphere
16133,topic,match,player & team
16137,topic,match,match
16143,topic,player & team,player & team
16168,topic,match,match
16206,topic,match,match
16207,topic,controversy,controversy
16219,topic,player & team,player & team
16233,topic,match,other
16239,topic,player & team,player & team
16246,topic,match,match
16257,topic,match,match
16266,topic,player & team,player & team
16270,topic,player & team,player & team
16321,topic,player & team,player & team
16350,topic,player & team,player & team
16372,topic,player & team,player & team
16376,topic,player & team,player & team
16402,topic,match,match
16405,topic,player & team,player & team
16411,topic,player & team,player & team
16413,topic,match,match
16421,topic,player & team,player & team
16442,topic,match,match
16455,topic,player & team,player & team
16464,topic,player & team,player & team
16468,topic,match,player & team
16493,topic,match,other
16497,topic,match,event & hosting
16514,topic,fans & atmosphere,fans & atmosphere
16535,topic,match,match
16577,topic,fans & atmosphere,fans & atmosphere
16594,topic,match,match
16671,topic,match,other
16707,topic,fans & atmosphere,fans & atmosphere
16736,topic,match,match
16760,topic,match,match
16762,topic,fans & atmosphere,fans & atmosphere
16765,topic,match,player & team
16770,topic,match,match
16778,topic,match,match
16782,topic,player & team,player & team
16786,topic,match,match
16800,topic,player & team,player & team
16811,topic,match,fans & atmosphere
16851,topic,match,match
16865,topic,fans & atmosphere,match
16870,topic,other,player & team
16879,topic,match,player & team
16929,topic,match,fans & atmosphere
16933,topic,match,match
16956,topic,match,match
16960,topic,fans & atmosphere,fans & atmosphere
16968,topic,match,match
16972,topic,other,match
16989,topic,player & team,player & team
17000,topic,match,match
17036,topic,match,match
17063,topic,player & team,player & team
17069,topic,fans & atmosphere,fans & atmosphere
17076,topic,event & hosting,match
17092,topic,match,match
17105,topic,match,match
17145,topic,match,match
17171,topic,match,match
17220,topic,other,controversy
17222,topic,match,match
17231,topic,match,match
17239,topic,match,event & hosting
17250,topic,match,event & hosting
17278,topic,match,match
17285,topic,match,other
17288,topic,match,match
17294,topic,match,event & hosting
17295,topic,match,match
17303,topic,match,match
17312,topic,other,other
17316,topic,event & hosting,event & hosting
17330,topic,match,match
17331,topic,match,match
17332,topic,event & hosting,event & hosting
17340,topic,fans & atmosphere,fans & atmosphere
17341,topic,match,event & hosting
17361,topic,event & hosting,event & hosting
17370,topic,match,match
17385,topic,event & hosting,event & hosting
17396,topic,fans & atmosphere,fans & atmosphere
17410,topic,player & team,player & team
17431,topic,match,match
17449,topic,match,match
17475,topic,player & team,player & team
17486,topic,match,match
17495,topic,fans & atmosphere,fans & atmosphere
17508,topic,other,match
17511,topic,fans & atmosphere,fans & atmosphere
17515,topic,player & team,player & team
17523,topic,match,match
17525,topic,match,match
17535,topic,fans & atmosphere,fans & atmosphere
17540,topic,match,match
17564,topic,player & team,player & team
17570,topic,match,match
17589,topic,match,match
17591,topic,player & team,player & team
17599,topic,fans & atmosphere,fans & atmosphere
17600,topic,match,event & hosting
17602,topic,match,player & team
17612,topic,match,match
17615,topic,fans & atmosphere,fans & atmosphere
17631,topic,event & hosting,event & hosting
17659,topic,match,match
17662,topic,other,match
17711,topic,event & hosting,event & hosting
17721,topic,player & team,player & team
17728,topic,match,match
17730,topic,match,other
17732,topic,event & hosting,match
17755,topic,fans & atmosphere,fans & atmosphere
17758,topic,player & team,player & team
17760,topic,match,match
17770,topic,match,match
17775,topic,controversy,controversy
17801,topic,match,match
17804,topic,fans & atmosphere,fans & atmosphere
17826,topic,match,fans & atmosphere
17831,topic,other,match
17834,topic,controversy,controversy
17861,topic,event & hosting,event & hosting
17874,topic,match,match
17876,topic,other,match
17880,topic,match,match
17891,topic,controversy,controversy
17893,topic,match,match
17915,topic,controversy,controversy
17935,topic,match,match
17966,topic,fans & atmosphere,fans & atmosphere
17974,topic,match,match
17975,topic,match,match
17985,topic,fans & atmosphere,fans & atmosphere
18016,topic,event & hosting,event & hosting
18019,topic,other,match
18033,topic,match,match
18036,topic,match,match
18049,topic,match,match
18050,topic,match,match
18055,topic,match,match
18061,topic,match,match
18074,topic,match,match
18081,topic,player & team,player & team
18093,topic,match,match
18095,topic,fans & atmosphere,player & team
18106,topic,event & hosting,event & hosting
18118,topic,match,match
18125,topic,match,match
18138,topic,event & hosting,event & hosting
18155,topic,match,match
18167,topic,match,match
18168,topic,match,match
18174,topic,match,match
18187,topic,match,match
18196,topic,controversy,controversy
18197,topic,match,match
18206,topic,match,player & team
18213,topic,player & team,player & team
18227,topic,match,match
18230,topic,match,match
18245,topic,match,match
18247,topic,other,match
18252,topic,match,player & team
18267,topic,match,match
18285,topic,match,match
18291,topic,match,match
18295,topic,fans & atmosphere,fans & atmosphere
18297,topic,other,match
18298,topic,match,match
18303,topic,fans & atmosphere,fans & atmosphere
18304,topic,match,match
18305,topic,match,match
18314,topic,match,match
18319,topic,match,match
18369,topic,match,match
18380,topic,player & team,player & team
18395,topic,match,match
18407,topic,fans & atmosphere,fans & atmosphere
18409,topic,fans & atmosphere,match
18421,topic,match,match
18422,topic,fans & atmosphere,fans & atmosphere
18439,topic,fans & atmosphere,player & team
18444,topic,match,match
18452,topic,match,match
18466,topic,match,match
18486,topic,match,match
18487,topic,player & team,match
18526,topic,player & team,match
18546,topic,match,match
18550,topic,match,match
18567,topic,controversy,controversy
18568,topic,controversy,controversy
18574,topic,fans & atmosphere,fans & atmosphere
18579,topic,match,match
18580,topic,player & team,player & team
18601,topic,match,match
18605,topic,match,match
18608,topic,match,match
18623,topic,match,match
18635,topic,match,match
18641,topic,event & hosting,event & hosting
18644,topic,fans & atmosphere,fans & atmosphere
18651,topic,match,match
18653,topic,match,match
18664,topic,fans & atmosphere,fans & atmosphere
18665,topic,fans & atmosphere,fans & atmosphere
18669,topic,player & team,player & team
18682,topic,other,player & team
18710,topic,other,match
18727,topic,match,event & hosting
18733,topic,player & team,player & team
18753,topic,other,other
18762,topic,fans & atmosphere,fans & atmosphere
18778,topic,match,match
18824,topic,match,match
18853,topic,match,other
18856,topic,fans & atmosphere,fans & atmosphere
18868,topic,fans & atmosphere,fans & atmosphere
18890,topic,other,match
18903,topic,match,fans & atmosphere
18916,topic,fans & atmosphere,match
18928,topic,match,match
18931,topic,other,other
18932,topic,match,match
18951,topic,match,match
18959,topic,fans & atmosphere,fans & atmosphere
18964,topic,fans & atmosphere,fans & atmosphere
18976,topic,match,match
18984,topic,fans & atmosphere,fans & atmosphere
18985,topic,event & hosting,event & hosting
18989,topic,fans & atmosphere,fans & atmosphere
18995,topic,match,match
18997,topic,match,match
19000,topic,other,match
19003,topic,fans & atmosphere,fans & atmosphere
19030,topic,fans & atmosphere,fans & atmosphere
19033,topic,player & team,event & hosting
19041,topic,match,player & team
19047,topic,match,match
19053,topic,other,match
19056,topic,match,match
19069,topic,player & team,player & team
19078,topic,match,match
19128,topic,fans & atmosphere,fans & atmosphere
19138,topic,match,match
19143,topic,match,match
19151,topic,player & team,player & team
19154,topic,fans & atmosphere,fans & atmosphere
19178,topic,match,match
19194,topic,event & hosting,event & hosting
19338,topic,match,match
19346,topic,fans & atmosphere,fans & atmosphere
19357,topic,match,match
19362,topic,match,match
19381,topic,match,fans & atmosphere
19393,topic,match,match
19432,topic,match,match
19441,topic,match,match
19455,topic,match,match
19458,topic,fans & atmosphere,fans & atmosphere
19459,topic,player & team,player & team
19463,topic,fans & atmosphere,fans & atmosphere
19472,topic,match,fans & atmosphere
19474,topic,match,match
19478,topic,match,match
19511,topic,match,match
19517,topic,match,match
19523,topic,fans & atmosphere,fans & atmosphere
19538,topic,match,match
19542,topic,player & team,player & team
19545,topic,other,match
19615,topic,match,match
19634,topic,other,match
19649,topic,match,match
19650,topic,match,match
19656,topic,match,match
19659,topic,match,match
19668,topic,match,match
19691,topic,fans & atmosphere,fans & atmosphere
19712,topic,controversy,controversy
19716,topic,event & hosting,match
19723,topic,match,match
19724,topic,match,match
19731,topic,match,match
19749,topic,match,match
19780,topic,match,match
19928,topic,player & team,player & team
20052,topic,other,other
20080,topic,match,match
20084,topic,player & team,other
20092,topic,other,match
20106,topic,match,match
20128,topic,match,match
20153,topic,other,match
20160,topic,other,match
20200,topic,other,match
20223,topic,player & team,player & team
20227,topic,controversy,other
20241,topic,other,match
20244,topic,controversy,match
20262,topic,player & team,match
20285,topic,other,other
20310,topic,other,match
20324,topic,fans & atmosphere,fans & atmosphere
20347,topic,controversy,player & team
20348,topic,other,match
20355,topic,fans & atmosphere,fans & atmosphere
20428,topic,other,event & hosting
20435,topic,controversy,match
20441,topic,event & hosting,event & hosting
20442,topic,event & hosting,other
20452,topic,controversy,controversy
20460,topic,player & team,other
20469,topic,controversy,event & hosting
20475,topic,match,other
20484,topic,player & team,other
20489,topic,fans & atmosphere,event & hosting
20492,topic,match,other
20495,topic,fans & atmosphere,fans & atmosphere
20507,topic,controversy,controversy
20533,topic,match,other
20548,topic,controversy,controversy
20552,topic,event & hosting,other
20558,topic,match,controversy
20561,topic,event & hosting,controversy
20562,topic,other,other
20563,topic,fans & atmosphere,other
20564,topic,other,other
20578,topic,fans & atmosphere,other
20580,topic,match,other
20585,topic,other,other
20586,topic,controversy,other
20590,topic,other,controversy
20591,topic,other,other
20597,topic,controversy,controversy
20599,topic,event & hosting,event & hosting
20605,topic,other,other
20612,topic,event & hosting,event & hosting
20614,topic,controversy,controversy
20618,topic,controversy,other
20624,topic,other,fans & atmosphere
20625,topic,player & team,other
20640,topic,other,player & team
20647,topic,fans & atmosphere,other
20653,topic,player & team,player & team
20659,topic,controversy,other
20661,topic,controversy,other
20684,topic,other,other
20695,topic,other,controversy
20699,topic,event & hosting,event & hosting
20701,topic,other,other
20703,topic,other,other
20712,topic,fans & atmosphere,fans & atmosphere
20713,topic,controversy,controversy
20736,topic,other,other
20746,topic,controversy,controversy
20768,topic,event & hosting,other
20771,topic,controversy,controversy
20772,topic,other,other
20776,topic,controversy,controversy
20778,topic,controversy,fans & atmosphere
20779,topic,controversy,controversy
20787,topic,other,other
20794,topic,fans & atmosphere,fans & atmosphere
20805,topic,match,other
20811,topic,other,controversy
20818,topic,controversy,controversy
20833,topic,other,other
20835,topic,controversy,controversy
20838,topic,controversy,controversy
20845,topic,other,event & hosting
20849,topic,other,other
20855,topic,match,controversy
20880,topic,other,controversy
20882,topic,fans & atmosphere,fans & atmosphere
20886,topic,match,other
20893,topic,other,controversy
20909,topic,other,other
20915,topic,other,other
20919,topic,other,other
20920,topic,fans & atmosphere,controversy
20921,topic,event & hosting,event & hosting
20926,topic,event & hosting,event & hosting
20932,topic,other,other
20938,topic,other,other
20950,topic,other,event & hosting
20955,topic,other,match
20959,topic,other,other
20985,topic,other,other
20996,topic,other,other
21009,topic,controversy,controversy
21012,topic,match,controversy
21022,topic,other,other
21024,topic,event & hosting,controversy
21030,topic,other,other
21040,topic,fans & atmosphere,event & hosting
21045,topic,other,controversy
21049,topic,other,other
21050,topic,match,match
21059,topic,event & hosting,event & hosting
21075,topic,other,other
21082,topic,fans & atmosphere,fans & atmosphere
21096,topic,controversy,other
21123,topic,other,controversy
21129,topic,other,other
21148,topic,other,controversy
21149,topic,player & team,controversy
21153,topic,match,other
21154,topic,other,other
21167,topic,fans & atmosphere,fans & atmosphere
21169,topic,event & hosting,event & hosting
21172,topic,other,other
21185,topic,match,other
21186,topic,controversy,other
21196,topic,controversy,controversy
21198,topic,controversy,controversy
21202,topic,match,other
21208,topic,other,other
21215,topic,match,match
21217,topic,other,other
21221,topic,other,other
21229,topic,fans & atmosphere,fans & atmosphere
21238,topic,other,other
21242,topic,other,other
21247,topic,event & hosting,event & hosting
21252,topic,controversy,controversy
21264,topic,match,match
21268,topic,other,other
21270,topic,match,match
21281,topic,event & hosting,event & hosting
21283,topic,other,other
21286,topic,player & team,controversy
21291,topic,player & team,player & team
21292,topic,other,other
21306,topic,other,other
21308,topic,other,other
21312,topic,match,controversy
21315,topic,controversy,other
21316,topic,controversy,event & hosting
21327,topic,player & team,other
21331,topic,event & hosting,event & hosting
21334,topic,other,other
21336,topic,other,other
21338,topic,other,other
21347,topic,other,other
21365,topic,fans & atmosphere,controversy
21368,topic,controversy,controversy
21372,topic,other,other
21373,topic,other,other
21387,topic,other,controversy
21395,topic,other,other
21403,topic,other,other
21407,topic,other,fans & atmosphere
21416,topic,other,other
21424,topic,other,other
21437,topic,controversy,controversy
21453,topic,controversy,controversy
21473,topic,fans & atmosphere,fans & atmosphere
21481,topic,fans & atmosphere,fans & atmosphere
21495,topic,controversy,other
21498,topic,other,other
21502,topic,match,match
21515,topic,event & hosting,event & hosting
21517,topic,other,other
21554,topic,fans & atmosphere,fans & atmosphere
21563,topic,other,other
21570,topic,other,other
21581,topic,controversy,controversy
21612,topic,match,controversy
21622,topic,other,other
21625,topic,player & team,player & team
21627,topic,fans & atmosphere,fans & atmosphere
21632,topic,controversy,controversy
21640,topic,other,event & hosting
21641,topic,fans & atmosphere,fans & atmosphere
21643,topic,match,other
21647,topic,controversy,controversy
21650,topic,other,controversy
21657,topic,other,controversy
21667,topic,other,other
21717,topic,other,other
21730,topic,other,other
21731,topic,controversy,controversy
21734,topic,other,other
21736,topic,controversy,controversy
21737,topic,other,other
21743,topic,event & hosting,event & hosting
21745,topic,controversy,controversy
21759,topic,controversy,controversy
21760,topic,event & hosting,event & hosting
21765,topic,controversy,controversy
21766,topic,other,controversy
21780,topic,other,other
21781,topic,other,other
21785,topic,other,controversy
21794,topic,event & hosting,event & hosting
21795,topic,other,other
21800,topic,match,controversy
21803,topic,other,other
21805,topic,match,other
21811,topic,controversy,controversy
21812,topic,match,match
21832,topic,other,other
21835,topic,other,other
21843,topic,controversy,controversy
21847,topic,controversy,controversy
21862,topic,other,controversy
21866,topic,other,other
21870,topic,other,other
21884,topic,other,controversy
21885,topic,controversy,other
21886,topic,controversy,controversy
21890,topic,other,other
21892,topic,match,controversy
21930,topic,controversy,event & hosting
21936,topic,fans & atmosphere,fans & atmosphere
21941,topic,other,other
21963,topic,other,other
21966,topic,controversy,controversy
21969,topic,player & team,player & team
21976,topic,controversy,controversy
22000,topic,controversy,controversy
22009,topic,other,other
22014,topic,other,controversy
22022,topic,other,other
22027,topic,fans & atmosphere,fans & atmosphere
22040,topic,other,other
22041,topic,other,other
22049,topic,other,other
22051,topic,other,controversy
22077,topic,other,other
22079,topic,other,other
22082,topic,controversy,other
22123,topic,controversy,controversy
22132,topic,match,match
22156,topic,other,event & hosting
22157,topic,fans & atmosphere,fans & atmosphere
22171,topic,controversy,controversy
22177,topic,match,match
22178,topic,other,other
22179,topic,other,other
22183,topic,fans & atmosphere,fans & atmosphere
22189,topic,controversy,other
22195,topic,match,other
22196,topic,controversy,controversy
22214,topic,other,other
22222,topic,other,other
22225,topic,other,other
22240,topic,match,match
22246,topic,other,other
22247,topic,fans & atmosphere,fans & atmosphere
22263,topic,event & hosting,event & hosting
22274,topic,other,player & team
22279,topic,other,other
22287,topic,controversy,event & hosting
22291,topic,other,player & team
22292,topic,fans & atmosphere,fans & atmosphere
22295,topic,controversy,controversy
22306,topic,fans & atmosphere,fans & atmosphere
22321,topic,controversy,controversy
22333,topic,other,other
22336,topic,other,event & hosting
22338,topic,other,match
22341,topic,other,other
22351,topic,other,other
22359,topic,controversy,controversy
22360,topic,other,other
22361,topic,other,match
22376,topic,event & hosting,match
22377,topic,other,match
22378,topic,other,other
22380,topic,controversy,controversy
22419,topic,other,other
22426,topic,match,other
22433,topic,controversy,player & team
22435,topic,other,other
22442,topic,event & hosting,event & hosting
22448,topic,other,other
22449,topic,match,match
22459,topic,event & hosting,event & hosting
22463,topic,event & hosting,other
22474,topic,other,match
22477,topic,fans & atmosphere,fans & atmosphere
22497,topic,fans & atmosphere,fans & atmosphere
22506,topic,match,other
22508,topic,match,other
22515,topic,other,other
22517,topic,other,other
22524,topic,controversy,controversy
22527,topic,event & hosting,event & hosting
22532,topic,other,other
22548,topic,other,other
22565,topic,other,other
22566,topic,other,other
22575,topic,controversy,controversy
22577,topic,other,controversy
22589,topic,controversy,controversy
22603,topic,fans & atmosphere,fans & atmosphere
22609,topic,other,other
22613,topic,controversy,controversy
22614,topic,controversy,controversy
22619,topic,other,controversy
22620,topic,other,other
22622,topic,match,match
22627,topic,controversy,controversy
22630,topic,controversy,controversy
22634,topic,other,other
22638,topic,controversy,controversy
22642,topic,player & team,other
22652,topic,player & team,player & team
22656,topic,player & team,player & team
22658,topic,other,other
22663,topic,other,other
22671,topic,other,other
22672,topic,other,other
22673,topic,fans & atmosphere,fans & atmosphere
22674,topic,controversy,controversy
22678,topic,other,other
22683,topic,controversy,controversy
22689,topic,other,other
22692,topic,other,other
22718,topic,match,match
22720,topic,other,other
22724,topic,match,match
22733,topic,controversy,controversy
22736,topic,controversy,controversy
22739,topic,other,other
22747,topic,controversy,controversy
22761,topic,controversy,controversy
22769,topic,match,match
22789,topic,controversy,player & team
22796,topic,fans & atmosphere,fans & atmosphere
22799,topic,other,other
22800,topic,other,other
22802,topic,controversy,controversy
22804,topic,other,other
22820,topic,other,controversy
22822,topic,other,other
22823,topic,player & team,controversy
22824,topic,match,match
22825,topic,other,other
22826,topic,controversy,controversy
22833,topic,other,other
22837,topic,other,other
22838,topic,match,match
22840,topic,match,match
22843,topic,controversy,controversy
22846,topic,controversy,controversy
22847,topic,other,other
22858,topic,other,other
22860,topic,player & team,player & team
22861,topic,other,other
22876,topic,controversy,controversy
22878,topic,other,other
22880,topic,controversy,controversy
22884,topic,other,other
22892,topic,other,other
22896,topic,match,player & team
22899,topic,other,other
22906,topic,event & hosting,event & hosting
22908,topic,match,controversy
22911,topic,other,event & hosting
22918,topic,other,other
22923,topic,other,other
22927,topic,other,match
22928,topic,other,other
22929,topic,other,other
22933,topic,fans & atmosphere,fans & atmosphere
22934,topic,other,other
22936,topic,other,player & team
22944,topic,other,other
22951,topic,other,other
22972,topic,other,other
22984,topic,other,other
22991,topic,other,other
22996,topic,other,other
22997,topic,other,other
23011,topic,other,other
23013,topic,other,other
23020,topic,other,other
23024,topic,event & hosting,event & hosting
23033,topic,other,other
23036,topic,controversy,controversy
23041,topic,other,other
23056,topic,fans & atmosphere,fans & atmosphere
23061,topic,match,match
23066,topic,controversy,controversy
23070,topic,other,other
23077,topic,controversy,event & hosting
23078,topic,other,other
23090,topic,controversy,controversy
23099,topic,other,other
23105,topic,other,other
23108,topic,other,other
23116,topic,controversy,controversy
23121,topic,other,other
23133,topic,other,other
23135,topic,controversy,controversy
23137,topic,controversy,controversy
23141,topic,other,player & team
23185,topic,match,match
23188,topic,controversy,controversy
23191,topic,fans & atmosphere,fans & atmosphere
23193,topic,other,other
23197,topic,other,other
23203,topic,other,other
23206,topic,controversy,other
23207,topic,other,controversy
23210,topic,controversy,controversy
23214,topic,other,other
23215,topic,match,match
23225,topic,player & team,other
23227,topic,fans & atmosphere,fans & atmosphere
23243,topic,other,other
23257,topic,other,other
23265,topic,fans & atmosphere,fans & atmosphere
23272,topic,controversy,controversy
23278,topic,other,other
23288,topic,controversy,other
23289,topic,other,other
23301,topic,event & hosting,event & hosting
23313,topic,other,other
23319,topic,other,event & hosting
23325,topic,other,other
23330,topic,controversy,controversy
23335,topic,other,other
23339,topic,match,other
23355,topic,other,other
23357,topic,match,player & team
23374,topic,other,controversy
23386,topic,other,other
23388,topic,other,match
23389,topic,fans & atmosphere,fans & atmosphere
23394,topic,other,other
23397,topic,other,other
23403,topic,match,match
23414,topic,other,other
23420,topic,controversy,other
23426,topic,controversy,controversy
23429,topic,other,other
23440,topic,other,other
23448,topic,other,other
23466,topic,controversy,controversy
23471,topic,fans & atmosphere,fans & atmosphere
23497,topic,other,other
23498,topic,other,other
23501,topic,event & hosting,event & hosting
23503,topic,other,other
23514,topic,other,player & team
23517,topic,event & hosting,event & hosting
23530,topic,other,other
23531,topic,match,other
23536,topic,other,other
23539,topic,controversy,controversy
23540,topic,controversy,controversy
23544,topic,controversy,controversy
23562,topic,controversy,controversy
23563,topic,controversy,event & hosting
23567,topic,controversy,match
23582,topic,other,other
23586,topic,controversy,controversy
23587,topic,match,event & hosting
23590,topic,controversy,controversy
23593,topic,match,other
23610,topic,other,other
23621,topic,controversy,match
23631,topic,other,other
23638,topic,controversy,controversy
23643,topic,player & team,other
23646,topic,event & hosting,event & hosting
23651,topic,event & hosting,event & hosting
23668,topic,controversy,controversy
23674,topic,other,other
23682,topic,controversy,controversy
23683,topic,other,other
23686,topic,match,other
23688,topic,fans & atmosphere,fans & atmosphere
23698,topic,other,other
23699,topic,controversy,controversy
23701,topic,controversy,controversy
23703,topic,other,other
23720,topic,other,other
23728,topic,other,other
23737,topic,other,other
23742,topic,fans & atmosphere,fans & atmosphere
23743,topic,match,player & team
23744,topic,fans & atmosphere,fans & atmosphere
23754,topic,other,other
23755,topic,controversy,controversy
23760,topic,other,other
23772,topic,other,event & hosting
23773,topic,other,other
23775,topic,match,match
23785,topic,other,player & team
23794,topic,other,other
23796,topic,other,other
23799,topic,match,match
23806,topic,other,other
23807,topic,controversy,controversy
23816,topic,other,other
23821,topic,other,other
23822,topic,controversy,other
23826,topic,controversy,controversy
23827,topic,controversy,controversy
23836,topic,other,other
23840,topic,other,other
23843,topic,event & hosting,event & hosting
23848,topic,other,other
23849,topic,match,match
23850,topic,controversy,controversy
23854,topic,other,other
23857,topic,other,other
23858,topic,controversy,controversy
23869,topic,other,other
23875,topic,match,match
23882,topic,controversy,controversy
23895,topic,other,other
23896,topic,other,other
23898,topic,other,other
23899,topic,player & team,player & team
23902,topic,other,other
23907,topic,fans & atmosphere,fans & atmosphere
23910,topic,other,other
23925,topic,match,match
23928,topic,other,other
23931,topic,other,other
23935,topic,controversy,controversy
23939,topic,controversy,controversy
23950,topic,other,other
23959,topic,other,event & hosting
23962,topic,other,other
23970,topic,other,other
23971,topic,controversy,event & hosting
23980,topic,other,other
24000,topic,other,other
24002,topic,event & hosting,event & hosting
24004,topic,fans & atmosphere,event & hosting
24007,topic,player & team,player & team
24014,topic,fans & atmosphere,fans & atmosphere
24026,topic,other,other
24028,topic,other,other
24033,topic,other,other
24042,topic,match,other
24047,topic,match,match
24056,topic,controversy,controversy
24062,topic,controversy,controversy
24077,topic,fans & atmosphere,fans & atmosphere
24088,topic,controversy,controversy
24089,topic,other,other
24091,topic,other,other
24096,topic,controversy,other
24109,topic,other,other
24115,topic,match,match
24116,topic,match,match
24118,topic,other,controversy
24119,topic,other,other
24120,topic,controversy,controversy
24146,topic,match,match
24160,topic,controversy,controversy
24167,topic,other,other
24188,topic,other,other
24195,topic,fans & atmosphere,fans & atmosphere
24202,topic,controversy,controversy
24204,topic,controversy,controversy
24210,topic,other,other
24211,topic,other,other
24226,topic,player & team,player & team
24237,topic,other,other
24242,topic,other,other
24262,topic,fans & atmosphere,fans & atmosphere
24276,topic,other,other
24300,topic,player & team,controversy
24303,topic,controversy,controversy
24306,topic,other,other
24317,topic,other,other
24329,topic,player & team,controversy
24335,topic,other,other
24336,topic,controversy,controversy
24341,topic,fans & atmosphere,fans & atmosphere
24347,topic,other,controversy
24351,topic,other,other
24354,topic,controversy,controversy
24371,topic,other,other
24377,topic,match,match
24390,topic,controversy,controversy
24405,topic,fans & atmosphere,fans & atmosphere
24412,topic,other,other
24426,topic,other,other
24431,topic,fans & atmosphere,fans & atmosphere
24433,topic,other,other
24445,topic,controversy,other
24447,topic,event & hosting,event & hosting
24455,topic,other,other
24462,topic,event & hosting,other
24482,topic,fans & atmosphere,fans & atmosphere
24483,topic,player & team,player & team
24484,topic,controversy,controversy
24491,topic,other,other
24494,topic,match,match
24498,topic,other,other
24499,topic,fans & atmosphere,fans & atmosphere
24505,topic,other,other
24512,topic,other,controversy
24514,topic,other,other
24516,topic,controversy,other
24524,topic,event & hosting,event & hosting
24535,topic,controversy,controversy
24543,topic,controversy,controversy
24552,topic,controversy,controversy
24561,topic,other,other
24563,topic,other,other
24566,topic,other,controversy
24569,topic,other,other
24573,topic,other,other
24581,topic,other,other
24588,topic,other,other
24600,topic,other,player & team
24601,topic,fans & atmosphere,fans & atmosphere
24603,topic,other,other
24605,topic,controversy,controversy
24607,topic,other,other
24610,topic,fans & atmosphere,fans & atmosphere
24620,topic,other,other
24622,topic,controversy,controversy
24623,topic,other,controversy
24638,topic,other,other
24639,topic,controversy,controversy
24640,topic,other,other
24642,topic,match,other
24658,topic,other,other
24663,topic,controversy,controversy
24670,topic,match,match
24672,topic,other,other
24674,topic,fans & atmosphere,fans & atmosphere
24702,topic,other,other
24717,topic,controversy,other
24718,topic,other,other
24726,topic,other,other
24734,topic,match,other
24735,topic,player & team,player & team
24739,topic,controversy,controversy
24740,topic,other,other
24746,topic,other,other
24752,topic,controversy,controversy
24757,topic,controversy,other
24761,topic,other,other
24764,topic,other,other
24774,topic,controversy,controversy
24786,topic,match,match
24789,topic,other,other
24790,topic,match,match
24792,topic,other,other
24796,topic,match,match
24801,topic,other,other
24806,topic,other,other
24811,topic,controversy,controversy
24823,topic,other,other
24839,topic,other,other
24842,topic,match,controversy
24860,topic,fans & atmosphere,fans & atmosphere
24864,topic,match,player & team
24865,topic,other,other
24869,topic,other,other
24870,topic,controversy,controversy
24871,topic,other,other
24881,topic,controversy,controversy
24882,topic,match,player & team
24884,topic,controversy,controversy
24888,topic,other,other
24903,topic,other,other
24905,topic,other,other
24909,topic,match,match
24916,topic,other,other
24924,topic,other,other
24929,topic,other,other
24930,topic,fans & atmosphere,fans & atmosphere
24946,topic,other,other
24947,topic,controversy,controversy
24950,topic,match,controversy
24951,topic,match,match
24964,topic,match,match
24969,topic,other,other
24970,topic,other,player & team
24986,topic,controversy,controversy
24993,topic,other,other
24996,topic,match,other
25005,topic,other,other
25008,topic,controversy,controversy
25015,topic,controversy,controversy
25021,topic,other,other
25027,topic,event & hosting,event & hosting
25030,topic,player & team,other
25035,topic,match,controversy
25044,topic,controversy,controversy
25046,topic,player & team,controversy
25048,topic,other,other
25051,topic,other,other
25054,topic,controversy,controversy
25058,topic,other,other
25066,topic,fans & atmosphere,fans & atmosphere
25072,topic,match,match
25079,topic,other,other
25080,topic,other,other
25082,topic,other,other
25106,topic,match,match
25110,topic,controversy,controversy
25112,topic,controversy,controversy
25115,topic,other,other
25116,topic,other,other
25124,topic,controversy,controversy
25125,topic,match,other
25129,topic,match,match
25141,topic,other,other
25142,topic,other,other
25145,topic,player & team,controversy
25149,topic,other,other
25150,topic,controversy,controversy
25154,topic,match,match
25183,topic,other,player & team
25211,topic,other,other
25222,topic,other,other
25224,topic,other,other
25235,topic,other,other
25243,topic,controversy,other
25252,topic,event & hosting,event & hosting
25257,topic,match,controversy
25280,topic,controversy,controversy
25288,topic,other,other
25289,topic,other,other
25302,topic,other,other
25307,topic,other,controversy
25310,topic,other,other
25312,topic,event & hosting,event & hosting
25321,topic,other,other
25323,topic,other,other
25338,topic,other,other
25383,topic,other,other
25396,topic,other,other
25400,topic,match,match
25403,topic,match,match
25425,topic,other,other
25429,topic,other,other
25438,topic,other,other
25442,topic,controversy,event & hosting
25448,topic,other,other
25452,topic,player & team,controversy
25460,topic,match,match
25463,topic,controversy,controversy
25466,topic,player & team,player & team
25481,topic,fans & atmosphere,fans & atmosphere
25491,topic,other,other
25511,topic,other,other
25517,topic,other,other
25519,topic,other,other
25521,topic,player & team,player & team
25523,topic,other,other
25525,topic,match,match
25526,topic,controversy,controversy
25528,topic,other,other
25538,topic,other,other
25549,topic,other,player & team
25576,topic,other,other
25603,topic,other,other
25610,topic,controversy,controversy
25625,topic,controversy,other
25634,topic,fans & atmosphere,fans & atmosphere
25644,topic,other,other
25647,topic,other,other
25650,topic,other,other
25654,topic,other,other
25663,topic,other,other
25666,topic,fans & atmosphere,fans & atmosphere
25667,topic,match,match
25682,topic,fans & atmosphere,fans & atmosphere
25688,topic,other,other
25703,topic,other,other
25705,topic,match,match
25715,topic,other,other
25717,topic,controversy,controversy
25726,topic,other,other
25744,topic,controversy,controversy
25749,topic,other,other
25750,topic,other,other
25759,topic,other,other
25762,topic,other,other
25779,topic,match,controversy
25798,topic,other,other
25808,topic,other,other
25810,topic,event & hosting,match
25820,topic,controversy,controversy
25851,topic,match,match
25858,topic,controversy,controversy
25863,topic,other,other
25866,topic,player & team,controversy
25872,topic,other,other
25882,topic,fans & atmosphere,fans & atmosphere
25896,topic,match,other
25914,topic,controversy,controversy
25921,topic,other,other
25925,topic,controversy,controversy
25928,topic,fans & atmosphere,fans & atmosphere
25933,topic,controversy,controversy
25942,topic,controversy,controversy
25951,topic,other,other
25956,topic,controversy,other
25963,topic,fans & atmosphere,fans & atmosphere
25966,topic,controversy,controversy
25980,topic,controversy,controversy
25983,topic,other,other
25999,topic,match,other
26003,topic,controversy,event & hosting
26007,topic,match,controversy
26018,topic,event & hosting,event & hosting
26027,topic,controversy,controversy
26053,topic,other,other
26058,topic,other,other
26062,topic,match,match
26080,topic,controversy,controversy
26092,topic,match,match
26096,topic,controversy,controversy
26106,topic,other,other
26126,topic,other,other
26130,topic,other,other
26133,topic,match,match
26148,topic,other,other
26155,topic,controversy,controversy
26161,topic,controversy,controversy
26165,topic,match,match
26173,topic,other,other
26195,topic,match,match
26202,topic,other,other
26204,topic,other,other
26208,topic,other,other
26209,topic,other,other
26212,topic,other,other
26223,topic,controversy,controversy
26229,topic,match,other
26238,topic,other,event & hosting
26243,topic,other,fans & atmosphere
26244,topic,controversy,controversy
26245,topic,match,player & team
26258,topic,fans & atmosphere,fans & atmosphere
26259,topic,other,other
26268,topic,controversy,controversy
26284,topic,other,other
26306,topic,controversy,controversy
26328,topic,other,other
26335,topic,other,other
26337,topic,controversy,controversy
26338,topic,match,match
26344,topic,other,other
26351,topic,other,other
26355,topic,controversy,controversy
26377,topic,match,match
26382,topic,other,other
26384,topic,controversy,controversy
26389,topic,controversy,controversy
26394,topic,match,match
26403,topic,controversy,controversy
26405,topic,controversy,controversy
26407,topic,controversy,match
26419,topic,controversy,controversy
26436,topic,other,other
26451,topic,controversy,controversy
26454,topic,other,other
26459,topic,other,other
26462,topic,other,other
26467,topic,other,other
26476,topic,controversy,controversy
26479,topic,other,other
26480,topic,controversy,controversy
26492,topic,match,match
26494,topic,other,other
26497,topic,other,other
26498,topic,other,other
26499,topic,other,other
26504,topic,controversy,controversy
26510,topic,controversy,controversy
26513,topic,fans & atmosphere,fans & atmosphere
26518,topic,controversy,controversy
26522,topic,controversy,controversy
26529,topic,other,other
26530,topic,controversy,controversy
26540,topic,controversy,controversy
26548,topic,other,other
26552,topic,other,other
26568,topic,controversy,controversy
26576,topic,match,match
26584,topic,controversy,controversy
26586,topic,controversy,controversy
26602,topic,other,player & team
26606,topic,match,controversy
26612,topic,fans & atmosphere,fans & atmosphere
26616,topic,controversy,controversy
26630,topic,controversy,controversy
26641,topic,match,player & team
26643,topic,match,match
26651,topic,other,other
26653,topic,match,match
26664,topic,controversy,controversy
26671,topic,other,other
26676,topic,player & team,other
26696,topic,match,match
26703,topic,controversy,controversy
26709,topic,fans & atmosphere,controversy
26715,topic,match,controversy
26721,topic,match,match
26734,topic,controversy,controversy
26737,topic,controversy,controversy
26748,topic,controversy,controversy
26755,topic,controversy,controversy
26761,topic,match,match
26764,topic,match,other
26766,topic,controversy,controversy
26768,topic,other,controversy
26777,topic,controversy,controversy
26778,topic,match,other
26793,topic,other,other
26794,topic,other,other
26798,topic,match,match
26802,topic,other,other
26803,topic,other,other
26807,topic,controversy,controversy
26817,topic,other,other
26819,topic,controversy,controversy
26828,topic,controversy,controversy
26832,topic,controversy,controversy
26833,topic,other,other
26842,topic,other,player & team
26851,topic,controversy,controversy
26855,topic,controversy,controversy
26866,topic,other,other
26867,topic,match,controversy
26881,topic,other,other
26890,topic,other,controversy
26904,topic,controversy,controversy
26906,topic,other,other
26907,topic,other,other
26913,topic,match,match
26915,topic,controversy,controversy
26918,topic,other,other
26921,topic,match,match
26926,topic,controversy,controversy
26928,topic,controversy,controversy
26929,topic,match,player & team
26930,topic,controversy,controversy
26939,topic,other,controversy
26947,topic,controversy,controversy
26949,topic,other,other
26965,topic,match,controversy
26971,topic,other,other
26996,topic,controversy,controversy
27034,topic,other,controversy
27037,topic,controversy,controversy
27073,topic,match,controversy
27099,topic,other,other
27101,topic,other,player & team
27104,topic,controversy,controversy
27115,topic,controversy,controversy
27117,topic,controversy,controversy
27132,topic,controversy,controversy
27140,topic,other,other
27145,topic,other,other
27148,topic,other,other
27165,topic,controversy,controversy
27171,topic,other,other
27182,topic,player & team,other
27184,topic,event & hosting,event & hosting
27189,topic,other,other
27191,topic,controversy,controversy
27207,topic,controversy,controversy
27224,topic,controversy,controversy
27225,topic,match,match
27232,topic,controversy,controversy
27238,topic,controversy,controversy
27245,topic,controversy,controversy
27246,topic,other,other
27247,topic,controversy,controversy
27257,topic,controversy,controversy
27258,topic,controversy,controversy
27264,topic,other,event & hosting
27282,topic,controversy,controversy
27283,topic,controversy,controversy
27287,topic,other,controversy
27289,topic,controversy,controversy
27290,topic,controversy,controversy
27296,topic,other,controversy
27298,topic,controversy,controversy
27305,topic,controversy,controversy
27321,topic,event & hosting,event & hosting
27327,topic,controversy,controversy
27338,topic,controversy,controversy
27357,topic,controversy,controversy
27359,topic,controversy,controversy
27363,topic,controversy,controversy
27369,topic,controversy,controversy
27373,topic,controversy,controversy
27375,topic,other,other
27378,topic,controversy,controversy
27382,topic,other,other
27384,topic,controversy,controversy
27385,topic,other,other
27388,topic,controversy,controversy
27398,topic,controversy,controversy
27403,topic,other,other
27410,topic,controversy,controversy
27412,topic,controversy,controversy
27418,topic,controversy,controversy
27432,topic,controversy,controversy
27442,topic,controversy,controversy
27450,topic,other,other
27452,topic,match,match
27454,topic,controversy,controversy
27455,topic,controversy,controversy
27456,topic,controversy,controversy
27457,topic,other,other
27468,topic,other,other
27475,topic,controversy,controversy
27478,topic,fans & atmosphere,fans & atmosphere
27485,topic,controversy,controversy
27489,topic,controversy,controversy
27492,topic,controversy,controversy
27502,topic,controversy,controversy
27509,topic,controversy,other
27510,topic,controversy,controversy
27520,topic,controversy,controversy
27530,topic,controversy,controversy
27535,topic,controversy,controversy
27537,topic,other,other
27543,topic,controversy,controversy
27545,topic,other,other
27558,topic,controversy,controversy
27562,topic,controversy,controversy
27600,topic,other,fans & atmosphere
27605,topic,controversy,controversy
27606,topic,controversy,controversy
27623,topic,other,other
27628,topic,controversy,controversy
27643,topic,fans & atmosphere,fans & atmosphere
27653,topic,controversy,controversy
27657,topic,controversy,controversy
27658,topic,other,other
27662,topic,controversy,controversy
27672,topic,other,other
27674,topic,match,match
27683,topic,other,fans & atmosphere
27688,topic,other,other
27708,topic,controversy,controversy
27720,topic,other,other
27721,topic,other,other
27730,topic,controversy,controversy
27738,topic,other,other
27742,topic,controversy,controversy
27743,topic,controversy,controversy
27746,topic,controversy,controversy
27766,topic,controversy,controversy
27787,topic,controversy,controversy
27789,topic,controversy,controversy
27793,topic,controversy,controversy
27798,topic,controversy,controversy
27801,topic,controversy,controversy
27812,topic,controversy,controversy
27820,topic,controversy,controversy
27821,topic,match,match
27852,topic,controversy,other
27855,topic,other,other
27861,topic,controversy,controversy
27865,topic,controversy,controversy
27874,topic,controversy,controversy
27875,topic,controversy,controversy
27876,topic,controversy,controversy
27902,topic,other,other
27910,topic,controversy,controversy
27913,topic,controversy,controversy
27916,topic,controversy,controversy
27917,topic,other,other
27923,topic,match,match
27925,topic,other,other
27927,topic,controversy,controversy
27929,topic,controversy,controversy
27932,topic,other,other
27946,topic,controversy,other
27953,topic,controversy,match
27955,topic,controversy,controversy
27961,topic,controversy,controversy
27964,topic,controversy,controversy
27966,topic,controversy,controversy
27975,topic,controversy,controversy
27979,topic,other,other
27981,topic,controversy,controversy
27989,topic,other,other
27991,topic,other,other
28006,topic,controversy,controversy
28013,topic,controversy,controversy
28018,topic,controversy,controversy
28033,topic,other,other
28049,topic,match,controversy
28051,topic,player & team,controversy
28056,topic,other,controversy
28069,topic,match,match
28070,topic,controversy,controversy
28073,topic,controversy,controversy
28083,topic,other,other
28088,topic,controversy,controversy
28095,topic,other,other
28102,topic,other,other
28118,topic,other,controversy
28119,topic,controversy,match
28123,topic,other,controversy
28131,topic,controversy,controversy
28135,topic,other,other
28140,topic,controversy,controversy
28141,topic,other,other
28145,topic,controversy,other
28151,topic,fans & atmosphere,fans & atmosphere
28153,topic,other,other
28168,topic,controversy,controversy
28171,topic,controversy,controversy
28177,topic,controversy,controversy
28178,topic,controversy,controversy
28189,topic,controversy,controversy
28212,topic,controversy,controversy
28223,topic,other,other
28230,topic,controversy,controversy
28233,topic,controversy,controversy
28241,topic,controversy,controversy
28248,topic,match,match
28255,topic,controversy,controversy
28260,topic,controversy,controversy
28276,topic,controversy,controversy
28277,topic,controversy,controversy
28280,topic,controversy,controversy
28285,topic,controversy,other
28287,topic,controversy,controversy
28288,topic,controversy,controversy
28311,topic,controversy,controversy
28324,topic,controversy,match
28327,topic,controversy,controversy
28329,topic,match,controversy
28337,topic,controversy,controversy
28349,topic,controversy,controversy
28350,topic,controversy,controversy
28355,topic,controversy,controversy
28385,topic,other,other
28387,topic,controversy,controversy
28398,topic,other,other
28420,topic,controversy,controversy
28423,topic,controversy,controversy
28428,topic,other,other
28432,topic,controversy,controversy
28435,topic,controversy,controversy
28440,topic,controversy,controversy
28447,topic,controversy,other
28453,topic,controversy,controversy
28454,topic,controversy,controversy
28463,topic,controversy,controversy
28464,topic,other,other
28465,topic,controversy,controversy
28474,topic,controversy,controversy
28475,topic,controversy,controversy
28490,topic,controversy,controversy
28497,topic,controversy,controversy
28503,topic,controversy,match
28510,topic,controversy,controversy
28511,topic,controversy,controversy
28567,topic,controversy,controversy
28573,topic,other,controversy
28576,topic,controversy,controversy
28606,topic,controversy,controversy
28608,topic,controversy,controversy
28623,topic,controversy,controversy
28626,topic,controversy,match
28642,topic,match,match
28658,topic,controversy,other
28674,topic,controversy,controversy
28680,topic,controversy,controversy
28681,topic,controversy,controversy
28683,topic,other,other
28689,topic,controversy,controversy
28692,topic,controversy,other
28696,topic,controversy,controversy
28705,topic,controversy,controversy
28715,topic,match,controversy
28729,topic,other,other
28741,topic,controversy,controversy
28745,topic,controversy,controversy
28759,topic,controversy,controversy
28767,topic,controversy,controversy
28769,topic,controversy,controversy
28773,topic,controversy,controversy
28780,topic,controversy,controversy
28799,topic,controversy,controversy
28822,topic,controversy,controversy
28825,topic,controversy,controversy
28826,topic,other,other
28830,topic,controversy,controversy
28839,topic,match,match
28845,topic,controversy,controversy
28857,topic,other,other
28863,topic,controversy,controversy
28865,topic,controversy,controversy
28883,topic,other,other
28895,topic,match,match
28897,topic,controversy,match
28898,topic,controversy,controversy
28904,topic,controversy,controversy
28913,topic,other,other
28918,topic,match,controversy
28925,topic,controversy,controversy
28930,topic,controversy,controversy
28931,topic,controversy,controversy
28936,topic,controversy,controversy
28938,topic,controversy,controversy
28943,topic,match,controversy
28947,topic,controversy,controversy
28978,topic,match,match
28988,topic,controversy,controversy
28989,topic,controversy,controversy
28997,topic,other,controversy
28998,topic,controversy,other
29012,topic,other,other
29017,topic,controversy,controversy
29021,topic,other,other
29025,topic,controversy,controversy
29028,topic,controversy,controversy
29033,topic,controversy,controversy
29037,topic,controversy,controversy
29058,topic,other,other
29062,topic,other,other
29065,topic,match,match
29066,topic,controversy,controversy
29068,topic,other,controversy
29072,topic,match,match
29075,topic,controversy,controversy
29077,topic,controversy,controversy
29085,topic,controversy,controversy
29089,topic,controversy,controversy
29095,topic,other,controversy
29096,topic,controversy,controversy
29100,topic,controversy,controversy
29112,topic,controversy,controversy
29113,topic,controversy,controversy
29120,topic,controversy,controversy
29132,topic,other,other
29138,topic,other,controversy
29140,topic,controversy,controversy
29142,topic,controversy,controversy
29152,topic,controversy,controversy
29153,topic,controversy,controversy
29156,topic,controversy,controversy
29160,topic,controversy,controversy
29185,topic,controversy,controversy
29197,topic,controversy,controversy
29204,topic,other,other
29222,topic,other,other
29231,topic,controversy,controversy
29238,topic,match,match
29242,topic,match,controversy
29245,topic,controversy,match
29250,topic,controversy,controversy
29254,topic,other,controversy
29266,topic,controversy,controversy
29280,topic,match,match
29281,topic,other,controversy
29288,topic,other,other
29295,topic,other,controversy
29307,topic,other,other
29310,topic,controversy,controversy
29314,topic,controversy,controversy
29315,topic,other,other
29317,topic,match,match
29321,topic,other,controversy
29323,topic,match,match
29325,topic,controversy,controversy
29326,topic,other,other
29331,topic,controversy,controversy
29336,topic,other,other
29338,topic,controversy,controversy
29341,topic,controversy,controversy
29346,topic,controversy,controversy
29353,topic,controversy,controversy
29358,topic,controversy,controversy
29361,topic,controversy,controversy
29366,topic,other,controversy
29369,topic,other,other
29373,topic,controversy,controversy
29377,topic,controversy,controversy
29378,topic,controversy,controversy
29384,topic,match,match
29405,topic,controversy,controversy
29414,topic,controversy,controversy
29418,topic,match,other
29448,topic,controversy,controversy
29451,topic,controversy,controversy
29461,topic,match,match
29474,topic,controversy,controversy
29478,topic,match,match
29480,topic,controversy,controversy
29488,topic,controversy,controversy
29489,topic,controversy,controversy
29495,topic,controversy,controversy
29496,topic,other,other
29497,topic,other,other
29505,topic,controversy,controversy
29510,topic,fans & atmosphere,controversy
29513,topic,other,other
29522,topic,controversy,controversy
29531,topic,controversy,other
29532,topic,controversy,controversy
29548,topic,other,other
29558,topic,controversy,controversy
29559,topic,controversy,controversy
29569,topic,fans & atmosphere,fans & atmosphere
29574,topic,controversy,controversy
29576,topic,controversy,controversy
29578,topic,controversy,controversy
29581,topic,controversy,controversy
29584,topic,controversy,controversy
29595,topic,controversy,controversy
29601,topic,controversy,controversy
29603,topic,controversy,controversy
29622,topic,other,other
29631,topic,controversy,controversy
29636,topic,other,other
29639,topic,other,other
29642,topic,match,match
29647,topic,other,other
29657,topic,match,match
29668,topic,controversy,controversy
29672,topic,controversy,controversy
29685,topic,match,match
29689,topic,match,match
29705,topic,controversy,controversy
29718,topic,other,controversy
29719,topic,controversy,controversy
29729,topic,controversy,controversy
29740,topic,match,match
29741,topic,match,match
29752,topic,match,controversy
29758,topic,controversy,controversy
29774,topic,other,other
29781,topic,controversy,controversy
29790,topic,controversy,controversy
29791,topic,controversy,controversy
29800,topic,controversy,controversy
29804,topic,other,controversy
29824,topic,controversy,controversy
29832,topic,controversy,controversy
29833,topic,controversy,controversy
29838,topic,other,other
29840,topic,controversy,controversy
29842,topic,controversy,controversy
29847,topic,other,controversy
29860,topic,match,controversy
29865,topic,other,other
29869,topic,controversy,controversy
29875,topic,controversy,controversy
29883,topic,other,other
29893,topic,controversy,controversy
29903,topic,controversy,match
29908,topic,other,other
29915,topic,controversy,controversy
29918,topic,controversy,controversy
29926,topic,controversy,controversy
29930,topic,controversy,controversy
29937,topic,controversy,controversy
29940,topic,controversy,controversy
29943,topic,controversy,controversy
29944,topic,controversy,controversy
29945,topic,match,match
29956,topic,controversy,controversy
29961,topic,other,event & hosting
29967,topic,controversy,controversy
29984,topic,controversy,controversy
29997,topic,controversy,controversy
30005,topic,controversy,controversy
30021,topic,controversy,controversy
30028,topic,controversy,controversy
30034,topic,fans & atmosphere,fans & atmosphere
30038,topic,other,controversy
30039,topic,controversy,controversy
30042,topic,other,other
30046,topic,controversy,other
30049,topic,player & team,other
30052,topic,other,other
30056,topic,controversy,other
30057,topic,match,other
30058,topic,match,match
30066,topic,controversy,other
30072,topic,other,other
30081,topic,fans & atmosphere,fans & atmosphere
30094,topic,match,controversy
30096,topic,match,match
30100,topic,controversy,other
30103,topic,controversy,controversy
30106,topic,other,controversy
30122,topic,match,match
30134,topic,match,other
30136,topic,controversy,controversy
30145,topic,other,other
30146,topic,controversy,controversy
30150,topic,match,match
30158,topic,controversy,controversy
30159,topic,controversy,match
30160,topic,controversy,controversy
30166,topic,other,other
30171,topic,controversy,fans & atmosphere
30186,topic,player & team,controversy
30199,topic,controversy,controversy
30207,topic,other,other
30216,topic,controversy,other
30217,topic,controversy,controversy
30224,topic,controversy,controversy
30226,topic,controversy,controversy
30234,topic,controversy,controversy
30236,topic,controversy,controversy
30242,topic,match,match
30259,topic,controversy,controversy
30270,topic,fans & atmosphere,other
30298,topic,match,controversy
30302,topic,match,match
30314,topic,player & team,match
30315,topic,other,other
30316,topic,controversy,controversy
30317,topic,match,controversy
30331,topic,controversy,controversy
30344,topic,fans & atmosphere,fans & atmosphere
30348,topic,controversy,controversy
30349,topic,controversy,controversy
30353,topic,event & hosting,fans & atmosphere
30359,topic,player & team,other
30401,topic,match,match
30403,topic,controversy,controversy
30404,topic,match,match
30408,topic,controversy,match
30409,topic,controversy,controversy
30417,topic,match,match
30418,topic,match,match
30432,topic,player & team,match
30436,topic,player & team,match
30462,topic,other,controversy
30468,topic,controversy,fans & atmosphere
30481,topic,match,match
30499,topic,other,other
30502,topic,match,player & team
30505,topic,other,fans & atmosphere
30514,topic,match,match
30528,topic,match,match
30532,topic,match,match
30533,topic,match,match
30534,topic,match,other
30537,topic,match,match
30539,topic,controversy,controversy
30544,topic,match,other
30545,topic,player & team,match
30548,topic,player & team,controversy
30557,topic,player & team,player & team
30570,topic,other,other
30571,topic,other,other
30573,topic,match,match
30579,topic,match,match
30580,topic,match,other
30605,topic,match,fans & atmosphere
30606,topic,other,other
30609,topic,player & team,player & team
30619,topic,other,other
30621,topic,match,match
30623,topic,other,other
30624,topic,controversy,other
30631,topic,match,match
30636,topic,match,match
30638,topic,match,other
30649,topic,other,other
30662,topic,match,match
30663,topic,match,match
30669,topic,other,match
30679,topic,match,match
30687,topic,player & team,player & team
30694,topic,other,other
30708,topic,fans & atmosphere,fans & atmosphere
30711,topic,player & team,other
30714,topic,other,other
30735,topic,controversy,controversy
30736,topic,player & team,fans & atmosphere
30753,topic,match,match
30759,topic,match,match
30763,topic,other,other
30770,topic,other,other
30777,topic,event & hosting,controversy
30780,topic,other,controversy
30795,topic,other,other
30800,topic,event & hosting,event & hosting
30811,topic,match,match
30814,topic,match,other
30823,topic,other,other
30832,topic,fans & atmosphere,other
30850,topic,fans & atmosphere,fans & atmosphere
30858,topic,other,other
30864,topic,other,other
30882,topic,other,other
30886,topic,match,other
30888,topic,match,match
30893,topic,match,player & team
30898,topic,player & team,player & team
30899,topic,other,other
30908,topic,fans & atmosphere,other
30920,topic,fans & atmosphere,other
30928,topic,match,other
30941,topic,fans & atmosphere,controversy
30959,topic,player & team,player & team
30965,topic,controversy,event & hosting
30977,topic,controversy,other
30980,topic,other,controversy
30986,topic,other,other
30994,topic,player & team,player & team
31002,topic,other,other
31007,topic,controversy,controversy
31024,topic,match,controversy
31026,topic,match,controversy
31042,topic,other,match
31059,topic,event & hosting,event & hosting
31065,topic,match,controversy
31069,topic,player & team,player & team
31071,topic,controversy,controversy
31095,topic,controversy,other
31113,topic,controversy,event & hosting
31115,topic,event & hosting,event & hosting
31129,topic,match,fans & atmosphere
31130,topic,controversy,fans & atmosphere
31135,topic,match,match
31152,topic,match,fans & atmosphere
31165,topic,player & team,other
31187,topic,fans & atmosphere,other
31200,topic,controversy,other
31216,topic,controversy,controversy
31228,topic,match,controversy
31232,topic,event & hosting,other
31236,topic,event & hosting,player & team
31249,topic,controversy,other
31269,topic,other,other
31272,topic,player & team,player & team
31274,topic,controversy,controversy
31290,topic,controversy,controversy
31294,topic,match,other
31301,topic,event & hosting,other
31318,topic,match,fans & atmosphere
31321,topic,player & team,player & team
31325,topic,event & hosting,event & hosting
31328,topic,match,fans & atmosphere
31329,topic,other,other
31334,topic,event & hosting,other
31348,topic,match,match
31353,topic,controversy,controversy
31361,topic,controversy,controversy
31362,topic,controversy,controversy
31376,topic,match,fans & atmosphere
31394,topic,player & team,controversy
31404,topic,controversy,controversy
31412,topic,match,fans & atmosphere
31426,topic,match,match
31440,topic,controversy,controversy
31441,topic,match,match
31464,topic,other,other
31468,topic,match,match
31472,topic,controversy,controversy
31473,topic,controversy,controversy
31481,topic,match,match
31514,topic,match,fans & atmosphere
31526,topic,match,other
31529,topic,controversy,controversy
31535,topic,controversy,controversy
31545,topic,controversy,controversy
31554,topic,other,fans & atmosphere
31562,topic,match,match
31572,topic,controversy,controversy
31593,topic,player & team,controversy
31598,topic,controversy,controversy
31603,topic,match,match
31607,topic,match,match
31614,topic,player & team,player & team
31647,topic,match,event & hosting
31672,topic,match,match
31674,topic,match,match
31687,topic,player & team,player & team
31705,topic,other,other
31707,topic,match,match
31718,topic,match,fans & atmosphere
31727,topic,match,match
31729,topic,match,fans & atmosphere
31744,topic,fans & atmosphere,fans & atmosphere
31756,topic,match,fans & atmosphere
31773,topic,player & team,controversy
31774,topic,match,event & hosting
31777,topic,controversy,controversy
31822,topic,player & team,player & team
31829,topic,controversy,controversy
31832,topic,controversy,controversy
31836,topic,player & team,player & team
31843,topic,other,other
31846,topic,player & team,event & hosting
31851,topic,match,event & hosting
31864,topic,match,match
31869,topic,fans & atmosphere,other
31870,topic,controversy,controversy
31907,topic,match,other
31909,topic,other,other
31911,topic,other,other
31935,topic,match,match
31937,topic,other,other
31942,topic,match,fans & atmosphere
31947,topic,match,event & hosting
31948,topic,other,other
31950,topic,match,match
31961,topic,player & team,player & team
31979,topic,player & team,fans & atmosphere
31999,topic,player & team,player & team
32001,topic,match,player & team
32004,topic,other,other
32011,topic,fans & atmosphere,other
32013,topic,match,match
32024,topic,controversy,event & hosting
32048,topic,player & team,fans & atmosphere
32055,topic,event & hosting,fans & atmosphere
32063,topic,player & team,player & team
32073,topic,other,other
32087,topic,player & team,controversy
32089,topic,controversy,other
32112,topic,fans & atmosphere,other
32114,topic,other,other
32140,topic,other,other
32147,topic,player & team,player & team
32153,topic,controversy,controversy
32168,topic,match,event & hosting
32171,topic,other,other
32173,topic,match,event & hosting
32186,topic,match,other
32193,topic,controversy,controversy
32196,topic,player & team,player & team
32207,topic,player & team,player & team
32209,topic,player & team,player & team
32228,topic,fans & atmosphere,fans & atmosphere
32240,topic,controversy,player & team
32245,topic,match,event & hosting
32246,topic,other,other
32252,topic,other,other
32261,topic,player & team,player & team
32267,topic,other,other
32293,topic,player & team,player & team
32308,topic,player & team,player & team
32320,topic,player & team,player & team
32330,topic,match,event & hosting
32338,topic,player & team,player & team
32373,topic,other,other
32401,topic,player & team,match
32404,topic,match,event & hosting
32414,topic,player & team,player & team
32423,topic,player & team,player & team
32432,topic,player & team,player & team
32435,topic,controversy,controversy
32439,topic,match,controversy
32445,topic,match,other
32449,topic,match,match
32456,topic,other,other
32475,topic,other,other
32544,topic,player & team,player & team
32546,topic,match,other
32554,topic,player & team,event & hosting
32562,topic,player & team,player & team
32580,topic,fans & atmosphere,fans & atmosphere
32586,topic,match,fans & atmosphere
32594,topic,other,other
32596,topic,match,event & hosting
32601,topic,player & team,player & team
32609,topic,match,other
32631,topic,player & team,player & team
32634,topic,player & team,player & team
32636,topic,controversy,controversy
32698,topic,player & team,player & team
32707,topic,match,match
32721,topic,match,controversy
32730,topic,player & team,player & team
32746,topic,other,other
32764,topic,other,other
32773,topic,player & team,fans & atmosphere
32775,topic,player & team,player & team
32783,topic,player & team,player & team
32789,topic,match,other
32790,topic,player & team,player & team
32796,topic,other,other
32799,topic,other,player & team
32806,topic,player & team,player & team
32809,topic,player & team,player & team
32816,topic,player & team,player & team
32826,topic,player & team,player & team
32851,topic,other,other
32857,topic,other,other
32866,topic,match,match
32895,topic,player & team,player & team
32901,topic,player & team,player & team
32902,topic,player & team,player & team
32924,topic,player & team,player & team
32925,topic,match,event & hosting
32926,topic,fans & atmosphere,fans & atmosphere
32932,topic,fans & atmosphere,fans & atmosphere
32943,topic,player & team,player & team
32949,topic,event & hosting,other
32951,topic,match,other
32958,topic,other,other
32969,topic,match,match
32992,topic,match,player & team
33014,topic,match,controversy
33024,topic,player & team,player & team
33058,topic,other,other
33067,topic,match,match
33076,topic,player & team,player & team
33077,topic,other,other
33096,topic,match,other
33101,topic,other,other
33104,topic,other,other
33108,topic,player & team,player & team
33109,topic,player & team,player & team
33111,topic,controversy,player & team
33115,topic,player & team,other
33116,topic,player & team,player & team
33119,topic,player & team,match
33139,topic,player & team,other
33145,topic,player & team,player & team
33180,topic,fans & atmosphere,event & hosting
33185,topic,match,match
33220,topic,match,match
33232,topic,other,event & hosting
33261,topic,other,other
33277,topic,match,match
33282,topic,player & team,player & team
33288,topic,event & hosting,event & hosting
33294,topic,match,match
33296,topic,match,match
33328,topic,event & hosting,event & hosting
33332,topic,match,match
33337,topic,match,match
33339,topic,match,match
33349,topic,other,other
33370,topic,match,match
33373,topic,player & team,match
33377,topic,match,fans & atmosphere
33385,topic,match,match
33388,topic,match,match
33390,topic,match,match
33431,topic,player & team,other
33439,topic,player & team,match
33454,topic,controversy,controversy
33459,topic,match,match
33490,topic,other,other
33491,topic,other,other
33495,topic,match,match
33496,topic,match,match
33504,topic,match,match
33534,topic,match,other
33558,topic,player & team,player & team
33569,topic,other,fans & atmosphere
33573,topic,fans & atmosphere,fans & atmosphere
33578,topic,match,other
33601,topic,other,other
33611,topic,event & hosting,match
33636,topic,match,match
33637,topic,player & team,match
33670,topic,match,match
33694,topic,other,other
33713,topic,other,other
33725,topic,other,other
33730,topic,other,other
33731,topic,fans & atmosphere,other
33733,topic,match,match
33736,topic,other,other
33737,topic,player & team,player & team
33744,topic,controversy,controversy
33748,topic,other,other
33756,topic,other,event & hosting
33786,topic,match,match
33788,topic,player & team,match
33791,topic,match,match
33795,topic,fans & atmosphere,fans & atmosphere
33812,topic,match,match
33823,topic,event & hosting,other
33824,topic,other,other
33832,topic,player & team,player & team
33833,topic,match,match
33862,topic,player & team,match
33887,topic,player & team,match
33903,topic,other,other
33917,topic,match,match
33921,topic,event & hosting,event & hosting
33926,topic,other,other
33956,topic,player & team,player & team
33959,topic,match,fans & atmosphere
33967,topic,fans & atmosphere,event & hosting
33969,topic,other,other
33970,topic,event & hosting,fans & atmosphere
33978,topic,other,match
33982,topic,other,other
33985,topic,fans & atmosphere,fans & atmosphere
34004,topic,event & hosting,event & hosting
34009,topic,controversy,other
34039,topic,match,match
34058,topic,match,event & hosting
34064,topic,match,match
34099,topic,match,match
34102,topic,match,fans & atmosphere
34105,topic,match,event & hosting
34107,topic,match,match
34114,topic,other,other
34120,topic,match,event & hosting
34130,topic,match,other
34167,topic,fans & atmosphere,fans & atmosphere
34171,topic,fans & atmosphere,fans & atmosphere
34183,topic,controversy,match
34185,topic,player & team,player & team
34197,topic,match,match
34218,topic,match,other
34219,topic,player & team,player & team
34236,topic,match,other
34269,topic,match,match
34272,topic,other,player & team
34306,topic,match,player & team
34307,topic,other,player & team
34308,topic,match,match
34316,topic,other,controversy
34323,topic,fans & atmosphere,fans & atmosphere
34325,topic,fans & atmosphere,fans & atmosphere
34326,topic,match,match
34335,topic,match,other
34362,topic,match,match
34439,topic,fans & atmosphere,fans & atmosphere
34450,topic,other,other
34459,topic,player & team,player & team
34468,topic,player & team,player & team
34482,topic,match,match
34535,topic,match,match
34575,topic,player & team,player & team
34584,topic,controversy,controversy
34601,topic,player & team,player & team
34625,topic,match,match
34633,topic,match,match
34653,topic,player & team,player & team
34665,topic,match,fans & atmosphere
34666,topic,player & team,player & team
34671,topic,player & team,player & team
34714,topic,match,player & team
34740,topic,match,match
34757,topic,player & team,fans & atmosphere
34765,topic,match,match
34770,topic,match,player & team
34778,topic,match,player & team
34812,topic,player & team,player & team
34831,topic,match,match
34836,topic,other,other
34842,topic,match,match
34852,topic,match,match
34860,topic,other,player & team
34893,topic,controversy,controversy
34899,topic,player & team,player & team
34907,topic,match,player & team
34923,topic,match,player & team
34928,topic,other,other
34942,topic,match,match
34961,topic,player & team,player & team
34966,topic,controversy,controversy
34996,topic,player & team,player & team
35015,topic,player & team,player & team
35031,topic,player & team,player & team
35079,topic,match,match
35095,topic,match,match
35136,topic,match,player & team
35184,topic,match,match
35214,topic,controversy,controversy
35216,topic,player & team,player & team
35232,topic,controversy,controversy
35234,topic,match,player & team
35263,topic,match,match
35264,topic,player & team,player & team
35321,topic,match,event & hosting
35359,topic,other,other
35396,topic,other,fans & atmosphere
35445,topic,player & team,player & team
35450,topic,match,match
35499,topic,match,other
35576,topic,player & team,player & team
35624,topic,other,event & hosting
35631,topic,fans & atmosphere,fans & atmosphere
35668,topic,player & team,player & team
35673,topic,fans & atmosphere,fans & atmosphere
35689,topic,other,other
35691,topic,other,event & hosting
35701,topic,other,other
35702,topic,match,match
35704,topic,match,other
35732,topic,match,other
35756,topic,match,match
35861,topic,other,match
35887,topic,fans & atmosphere,fans & atmosphere
35912,topic,player & team,player & team
35953,topic,match,match
35963,topic,controversy,match
35967,topic,match,event & hosting
36022,topic,match,match
36030,topic,player & team,fans & atmosphere
36086,topic,match,fans & atmosphere
36119,topic,match,match
36135,topic,player & team,player & team
36140,topic,match,match
36211,topic,match,other
36250,topic,other,match
36272,topic,controversy,controversy
36288,topic,match,match
36289,topic,controversy,fans & atmosphere
36313,topic,fans & atmosphere,fans & atmosphere
36352,topic,controversy,controversy
36377,topic,other,other
36384,topic,other,other
36403,topic,match,match
36437,topic,other,other
36454,topic,match,match
36465,topic,player & team,player & team
36490,topic,match,match
36498,topic,match,match
36522,topic,match,match
36550,topic,player & team,player & team
36562,topic,other,other
36570,topic,match,other
36591,topic,player & team,player & team
36596,topic,controversy,controversy
36599,topic,player & team,player & team
36638,topic,other,other
36642,topic,match,match
36660,topic,match,match
36667,topic,match,match
36684,topic,controversy,controversy
36686,topic,other,player & team
36687,topic,match,event & hosting
36688,topic,match,controversy
36712,topic,match,other
36714,topic,fans & atmosphere,fans & atmosphere
36723,topic,other,match
36731,topic,other,fans & atmosphere
36756,topic,match,match
36778,topic,match,controversy
36785,topic,other,other
36787,topic,player & team,player & team
36796,topic,match,match
36803,topic,match,other
36823,topic,other,other
36836,topic,match,match
36891,topic,match,match
36892,topic,other,other
36916,topic,fans & atmosphere,fans & atmosphere
36921,topic,match,event & hosting
36934,topic,other,event & hosting
36954,topic,player & team,match
36977,topic,match,match
36979,topic,event & hosting,fans & atmosphere
36981,topic,player & team,player & team
37034,topic,player & team,player & team
37042,topic,match,match
37061,topic,match,match
37091,topic,fans & atmosphere,other
37099,topic,match,match
37100,topic,other,other
37105,topic,event & hosting,event & hosting
37116,topic,fans & atmosphere,fans & atmosphere
37118,topic,match,player & team
37120,topic,player & team,player & team
37141,topic,other,controversy
37154,topic,player & team,player & team
37209,topic,match,match
37223,topic,match,match
37226,topic,match,other
37233,topic,other,other
37242,topic,controversy,controversy
37266,topic,other,match
37275,topic,match,match
37278,topic,match,match
37280,topic,match,match
37285,topic,player & team,controversy
37292,topic,match,match
37312,topic,match,match
37317,topic,player & team,player & team
37318,topic,other,fans & atmosphere
37324,topic,controversy,controversy
37344,topic,other,other
37362,topic,match,match
37377,topic,match,match
37395,topic,other,other
37403,topic,player & team,player & team
37440,topic,other,other
37488,topic,fans & atmosphere,other
37489,topic,controversy,controversy
37491,topic,match,match
37492,topic,match,fans & atmosphere
37506,topic,match,match
37518,topic,match,fans & atmosphere
37528,topic,match,match
37531,topic,other,other
37539,topic,other,fans & atmosphere
37561,topic,fans & atmosphere,fans & atmosphere
37564,topic,match,match
37582,topic,other,match
37589,topic,fans & atmosphere,fans & atmosphere
37606,topic,player & team,match
37617,topic,player & team,player & team
37634,topic,match,match
37639,topic,match,match
37651,topic,match,match
37662,topic,player & team,player & team
37674,topic,other,fans & atmosphere
37678,topic,other,other
37685,topic,other,other
37690,topic,other,other
37716,topic,match,event & hosting
37726,topic,player & team,player & team
37728,topic,player & team,player & team
37732,topic,match,event & hosting
37747,topic,player & team,player & team
37789,topic,other,event & hosting
37794,topic,other,event & hosting
37843,topic,player & team,player & team
37852,topic,match,match
37853,topic,match,match
37891,topic,other,other
37894,topic,match,fans & atmosphere
37902,topic,match,match
37915,topic,match,match
37917,topic,other,other
37921,topic,match,event & hosting
37938,topic,match,match
37944,topic,player & team,player & team
37957,topic,match,event & hosting
37959,topic,match,event & hosting
37964,topic,other,other
37978,topic,other,fans & atmosphere
37981,topic,event & hosting,event & hosting
37983,topic,match,match
38002,topic,fans & atmosphere,other
38006,topic,other,other
38020,topic,player & team,player & team
38025,topic,match,other
38058,topic,match,match
38077,topic,controversy,controversy
38099,topic,match,other
38103,topic,player & team,player & team
38122,topic,match,match
38130,topic,event & hosting,event & hosting
38144,topic,fans & atmosphere,fans & atmosphere
38158,topic,match,match
38175,topic,match,match
38177,topic,player & team,player & team
38217,topic,match,match
38223,topic,other,other
38248,topic,controversy,controversy
38255,topic,other,other
38263,topic,match,match
38271,topic,match,match
38301,topic,match,fans & atmosphere
38302,topic,match,match
38316,topic,controversy,controversy
38347,topic,player & team,player & team
38366,topic,match,match
38387,topic,match,match
38391,topic,player & team,player & team
38396,topic,player & team,player & team
38397,topic,other,match
38401,topic,match,event & hosting
38427,topic,player & team,player & team
38428,topic,other,other
38434,topic,match,event & hosting
38437,topic,other,other
38442,topic,other,player & team
38457,topic,other,other
38472,topic,controversy,player & team
38486,topic,player & team,player & team
38491,topic,player & team,player & team
38534,topic,match,player & team
38537,topic,player & team,player & team
38552,topic,match,match
38553,topic,other,fans & atmosphere
38556,topic,player & team,player & team
38562,topic,player & team,player & team
38573,topic,other,other
38601,topic,player & team,player & team
38622,topic,other,match
38627,topic,match,match
38635,topic,other,other
38639,topic,other,match
38647,topic,player & team,player & team
38651,topic,player & team,player & team
38656,topic,other,other
38707,topic,match,match
38711,topic,player & team,match
38715,topic,player & team,player & team
38725,topic,match,match
38726,topic,player & team,match
38754,topic,player & team,player & team
38800,topic,other,other
38803,topic,player & team,player & team
38815,topic,fans & atmosphere,fans & atmosphere
38816,topic,player & team,player & team
38825,topic,player & team,player & team
38831,topic,player & team,player & team
38834,topic,match,other
38851,topic,player & team,player & team
38852,topic,player & team,player & team
38868,topic,player & team,player & team
38881,topic,player & team,player & team
38886,topic,player & team,player & team
38890,topic,player & team,player & team
38897,topic,controversy,player & team
38938,topic,player & team,player & team
38970,topic,player & team,player & team
38972,topic,player & team,player & team
38975,topic,player & team,event & hosting
38985,topic,player & team,player & team
38991,topic,player & team,other
38998,topic,match,match
39005,topic,player & team,player & team
39007,topic,match,fans & atmosphere
39013,topic,player & team,player & team
39078,topic,player & team,player & team
39095,topic,player & team,player & team
39109,topic,controversy,controversy
39111,topic,player & team,player & team
39182,topic,match,match
39191,topic,fans & atmosphere,fans & atmosphere
39196,topic,controversy,controversy
39199,topic,other,other
39211,topic,controversy,player & team
39233,topic,controversy,controversy
39244,topic,player & team,player & team
39253,topic,match,match
39277,topic,player & team,player & team
39301,topic,match,match
39303,topic,player & team,player & team
39304,topic,player & team,player & team
39312,topic,fans & atmosphere,fans & atmosphere
39315,topic,fans & atmosphere,fans & atmosphere
39316,topic,match,fans & atmosphere
39324,topic,player & team,player & team
39332,topic,match,player & team
39336,topic,match,fans & atmosphere
39337,topic,player & team,player & team
39358,topic,match,match
39363,topic,other,other
39382,topic,player & team,player & team
39391,topic,match,event & hosting
39446,topic,player & team,player & team
39460,topic,player & team,player & team
39469,topic,match,match
39472,topic,match,match
39480,topic,match,match
39481,topic,player & team,player & team
39490,topic,player & team,player & team
39499,topic,player & team,player & team
39503,topic,player & team,player & team
39513,topic,other,other
39529,topic,other,other
39532,topic,match,match
39536,topic,match,match
39547,topic,match,match
39593,topic,player & team,player & team
39601,topic,player & team,player & team
39609,topic,player & team,player & team
39610,topic,other,other
39620,topic,match,match
39627,topic,match,match
39631,topic,match,match
39641,topic,player & team,player & team
39646,topic,match,match
39657,topic,match,match
39673,topic,player & team,player & team
39714,topic,other,other
39740,topic,match,match
39821,topic,match,match
39827,topic,fans & atmosphere,fans & atmosphere
39869,topic,match,match
39936,topic,match,event & hosting
39991,topic,player & team,player & team
40020,topic,player & team,player & team
40042,topic,player & team,player & team
40043,topic,match,player & team
40044,topic,match,match
40056,topic,event & hosting,event & hosting
40066,topic,match,match
40087,topic,player & team,player & team
40102,topic,player & team,player & team
40122,topic,fans & atmosphere,fans & atmosphere
40163,topic,fans & atmosphere,fans & atmosphere
40166,topic,player & team,player & team
40170,topic,match,match
40208,topic,controversy,event & hosting
40214,topic,other,other
40225,topic,match,match
40247,topic,match,other
40269,topic,fans & atmosphere,match
40270,topic,match,player & team
40276,topic,match,match
40279,topic,player & team,player & team
40303,topic,match,other
40313,topic,match,match
40319,topic,match,match
40352,topic,controversy,controversy
40401,topic,player & team,player & team
40429,topic,match,match
40438,topic,match,match
40464,topic,match,fans & atmosphere
40465,topic,match,match
40504,topic,match,match
40506,topic,player & team,player & team
40557,topic,fans & atmosphere,fans & atmosphere
40606,topic,other,other
40621,topic,match,fans & atmosphere
40624,topic,match,match
40625,topic,player & team,player & team
40639,topic,player & team,player & team
40640,topic,player & team,player & team
40660,topic,match,match
40667,topic,match,match
40696,topic,match,match
40713,topic,match,fans & atmosphere
40724,topic,match,match
40728,topic,match,match
40730,topic,match,match
40749,topic,match,match
40766,topic,match,other
40775,topic,match,match
40810,topic,match,match
40823,topic,match,other
40832,topic,match,match
40847,topic,player & team,player & team
40876,topic,match,match
40883,topic,match,match
40937,topic,controversy,controversy
40950,topic,match,fans & atmosphere
40963,topic,player & team,player & team
40968,topic,match,fans & atmosphere
41011,topic,controversy,controversy
41015,topic,player & team,player & team
41018,topic,match,match
41049,topic,other,other
41050,topic,match,match
41053,topic,player & team,player & team
41068,topic,fans & atmosphere,other
